code,swiss-ai/Apertus-v1.1-4B_max,swiss-ai/Apertus-v1.1-4B_mean,avg
pis_Latn,0.0194,0.005,0.0194
old_Latn,0.0097,0.0008,0.0097
sgb_Latn,0.0097,0.0039,0.0097
cwe_Latn,0.0097,0.0035,0.0097
dwr_Latn,0.0097,0.0012,0.0097
sbl_Latn,0.0,0.0,0.0
bhp_Latn,0.0097,0.0012,0.0097
emi_Latn,0.0097,0.0023,0.0097
cbu_Latn,0.0,0.0,0.0
cab_Latn,0.0097,0.0004,0.0097
sxn_Latn,0.0097,0.0004,0.0097
shp_Latn,0.0097,0.0027,0.0097
kki_Latn,0.0194,0.0035,0.0194
kng_Latn,0.0097,0.0004,0.0097
mbl_Latn,0.0097,0.0023,0.0097
lif_Limb,0.0,0.0,0.0
eve_Cyrl,0.0097,0.0008,0.0097
lhi_Latn,0.0,0.0,0.0
azz_Latn,0.0097,0.0027,0.0097
aym_Latn,0.0097,0.0027,0.0097
msm_Latn,0.0194,0.0035,0.0194
pag_Latn,0.0194,0.0082,0.0194
gdg_Latn,0.0097,0.0023,0.0097
otn_Latn,0.0097,0.0004,0.0097
yml_Latn,0.0097,0.0004,0.0097
kia_Latn,0.0194,0.0027,0.0194
zpt_Latn,0.0097,0.0039,0.0097
mej_Latn,0.0097,0.0016,0.0097
gai_Latn,0.0097,0.0004,0.0097
wap_Latn,0.0097,0.0004,0.0097
inb_Latn,0.0097,0.0031,0.0097
zia_Latn,0.0,0.0,0.0
tuc_Latn,0.0097,0.0019,0.0097
ksc_Latn,0.0194,0.0054,0.0194
ded_Latn,0.0097,0.0004,0.0097
fry_Latn,0.2718,0.0769,0.2718
adi_Latn,0.0097,0.0008,0.0097
cpc_Latn,0.0194,0.0027,0.0194
mio_Latn,0.0097,0.0004,0.0097
roo_Latn,0.0,0.0,0.0
iry_Latn,0.0097,0.0031,0.0097
bov_Latn,0.0097,0.0004,0.0097
ndi_Latn,0.0,0.0,0.0
arn_Latn,0.0097,0.0019,0.0097
ces_Latn,0.8932,0.4528,0.8932
tsz_Latn,0.0194,0.0016,0.0194
tpm_Latn,0.0,0.0,0.0
cbt_Latn,0.0,0.0,0.0
cac_Latn,0.0097,0.0027,0.0097
qup_Latn,0.0097,0.0016,0.0097
kbc_Latn,0.0097,0.0012,0.0097
tbz_Latn,0.0,0.0,0.0
acn_Latn,0.0097,0.0027,0.0097
lac_Latn,0.0097,0.0035,0.0097
pir_Latn,0.0,0.0,0.0
gug_Latn,0.0194,0.0066,0.0194
knf_Latn,0.0,0.0,0.0
maz_Latn,0.0097,0.0027,0.0097
jam_Latn,0.0777,0.0136,0.0777
zat_Latn,0.0097,0.0019,0.0097
tyv_Cyrl,0.0291,0.0047,0.0291
mtj_Latn,0.0097,0.0008,0.0097
uvl_Latn,0.0097,0.0012,0.0097
uig_Arab,0.0291,0.007,0.0291
zpu_Latn,0.0097,0.0031,0.0097
gah_Latn,0.0097,0.0008,0.0097
hra_Latn,0.0097,0.0039,0.0097
tiy_Latn,0.0097,0.0012,0.0097
mcr_Latn,0.0,0.0,0.0
bak_Cyrl,0.1553,0.0377,0.1553
cly_Latn,0.0097,0.0047,0.0097
con_Latn,0.0194,0.0043,0.0194
lif_Deva,0.0,0.0,0.0
wnc_Latn,0.0097,0.0004,0.0097
cul_Latn,0.0097,0.0004,0.0097
min_Latn,0.0583,0.0148,0.0583
ron_Latn,0.835,0.405,0.835
adh_Latn,0.0097,0.0031,0.0097
ita_Latn,0.9126,0.553,0.9126
cpb_Latn,0.0194,0.0027,0.0194
nbq_Latn,0.0097,0.0019,0.0097
ksb_Latn,0.0097,0.0023,0.0097
naf_Latn,0.0,0.0,0.0
kmr_Latn,0.1262,0.0276,0.1262
mdy_Ethi,0.0097,0.0008,0.0097
kir_Cyrl,0.2427,0.0509,0.2427
kne_Latn,0.0194,0.0066,0.0194
ayo_Latn,0.0,0.0,0.0
gvs_Latn,0.0,0.0,0.0
gud_Latn,0.0,0.0,0.0
pcm_Latn,0.1845,0.0551,0.1845
cme_Latn,0.0097,0.0019,0.0097
mti_Latn,0.0194,0.0027,0.0194
niq_Latn,0.0097,0.0027,0.0097
chk_Latn,0.0097,0.0016,0.0097
zaw_Latn,0.0097,0.0039,0.0097
nyo_Latn,0.0,0.0,0.0
mnk_Latn,0.0097,0.0004,0.0097
twi_Latn,0.0194,0.0043,0.0194
gya_Latn,0.0097,0.0004,0.0097
poh_Latn,0.0194,0.0023,0.0194
srp_Latn,0.7476,0.3344,0.7476
gof_Latn,0.0,0.0,0.0
hin_Deva,0.7184,0.2555,0.7184
pes_Arab,0.7184,0.2567,0.7184
isd_Latn,0.0194,0.0074,0.0194
tby_Latn,0.0097,0.0031,0.0097
ctp_Latn,0.0097,0.0008,0.0097
nwb_Latn,0.0,0.0,0.0
seh_Latn,0.0097,0.0039,0.0097
sah_Cyrl,0.0291,0.007,0.0291
ntu_Latn,0.0,0.0,0.0
wmw_Latn,0.0291,0.0066,0.0291
zlm_Latn,0.7961,0.3755,0.7961
arl_Latn,0.0,0.0,0.0
awb_Latn,0.0,0.0,0.0
bim_Latn,0.0097,0.0004,0.0097
ojb_Cans,0.0,0.0,0.0
luo_Latn,0.0097,0.0027,0.0097
tel_Telu,0.3107,0.0812,0.3107
cpa_Latn,0.0097,0.0027,0.0097
bzd_Latn,0.0097,0.0016,0.0097
far_Latn,0.0097,0.0004,0.0097
lom_Latn,0.0,0.0,0.0
toc_Latn,0.0,0.0,0.0
ptu_Latn,0.0097,0.0035,0.0097
zpv_Latn,0.0097,0.0008,0.0097
sim_Latn,0.0097,0.0008,0.0097
mva_Latn,0.0,0.0,0.0
war_Latn,0.0971,0.0183,0.0971
usa_Latn,0.0097,0.0004,0.0097
hak_Latn,0.0097,0.0004,0.0097
nnw_Latn,0.0097,0.0004,0.0097
upv_Latn,0.0,0.0,0.0
mpx_Latn,0.0097,0.0008,0.0097
mcq_Latn,0.0,0.0,0.0
epo_Latn,0.6214,0.2287,0.6214
lit_Latn,0.6505,0.2517,0.6505
gde_Latn,0.0097,0.0004,0.0097
sot_Latn,0.0194,0.0082,0.0194
nyn_Latn,0.0194,0.0039,0.0194
aoi_Latn,0.0,0.0,0.0
kkj_Latn,0.0,0.0,0.0
guk_Ethi,0.0,0.0,0.0
zav_Latn,0.0097,0.0004,0.0097
mai_Deva,0.0971,0.0198,0.0971
kms_Latn,0.0097,0.0004,0.0097
bth_Latn,0.0291,0.0105,0.0291
gog_Latn,0.0097,0.0027,0.0097
ape_Latn,0.0097,0.0004,0.0097
bnj_Latn,0.0,0.0,0.0
srq_Latn,0.0097,0.0023,0.0097
bkd_Latn,0.0097,0.0031,0.0097
caa_Latn,0.0097,0.0012,0.0097
poi_Latn,0.0097,0.0023,0.0097
cbv_Latn,0.0097,0.0012,0.0097
ncl_Latn,0.0097,0.0019,0.0097
ifu_Latn,0.0097,0.0016,0.0097
aeu_Latn,0.0097,0.0004,0.0097
qve_Latn,0.0097,0.0012,0.0097
pan_Guru,0.1942,0.047,0.1942
adj_Latn,0.0097,0.0004,0.0097
byr_Latn,0.0,0.0,0.0
pma_Latn,0.0,0.0,0.0
att_Latn,0.0097,0.0039,0.0097
hmo_Latn,0.0,0.0,0.0
spy_Latn,0.0,0.0,0.0
ndj_Latn,0.0097,0.0027,0.0097
kvn_Latn,0.0097,0.0023,0.0097
mil_Latn,0.0,0.0,0.0
otm_Latn,0.0097,0.0008,0.0097
mcp_Latn,0.0,0.0,0.0
qxh_Latn,0.0097,0.0023,0.0097
pad_Latn,0.0097,0.0004,0.0097
nma_Latn,0.0097,0.0008,0.0097
run_Latn,0.0291,0.0074,0.0291
nho_Latn,0.0097,0.0039,0.0097
efi_Latn,0.0194,0.0027,0.0194
tob_Latn,0.0097,0.0019,0.0097
lol_Latn,0.0194,0.0039,0.0194
anv_Latn,0.0,0.0,0.0
bsn_Latn,0.0097,0.0004,0.0097
sil_Latn,0.0,0.0,0.0
lew_Latn,0.0194,0.0027,0.0194
iws_Latn,0.0,0.0,0.0
mor_Latn,0.0,0.0,0.0
mle_Latn,0.0,0.0,0.0
pmf_Latn,0.0097,0.0019,0.0097
tpi_Latn,0.0388,0.0109,0.0388
cui_Latn,0.0,0.0,0.0
abt_Latn,0.0,0.0,0.0
yam_Latn,0.0,0.0,0.0
qxo_Latn,0.0097,0.0031,0.0097
amh_Ethi,0.0097,0.0004,0.0097
nmf_Latn,0.0291,0.0023,0.0291
cok_Latn,0.0,0.0,0.0
nnq_Latn,0.0,0.0,0.0
djr_Latn,0.0,0.0,0.0
bcw_Latn,0.0097,0.0004,0.0097
szb_Latn,0.0097,0.0008,0.0097
tir_Ethi,0.0,0.0,0.0
mfy_Latn,0.0097,0.0031,0.0097
amf_Latn,0.0097,0.0019,0.0097
gam_Latn,0.0,0.0,0.0
men_Latn,0.0097,0.0008,0.0097
khz_Latn,0.0097,0.0004,0.0097
hub_Latn,0.0097,0.0012,0.0097
aly_Latn,0.0097,0.0012,0.0097
aon_Latn,0.0,0.0,0.0
ewo_Latn,0.0388,0.005,0.0388
rro_Latn,0.0194,0.0043,0.0194
jra_Latn,0.0,0.0,0.0
pfe_Latn,0.0097,0.0004,0.0097
mto_Latn,0.0097,0.0004,0.0097
gub_Latn,0.0,0.0,0.0
pck_Latn,0.0097,0.0035,0.0097
cnt_Latn,0.0097,0.0008,0.0097
xsb_Latn,0.0097,0.0016,0.0097
gfk_Latn,0.0194,0.0027,0.0194
lhm_Latn,0.0,0.0,0.0
mbh_Latn,0.0,0.0,0.0
rmc_Latn,0.0194,0.0066,0.0194
apb_Latn,0.0,0.0,0.0
kqo_Latn,0.0,0.0,0.0
san_Deva,0.0291,0.0062,0.0291
pon_Latn,0.0097,0.0004,0.0097
caf_Latn,0.0097,0.0019,0.0097
aer_Latn,0.0194,0.0008,0.0194
gjn_Latn,0.0,0.0,0.0
nsu_Latn,0.0097,0.0031,0.0097
kaq_Latn,0.0097,0.0008,0.0097
kaa_Cyrl,0.1456,0.0381,0.1456
tca_Latn,0.0,0.0,0.0
ntr_Latn,0.0,0.0,0.0
yal_Latn,0.0,0.0,0.0
yre_Latn,0.0,0.0,0.0
nbu_Latn,0.0,0.0,0.0
cco_Latn,0.0097,0.0019,0.0097
tuf_Latn,0.0097,0.0039,0.0097
ksf_Latn,0.0,0.0,0.0
mos_Latn,0.0,0.0,0.0
gkp_Latn,0.0,0.0,0.0
adl_Latn,0.0097,0.0004,0.0097
zpq_Latn,0.0097,0.0019,0.0097
kjs_Latn,0.0097,0.0004,0.0097
grt_Beng,0.0,0.0,0.0
cym_Latn,0.3107,0.0847,0.3107
uvh_Latn,0.0,0.0,0.0
nhi_Latn,0.0194,0.0019,0.0194
gqr_Latn,0.0,0.0,0.0
beo_Latn,0.0,0.0,0.0
pab_Latn,0.0097,0.0019,0.0097
nnp_Latn,0.0097,0.0012,0.0097
prk_Latn,0.0,0.0,0.0
qxn_Latn,0.0194,0.005,0.0194
sld_Latn,0.0,0.0,0.0
tku_Latn,0.0097,0.0004,0.0097
mbi_Latn,0.0,0.0,0.0
xsr_Deva,0.0097,0.0019,0.0097
guc_Latn,0.0097,0.0012,0.0097
mrw_Latn,0.0097,0.0016,0.0097
ilo_Latn,0.0291,0.0101,0.0291
shu_Latn,0.0097,0.0012,0.0097
xed_Latn,0.0097,0.0004,0.0097
qvc_Latn,0.0,0.0,0.0
dww_Latn,0.0097,0.0008,0.0097
crn_Latn,0.0097,0.0004,0.0097
ldi_Latn,0.0194,0.0016,0.0194
nst_Latn,0.0097,0.0031,0.0097
tgp_Latn,0.0291,0.0085,0.0291
dgi_Latn,0.0,0.0,0.0
ncj_Latn,0.0194,0.0031,0.0194
cag_Latn,0.0097,0.005,0.0097
hix_Latn,0.0,0.0,0.0
stn_Latn,0.0097,0.0012,0.0097
glv_Latn,0.0097,0.0039,0.0097
mur_Latn,0.0,0.0,0.0
obo_Latn,0.0194,0.0019,0.0194
ind_Latn,0.8932,0.5002,0.8932
ory_Orya,0.0194,0.0012,0.0194
lip_Latn,0.0,0.0,0.0
mcu_Latn,0.0097,0.0008,0.0097
xav_Latn,0.0,0.0,0.0
sop_Latn,0.0194,0.0008,0.0194
msk_Latn,0.0291,0.0047,0.0291
dig_Latn,0.0194,0.007,0.0194
iba_Latn,0.068,0.019,0.068
sur_Latn,0.0,0.0,0.0
ndo_Latn,0.0097,0.0019,0.0097
kff_Telu,0.0,0.0,0.0
yao_Latn,0.0097,0.0008,0.0097
cuk_Latn,0.0097,0.0023,0.0097
uig_Latn,0.0194,0.0039,0.0194
uli_Latn,0.0097,0.0016,0.0097
leu_Latn,0.0097,0.0012,0.0097
mop_Latn,0.0097,0.0027,0.0097
tue_Latn,0.0,0.0,0.0
kum_Cyrl,0.0388,0.0078,0.0388
enx_Latn,0.0097,0.0023,0.0097
pol_Latn,0.9029,0.447,0.9029
wib_Latn,0.0,0.0,0.0
mmx_Latn,0.0097,0.0012,0.0097
quw_Latn,0.0097,0.0035,0.0097
hye_Latn,0.0,0.0,0.0
trc_Latn,0.0,0.0,0.0
mbj_Latn,0.0,0.0,0.0
rad_Latn,0.0097,0.0004,0.0097
bqc_Latn,0.0,0.0,0.0
bbj_Latn,0.0097,0.0023,0.0097
zas_Latn,0.0097,0.0031,0.0097
njb_Latn,0.0097,0.0004,0.0097
bem_Latn,0.0291,0.007,0.0291
ikk_Latn,0.0097,0.0023,0.0097
gwi_Latn,0.0097,0.0039,0.0097
dif_Latn,0.0194,0.0019,0.0194
bus_Latn,0.0,0.0,0.0
ahk_Latn,0.0,0.0,0.0
hye_Armn,0.5631,0.2113,0.5631
pri_Latn,0.0097,0.0004,0.0097
qxl_Latn,0.0097,0.0004,0.0097
soq_Latn,0.0097,0.0012,0.0097
bvd_Latn,0.0,0.0,0.0
bsj_Latn,0.0194,0.0062,0.0194
tof_Latn,0.0,0.0,0.0
pwg_Latn,0.0097,0.0004,0.0097
ame_Latn,0.0097,0.0019,0.0097
ptp_Latn,0.0,0.0,0.0
khm_Khmr,0.0291,0.0043,0.0291
ksd_Latn,0.0194,0.0105,0.0194
ign_Latn,0.0097,0.0012,0.0097
nri_Latn,0.0194,0.005,0.0194
yan_Latn,0.0097,0.0031,0.0097
mih_Latn,0.0097,0.0016,0.0097
yby_Latn,0.0,0.0,0.0
ntp_Latn,0.0097,0.0004,0.0097
lcm_Latn,0.0097,0.0012,0.0097
tcc_Latn,0.0097,0.0016,0.0097
sus_Latn,0.0097,0.0008,0.0097
mza_Latn,0.0097,0.0016,0.0097
kvj_Latn,0.0,0.0,0.0
kgk_Latn,0.0097,0.0012,0.0097
ach_Latn,0.0097,0.0008,0.0097
ctu_Latn,0.0097,0.0004,0.0097
giz_Latn,0.0097,0.0019,0.0097
sbk_Latn,0.0291,0.0058,0.0291
qva_Latn,0.0097,0.0016,0.0097
cbr_Latn,0.0097,0.0019,0.0097
hlt_Latn,0.0,0.0,0.0
nch_Latn,0.0097,0.0004,0.0097
yua_Latn,0.0194,0.0027,0.0194
zar_Latn,0.0097,0.0023,0.0097
bru_Latn,0.0,0.0,0.0
aom_Latn,0.0097,0.0023,0.0097
alz_Latn,0.0194,0.005,0.0194
khy_Latn,0.0097,0.0004,0.0097
snn_Latn,0.0097,0.0008,0.0097
cnw_Latn,0.0097,0.0019,0.0097
mqb_Latn,0.0,0.0,0.0
ixl_Latn,0.0097,0.0012,0.0097
gdn_Latn,0.0,0.0,0.0
cof_Latn,0.0194,0.0054,0.0194
mps_Latn,0.0097,0.0004,0.0097
nhe_Latn,0.0194,0.0035,0.0194
way_Latn,0.0,0.0,0.0
ium_Thai,0.0,0.0,0.0
toh_Latn,0.0097,0.0012,0.0097
cya_Latn,0.0097,0.0047,0.0097
bps_Latn,0.0097,0.0008,0.0097
amk_Latn,0.0097,0.005,0.0097
mlh_Latn,0.0,0.0,0.0
agw_Latn,0.0097,0.0004,0.0097
tat_Cyrl,0.1845,0.0365,0.1845
byx_Latn,0.0194,0.0008,0.0194
ksj_Latn,0.0,0.0,0.0
ssd_Latn,0.0097,0.0023,0.0097
awi_Latn,0.0,0.0,0.0
nan_Latn,0.0,0.0,0.0
sps_Latn,0.0,0.0,0.0
blh_Latn,0.0,0.0,0.0
kus_Latn,0.0097,0.0019,0.0097
cfm_Latn,0.0097,0.0012,0.0097
nwx_Deva,0.0097,0.0016,0.0097
myx_Latn,0.0097,0.0019,0.0097
nwi_Latn,0.0,0.0,0.0
mif_Latn,0.0,0.0,0.0
dru_Latn,0.0194,0.0016,0.0194
gom_Latn,0.0097,0.0019,0.0097
acf_Latn,0.0971,0.0214,0.0971
rmn_Latn,0.0097,0.0031,0.0097
mhy_Latn,0.0291,0.0105,0.0291
fuv_Latn,0.0097,0.0008,0.0097
mal_Mlym,0.2816,0.0854,0.2816
cak_Latn,0.0097,0.0035,0.0097
ktb_Ethi,0.0097,0.0008,0.0097
plt_Latn,0.1068,0.0214,0.1068
npo_Latn,0.0097,0.0008,0.0097
qvo_Latn,0.0097,0.0019,0.0097
jae_Latn,0.0,0.0,0.0
yom_Latn,0.0,0.0,0.0
bul_Cyrl,0.8641,0.4062,0.8641
etu_Latn,0.0,0.0,0.0
pua_Latn,0.0194,0.0016,0.0194
bar_Latn,0.0777,0.0245,0.0777
njm_Latn,0.0194,0.0008,0.0194
hch_Latn,0.0,0.0,0.0
guo_Latn,0.0097,0.0031,0.0097
ppo_Latn,0.0097,0.0012,0.0097
wuv_Latn,0.0097,0.0058,0.0097
urd_Deva,0.3786,0.1037,0.3786
bwu_Latn,0.0097,0.0004,0.0097
toi_Latn,0.0194,0.0047,0.0194
log_Latn,0.0,0.0,0.0
gaa_Latn,0.0097,0.0016,0.0097
kor_Hang,0.7961,0.3181,0.7961
sig_Latn,0.0097,0.0008,0.0097
bpr_Latn,0.0097,0.0004,0.0097
nhd_Latn,0.0194,0.0074,0.0194
dop_Latn,0.0,0.0,0.0
mse_Latn,0.0194,0.007,0.0194
kan_Knda,0.2427,0.0656,0.2427
prf_Latn,0.0097,0.0054,0.0097
yaa_Latn,0.0097,0.0004,0.0097
mig_Latn,0.0097,0.0012,0.0097
abx_Latn,0.0194,0.0039,0.0194
ibo_Latn,0.0388,0.0097,0.0388
myy_Latn,0.0097,0.0004,0.0097
hns_Latn,0.0097,0.0035,0.0097
big_Latn,0.0,0.0,0.0
tuk_Latn,0.1456,0.0295,0.1456
dur_Latn,0.0,0.0,0.0
sbd_Latn,0.0,0.0,0.0
quy_Latn,0.0194,0.0035,0.0194
mna_Latn,0.0097,0.0004,0.0097
sas_Latn,0.0291,0.0082,0.0291
qvn_Latn,0.0097,0.0031,0.0097
kqc_Latn,0.0097,0.0004,0.0097
plu_Latn,0.0,0.0,0.0
apn_Latn,0.0,0.0,0.0
laj_Latn,0.0,0.0,0.0
isn_Latn,0.0194,0.0058,0.0194
mhx_Latn,0.0097,0.0004,0.0097
vun_Latn,0.0097,0.0012,0.0097
rmo_Latn,0.0097,0.0027,0.0097
mbd_Latn,0.0,0.0,0.0
lzh_Hani,0.5631,0.2501,0.5631
kno_Latn,0.0,0.0,0.0
mas_Latn,0.0097,0.0058,0.0097
sna_Latn,0.0194,0.0078,0.0194
urt_Latn,0.0097,0.0008,0.0097
nob_Latn,0.9417,0.5522,0.9417
gun_Latn,0.0097,0.0058,0.0097
cmo_Latn,0.0,0.0,0.0
cha_Latn,0.0194,0.0097,0.0194
hun_Latn,0.9223,0.4474,0.9223
fil_Latn,0.3786,0.1103,0.3786
are_Latn,0.0291,0.005,0.0291
zos_Latn,0.0097,0.0004,0.0097
ong_Latn,0.0097,0.0004,0.0097
mzm_Latn,0.0,0.0,0.0
ngu_Latn,0.0097,0.0019,0.0097
lex_Latn,0.0194,0.0012,0.0194
nre_Latn,0.0097,0.0039,0.0097
agu_Latn,0.0097,0.005,0.0097
awk_Latn,0.0,0.0,0.0
nhg_Latn,0.0097,0.0008,0.0097
czt_Latn,0.0,0.0,0.0
toj_Latn,0.0097,0.0008,0.0097
arb_Arab,0.6311,0.2602,0.6311
akp_Latn,0.0097,0.0016,0.0097
ote_Latn,0.0,0.0,0.0
ruf_Latn,0.0194,0.0043,0.0194
gum_Latn,0.0097,0.0008,0.0097
noa_Latn,0.0,0.0,0.0
xsm_Latn,0.0,0.0,0.0
urw_Latn,0.0,0.0,0.0
nyf_Latn,0.0097,0.0012,0.0097
rai_Latn,0.0097,0.0004,0.0097
mww_Latn,0.0097,0.0039,0.0097
njo_Latn,0.0097,0.0016,0.0097
viv_Latn,0.0,0.0,0.0
auc_Latn,0.0,0.0,0.0
avt_Latn,0.0097,0.0023,0.0097
qvm_Latn,0.0097,0.0031,0.0097
mnb_Latn,0.0097,0.0019,0.0097
xla_Latn,0.0,0.0,0.0
quz_Latn,0.0097,0.0031,0.0097
acd_Latn,0.0,0.0,0.0
mkl_Latn,0.0,0.0,0.0
lai_Latn,0.0097,0.0008,0.0097
trn_Latn,0.0097,0.0004,0.0097
bmu_Latn,0.0,0.0,0.0
spp_Latn,0.0,0.0,0.0
tui_Latn,0.0097,0.0023,0.0097
lug_Latn,0.0097,0.0019,0.0097
ssg_Latn,0.0,0.0,0.0
tew_Latn,0.0097,0.0004,0.0097
ukr_Cyrl,0.8155,0.3872,0.8155
mie_Latn,0.0097,0.0043,0.0097
ken_Latn,0.0,0.0,0.0
kvg_Latn,0.0,0.0,0.0
ndc_Latn,0.0194,0.0062,0.0194
uzb_Latn,0.2039,0.0458,0.2039
kup_Latn,0.0097,0.0004,0.0097
mzl_Latn,0.0,0.0,0.0
rug_Latn,0.0,0.0,0.0
nmh_Latn,0.0097,0.0004,0.0097
dik_Latn,0.0194,0.0019,0.0194
mpp_Latn,0.0097,0.0004,0.0097
coe_Latn,0.0,0.0,0.0
pam_Latn,0.0194,0.0078,0.0194
kor_Latn,0.0,0.0,0.0
dyu_Latn,0.0097,0.0023,0.0097
oss_Cyrl,0.0097,0.0039,0.0097
slk_Latn,0.8155,0.3631,0.8155
amh_Latn,0.0,0.0,0.0
kik_Latn,0.0097,0.0031,0.0097
pdc_Latn,0.0291,0.007,0.0291
wbm_Latn,0.0,0.0,0.0
njn_Latn,0.0097,0.0023,0.0097
mwv_Latn,0.0097,0.0008,0.0097
mta_Latn,0.0097,0.0008,0.0097
niy_Latn,0.0,0.0,0.0
mgh_Latn,0.0097,0.0008,0.0097
fin_Latn,0.8155,0.3616,0.8155
kkc_Latn,0.0,0.0,0.0
yon_Latn,0.0097,0.0008,0.0097
snc_Latn,0.0,0.0,0.0
maq_Latn,0.0097,0.0019,0.0097
mbf_Latn,0.301,0.1017,0.301
smt_Latn,0.0097,0.0035,0.0097
gul_Latn,0.1845,0.054,0.1845
kyu_Mymr,0.0,0.0,0.0
tro_Latn,0.0097,0.0019,0.0097
kto_Latn,0.0194,0.0031,0.0194
icr_Latn,0.0777,0.019,0.0777
kgf_Latn,0.0097,0.0008,0.0097
jmc_Latn,0.0097,0.0008,0.0097
ace_Latn,0.0097,0.0035,0.0097
isl_Latn,0.5922,0.2054,0.5922
ivb_Latn,0.0097,0.0016,0.0097
npl_Latn,0.0194,0.0031,0.0194
kbh_Latn,0.0097,0.0023,0.0097
plw_Latn,0.0097,0.0016,0.0097
snd_Arab,0.0971,0.019,0.0971
lwo_Latn,0.0,0.0,0.0
bba_Latn,0.0097,0.0004,0.0097
chd_Latn,0.0097,0.0027,0.0097
bav_Latn,0.0097,0.0027,0.0097
mwq_Latn,0.0,0.0,0.0
dnj_Latn,0.0,0.0,0.0
wsk_Latn,0.0194,0.0043,0.0194
alp_Latn,0.0194,0.0054,0.0194
xal_Cyrl,0.0,0.0,0.0
khs_Latn,0.0,0.0,0.0
ppk_Latn,0.0097,0.0031,0.0097
aji_Latn,0.0194,0.0012,0.0194
bwq_Latn,0.0097,0.0008,0.0097
knj_Latn,0.0097,0.0031,0.0097
mav_Latn,0.0,0.0,0.0
kxc_Ethi,0.0,0.0,0.0
zga_Latn,0.0097,0.0035,0.0097
mkj_Latn,0.0194,0.0058,0.0194
asm_Beng,0.1165,0.0303,0.1165
sba_Latn,0.0097,0.0004,0.0097
cao_Latn,0.0097,0.0004,0.0097
bib_Latn,0.0,0.0,0.0
csy_Latn,0.0194,0.0039,0.0194
yad_Latn,0.0097,0.0004,0.0097
mib_Latn,0.0097,0.0031,0.0097
bxr_Cyrl,0.0194,0.0027,0.0194
mzk_Latn,0.0097,0.0023,0.0097
tsw_Latn,0.0,0.0,0.0
chu_Cyrl,0.9029,0.4567,0.9029
nmo_Latn,0.0097,0.0012,0.0097
clu_Latn,0.068,0.0155,0.068
sll_Latn,0.0,0.0,0.0
lob_Latn,0.0097,0.0004,0.0097
hwc_Latn,0.466,0.1619,0.466
amo_Latn,0.0097,0.005,0.0097
muy_Latn,0.0,0.0,0.0
xtm_Latn,0.0097,0.0031,0.0097
mvn_Latn,0.0097,0.0027,0.0097
thk_Latn,0.0,0.0,0.0
maw_Latn,0.0,0.0,0.0
knk_Latn,0.0097,0.0004,0.0097
eri_Latn,0.0097,0.0004,0.0097
nya_Latn,0.0194,0.0066,0.0194
lmk_Latn,0.0097,0.0008,0.0097
alq_Latn,0.0097,0.0004,0.0097
mtg_Latn,0.0,0.0,0.0
sxb_Latn,0.0097,0.0004,0.0097
mwp_Latn,0.0097,0.0016,0.0097
pww_Thai,0.0,0.0,0.0
yuj_Latn,0.0,0.0,0.0
sqi_Latn,0.7184,0.2551,0.7184
bmr_Latn,0.0,0.0,0.0
yss_Latn,0.0,0.0,0.0
swp_Latn,0.0194,0.0089,0.0194
mxb_Latn,0.0097,0.0012,0.0097
omw_Latn,0.0097,0.0004,0.0097
nde_Latn,0.0194,0.0047,0.0194
aak_Latn,0.0,0.0,0.0
gnw_Latn,0.0,0.0,0.0
urk_Thai,0.0,0.0,0.0
mic_Latn,0.0,0.0,0.0
bzj_Latn,0.0583,0.0132,0.0583
agr_Latn,0.0097,0.0043,0.0097
ade_Latn,0.0,0.0,0.0
xnn_Latn,0.0194,0.0058,0.0194
nak_Latn,0.0097,0.0012,0.0097
tuo_Latn,0.0,0.0,0.0
kpx_Latn,0.0097,0.0004,0.0097
mux_Latn,0.0097,0.0004,0.0097
any_Latn,0.0,0.0,0.0
mfq_Latn,0.0,0.0,0.0
amn_Latn,0.0,0.0,0.0
hae_Latn,0.0097,0.0004,0.0097
bef_Latn,0.0,0.0,0.0
msa_Latn,0.0388,0.0093,0.0388
qvi_Latn,0.0097,0.0027,0.0097
sat_Latn,0.0,0.0,0.0
mnf_Latn,0.0,0.0,0.0
aey_Latn,0.0,0.0,0.0
kbm_Latn,0.0097,0.0008,0.0097
dgc_Latn,0.0097,0.0019,0.0097
ify_Latn,0.0291,0.0039,0.0291
poe_Latn,0.0194,0.0016,0.0194
enq_Latn,0.0097,0.0008,0.0097
bmq_Latn,0.0291,0.0039,0.0291
ktj_Latn,0.0,0.0,0.0
ycn_Latn,0.0097,0.0008,0.0097
tac_Latn,0.0,0.0,0.0
lam_Latn,0.0097,0.0012,0.0097
snf_Latn,0.0,0.0,0.0
for_Latn,0.0,0.0,0.0
btd_Latn,0.0097,0.0019,0.0097
mbc_Latn,0.0,0.0,0.0
kjh_Cyrl,0.0194,0.0031,0.0194
gui_Latn,0.0097,0.0023,0.0097
mqj_Latn,0.0194,0.007,0.0194
xsi_Latn,0.0,0.0,0.0
rus_Cyrl,0.9806,0.6652,0.9806
bbc_Latn,0.0097,0.0047,0.0097
chf_Latn,0.0097,0.0039,0.0097
hui_Latn,0.0097,0.0008,0.0097
bqj_Latn,0.0097,0.0019,0.0097
jac_Latn,0.0097,0.0012,0.0097
amm_Latn,0.0,0.0,0.0
kin_Latn,0.0291,0.0089,0.0291
mee_Latn,0.0,0.0,0.0
ton_Latn,0.0,0.0,0.0
dow_Latn,0.0097,0.0023,0.0097
rub_Latn,0.0,0.0,0.0
msb_Latn,0.0777,0.021,0.0777
pah_Latn,0.0097,0.0004,0.0097
esu_Latn,0.0097,0.0027,0.0097
soy_Latn,0.0,0.0,0.0
tuk_Arab,0.0291,0.005,0.0291
cub_Latn,0.0,0.0,0.0
tgk_Cyrl,0.1748,0.0419,0.1748
mjw_Latn,0.0097,0.0035,0.0097
kek_Latn,0.0097,0.0019,0.0097
ava_Cyrl,0.0097,0.0004,0.0097
cce_Latn,0.0097,0.005,0.0097
zyp_Latn,0.0097,0.0012,0.0097
ter_Latn,0.0,0.0,0.0
hne_Deva,0.1748,0.0264,0.1748
aca_Latn,0.0097,0.0027,0.0097
wos_Latn,0.0097,0.0004,0.0097
fuq_Latn,0.0,0.0,0.0
pls_Latn,0.0097,0.0019,0.0097
nca_Latn,0.0097,0.0004,0.0097
kqe_Latn,0.0097,0.0012,0.0097
bki_Latn,0.0,0.0,0.0
qvh_Latn,0.0194,0.0031,0.0194
ozm_Latn,0.0097,0.0004,0.0097
nph_Latn,0.0097,0.0004,0.0097
fij_Latn,0.0097,0.0004,0.0097
jbu_Latn,0.0097,0.0004,0.0097
ewe_Latn,0.0,0.0,0.0
tnp_Latn,0.0,0.0,0.0
udu_Latn,0.0,0.0,0.0
guh_Latn,0.0097,0.0027,0.0097
mau_Latn,0.0097,0.0008,0.0097
mbb_Latn,0.0,0.0,0.0
est_Latn,0.7184,0.3103,0.7184
mpt_Latn,0.0097,0.0004,0.0097
chv_Cyrl,0.0194,0.0035,0.0194
hag_Latn,0.0,0.0,0.0
dov_Latn,0.0194,0.005,0.0194
kyq_Latn,0.0,0.0,0.0
aze_Cyrl,0.0388,0.007,0.0388
cjo_Latn,0.0,0.0,0.0
wbi_Latn,0.0097,0.0008,0.0097
xtn_Latn,0.0097,0.0019,0.0097
kzf_Latn,0.0,0.0,0.0
zpz_Latn,0.0097,0.0004,0.0097
gag_Latn,0.2136,0.068,0.2136
too_Latn,0.0097,0.0012,0.0097
bsc_Latn,0.0097,0.0012,0.0097
zsm_Latn,0.1359,0.0272,0.1359
mox_Latn,0.0097,0.0008,0.0097
zho_Hani,0.8058,0.3845,0.8058
bzh_Latn,0.0097,0.0016,0.0097
jiv_Latn,0.0,0.0,0.0
tum_Latn,0.0194,0.005,0.0194
kpz_Latn,0.0097,0.0008,0.0097
bjv_Latn,0.0,0.0,0.0
vag_Latn,0.0097,0.0004,0.0097
ndg_Latn,0.0291,0.0085,0.0291
box_Latn,0.0097,0.0004,0.0097
mzh_Latn,0.0097,0.0027,0.0097
krc_Cyrl,0.068,0.0136,0.068
ngp_Latn,0.0194,0.0031,0.0194
cuc_Latn,0.0097,0.0023,0.0097
aai_Latn,0.0097,0.0019,0.0097
nfr_Latn,0.0194,0.0047,0.0194
apu_Latn,0.0,0.0,0.0
hin_Latn,0.0485,0.0093,0.0485
kpv_Cyrl,0.0194,0.0047,0.0194
cta_Latn,0.0097,0.0004,0.0097
afr_Latn,0.8544,0.4117,0.8544
qub_Latn,0.0097,0.0039,0.0097
kbq_Latn,0.0097,0.0004,0.0097
xon_Latn,0.0097,0.0019,0.0097
crx_Latn,0.0194,0.0023,0.0194
poy_Latn,0.0097,0.0027,0.0097
enm_Latn,0.8058,0.4155,0.8058
caq_Latn,0.0,0.0,0.0
ife_Latn,0.0,0.0,0.0
chz_Latn,0.0097,0.0004,0.0097
cop_Copt,0.0,0.0,0.0
aln_Latn,0.7379,0.2676,0.7379
huu_Latn,0.0,0.0,0.0
btx_Latn,0.0388,0.012,0.0388
mah_Latn,0.0194,0.005,0.0194
fon_Latn,0.0,0.0,0.0
xsu_Latn,0.0,0.0,0.0
aeb_Arab,0.0583,0.012,0.0583
wer_Latn,0.0,0.0,0.0
dhm_Latn,0.0097,0.0016,0.0097
usp_Latn,0.0097,0.0019,0.0097
dje_Latn,0.0194,0.005,0.0194
pbc_Latn,0.0097,0.0027,0.0097
bug_Latn,0.0194,0.0019,0.0194
tik_Latn,0.0,0.0,0.0
akh_Latn,0.0,0.0,0.0
esi_Latn,0.0097,0.0004,0.0097
kje_Latn,0.0097,0.0043,0.0097
arz_Arab,0.6214,0.2691,0.6214
mug_Latn,0.0097,0.0012,0.0097
mvp_Latn,0.0194,0.0062,0.0194
syb_Latn,0.0097,0.0035,0.0097
bjk_Latn,0.0097,0.0016,0.0097
ksp_Latn,0.0194,0.0023,0.0194
kpg_Latn,0.0097,0.0035,0.0097
ojs_Cans,0.0,0.0,0.0
atd_Latn,0.0097,0.0027,0.0097
nbc_Latn,0.0097,0.0012,0.0097
agm_Latn,0.0,0.0,0.0
mhr_Cyrl,0.0097,0.0016,0.0097
kew_Latn,0.0,0.0,0.0
sey_Latn,0.0097,0.0004,0.0097
srp_Cyrl,0.8252,0.3511,0.8252
myb_Latn,0.0097,0.0054,0.0097
ndz_Latn,0.0194,0.0008,0.0194
bku_Latn,0.0097,0.0019,0.0097
cap_Latn,0.0,0.0,0.0
lww_Latn,0.0,0.0,0.0
enl_Latn,0.0097,0.0027,0.0097
yut_Latn,0.0,0.0,0.0
hla_Latn,0.0,0.0,0.0
wiv_Latn,0.0194,0.005,0.0194
quc_Latn,0.0194,0.0027,0.0194
ium_Latn,0.0,0.0,0.0
kbp_Latn,0.0,0.0,0.0
kdi_Latn,0.0194,0.0027,0.0194
gla_Latn,0.1262,0.026,0.1262
vut_Latn,0.0,0.0,0.0
apt_Latn,0.0097,0.0004,0.0097
gvc_Latn,0.0097,0.0004,0.0097
aia_Latn,0.0097,0.0012,0.0097
sml_Latn,0.0097,0.0016,0.0097
gej_Latn,0.0097,0.0016,0.0097
syc_Syrc,0.0097,0.0004,0.0097
nia_Latn,0.0097,0.0035,0.0097
nki_Latn,0.0097,0.0019,0.0097
tos_Latn,0.0,0.0,0.0
lid_Latn,0.0097,0.0008,0.0097
mca_Latn,0.0097,0.0008,0.0097
nng_Latn,0.0,0.0,0.0
bex_Latn,0.0,0.0,0.0
dis_Latn,0.0097,0.0012,0.0097
bfo_Latn,0.0,0.0,0.0
pbb_Latn,0.0097,0.0031,0.0097
irk_Latn,0.0097,0.0023,0.0097
aau_Latn,0.0,0.0,0.0
crh_Cyrl,0.0583,0.0105,0.0583
mkd_Cyrl,0.8738,0.3922,0.8738
teo_Latn,0.0097,0.0031,0.0097
kpf_Latn,0.0194,0.0012,0.0194
maj_Latn,0.0097,0.0004,0.0097
knv_Latn,0.0,0.0,0.0
smo_Latn,0.0194,0.0039,0.0194
kma_Latn,0.0097,0.0004,0.0097
guw_Latn,0.0097,0.0008,0.0097
bgs_Latn,0.0194,0.0027,0.0194
lbj_Tibt,0.0,0.0,0.0
bdd_Latn,0.0097,0.0019,0.0097
cko_Latn,0.0,0.0,0.0
zad_Latn,0.0097,0.0008,0.0097
mwm_Latn,0.0,0.0,0.0
ium_Laoo,0.0,0.0,0.0
gil_Latn,0.0194,0.0012,0.0194
mmo_Latn,0.0097,0.0012,0.0097
yuw_Latn,0.0,0.0,0.0
cas_Latn,0.0097,0.0004,0.0097
gyr_Latn,0.0097,0.0012,0.0097
bkv_Latn,0.0097,0.0008,0.0097
wol_Latn,0.0097,0.0023,0.0097
dad_Latn,0.0097,0.0008,0.0097
eka_Latn,0.0194,0.0023,0.0194
pib_Latn,0.0,0.0,0.0
hil_Latn,0.1942,0.0435,0.1942
apw_Latn,0.0097,0.0012,0.0097
nuy_Latn,0.0097,0.0019,0.0097
las_Latn,0.0097,0.0008,0.0097
cwt_Latn,0.0097,0.0004,0.0097
kdj_Latn,0.0097,0.0035,0.0097
ceb_Latn,0.165,0.0326,0.165
mzw_Latn,0.0,0.0,0.0
sue_Latn,0.0097,0.0008,0.0097
tur_Latn,0.7184,0.2676,0.7184
hnj_Latn,0.0097,0.0004,0.0097
nav_Latn,0.0,0.0,0.0
ksr_Latn,0.0,0.0,0.0
deu_Latn,0.5825,0.2283,0.5825
mog_Latn,0.0097,0.0035,0.0097
qwh_Latn,0.0194,0.005,0.0194
faa_Latn,0.0,0.0,0.0
ghs_Latn,0.0097,0.0012,0.0097
mlp_Latn,0.0,0.0,0.0
gbo_Latn,0.0,0.0,0.0
zsr_Latn,0.0097,0.0016,0.0097
top_Latn,0.0,0.0,0.0
cjp_Latn,0.0097,0.0027,0.0097
dip_Latn,0.0097,0.0004,0.0097
esk_Latn,0.0097,0.0023,0.0097
ljp_Latn,0.0485,0.0171,0.0485
bvr_Latn,0.0,0.0,0.0
mcb_Latn,0.0,0.0,0.0
mgr_Latn,0.0097,0.0008,0.0097
huv_Latn,0.0097,0.0016,0.0097
tnn_Latn,0.0,0.0,0.0
rar_Latn,0.0291,0.0058,0.0291
aoz_Latn,0.0194,0.0093,0.0194
zae_Latn,0.0097,0.0004,0.0097
mwl_Latn,0.3592,0.1161,0.3592
mya_Mymr,0.1165,0.0256,0.1165
heh_Latn,0.0097,0.0016,0.0097
gso_Latn,0.0097,0.0012,0.0097
xuo_Latn,0.0,0.0,0.0
bgr_Latn,0.0097,0.0019,0.0097
ebk_Latn,0.0194,0.0097,0.0194
mak_Latn,0.0097,0.0023,0.0097
yim_Latn,0.0194,0.0035,0.0194
ubr_Latn,0.0194,0.0054,0.0194
tbk_Latn,0.0097,0.0035,0.0097
got_Latn,0.0194,0.007,0.0194
ktu_Latn,0.0097,0.0019,0.0097
tqb_Latn,0.0,0.0,0.0
car_Latn,0.0097,0.0012,0.0097
yva_Latn,0.0097,0.0008,0.0097
hot_Latn,0.0,0.0,0.0
nsa_Latn,0.0097,0.0004,0.0097
kbr_Latn,0.0097,0.0004,0.0097
mmn_Latn,0.0097,0.0027,0.0097
tem_Latn,0.0097,0.0008,0.0097
agn_Latn,0.0194,0.0039,0.0194
awa_Deva,0.068,0.0198,0.068
atg_Latn,0.0097,0.0004,0.0097
whk_Latn,0.0097,0.0004,0.0097
kss_Latn,0.0,0.0,0.0
naw_Latn,0.0,0.0,0.0
pne_Latn,0.0194,0.0035,0.0194
kuj_Latn,0.0097,0.0004,0.0097
eza_Latn,0.0097,0.0008,0.0097
iri_Latn,0.0097,0.0012,0.0097
dyo_Latn,0.0097,0.0012,0.0097
tih_Latn,0.0291,0.0027,0.0291
bud_Latn,0.0,0.0,0.0
guj_Gujr,0.2816,0.0788,0.2816
hay_Latn,0.0194,0.0066,0.0194
tlf_Latn,0.0,0.0,0.0
eus_Latn,0.0583,0.0117,0.0583
ary_Arab,0.0291,0.005,0.0291
ria_Latn,0.0,0.0,0.0
moa_Latn,0.0,0.0,0.0
des_Latn,0.0,0.0,0.0
suc_Latn,0.0097,0.0023,0.0097
tpz_Latn,0.0,0.0,0.0
boa_Latn,0.0,0.0,0.0
wnu_Latn,0.0,0.0,0.0
kbd_Cyrl,0.0,0.0,0.0
tcs_Latn,0.0194,0.0039,0.0194
lia_Latn,0.0097,0.0004,0.0097
mcd_Latn,0.0097,0.0004,0.0097
slv_Latn,0.8155,0.3542,0.8155
pap_Latn,0.2718,0.0726,0.2718
nnb_Latn,0.0097,0.0004,0.0097
mpm_Latn,0.0097,0.0019,0.0097
wbp_Latn,0.0,0.0,0.0
cjv_Latn,0.0,0.0,0.0
zpc_Latn,0.0194,0.0019,0.0194
gbi_Latn,0.0097,0.0004,0.0097
amu_Latn,0.0097,0.0004,0.0097
bre_Latn,0.0874,0.0198,0.0874
nzm_Latn,0.0194,0.0008,0.0194
alj_Latn,0.0097,0.0023,0.0097
lmp_Latn,0.0,0.0,0.0
bel_Cyrl,0.8252,0.3429,0.8252
kxw_Latn,0.0,0.0,0.0
zab_Latn,0.0097,0.0016,0.0097
gvf_Latn,0.0,0.0,0.0
guq_Latn,0.0097,0.0016,0.0097
ubu_Latn,0.0,0.0,0.0
kmg_Latn,0.0,0.0,0.0
izz_Latn,0.0097,0.0008,0.0097
mal_Latn,0.0,0.0,0.0
kdl_Latn,0.0097,0.0012,0.0097
jni_Latn,0.0097,0.0004,0.0097
agx_Cyrl,0.0097,0.0004,0.0097
tbl_Latn,0.0097,0.0004,0.0097
nep_Deva,0.2913,0.0699,0.2913
fuh_Latn,0.0097,0.0004,0.0097
taj_Deva,0.0097,0.0004,0.0097
swk_Latn,0.0194,0.0058,0.0194
bhg_Latn,0.0097,0.0035,0.0097
ifa_Latn,0.0097,0.0047,0.0097
quf_Latn,0.0097,0.0031,0.0097
lgl_Latn,0.0097,0.0008,0.0097
uig_Cyrl,0.0583,0.0097,0.0583
kab_Latn,0.0097,0.0004,0.0097
miy_Latn,0.0097,0.0004,0.0097
blw_Latn,0.0097,0.0016,0.0097
naq_Latn,0.0,0.0,0.0
ghe_Deva,0.0194,0.0031,0.0194
ziw_Latn,0.0291,0.0062,0.0291
dar_Cyrl,0.0097,0.0012,0.0097
ata_Latn,0.0,0.0,0.0
cpu_Latn,0.0194,0.0019,0.0194
itv_Latn,0.0194,0.005,0.0194
kxm_Thai,0.0,0.0,0.0
kck_Latn,0.0194,0.005,0.0194
lee_Latn,0.0097,0.0008,0.0097
wro_Latn,0.0291,0.0019,0.0291
nxd_Latn,0.0097,0.0031,0.0097
hto_Latn,0.0097,0.0008,0.0097
kiw_Latn,0.0,0.0,0.0
mfk_Latn,0.0,0.0,0.0
zul_Latn,0.0291,0.0066,0.0291
cmn_Hani,0.9806,0.5709,0.9806
hrv_Latn,0.8252,0.3449,0.8252
dyi_Latn,0.0097,0.0004,0.0097
wwa_Latn,0.0,0.0,0.0
mam_Latn,0.0097,0.0031,0.0097
gup_Latn,0.0097,0.0016,0.0097
bgt_Latn,0.0097,0.0027,0.0097
zac_Latn,0.0097,0.0047,0.0097
bam_Latn,0.0097,0.0047,0.0097
yor_Latn,0.0,0.0,0.0
yle_Latn,0.0,0.0,0.0
lgm_Latn,0.0291,0.0047,0.0291
qug_Latn,0.0097,0.0012,0.0097
dts_Latn,0.0,0.0,0.0
kac_Latn,0.0,0.0,0.0
tdt_Latn,0.0194,0.0054,0.0194
cat_Latn,0.8058,0.3297,0.8058
krj_Latn,0.1165,0.0217,0.1165
bkq_Latn,0.0097,0.0016,0.0097
dgz_Latn,0.0,0.0,0.0
myv_Cyrl,0.0097,0.0031,0.0097
cbc_Latn,0.0,0.0,0.0
bmh_Latn,0.0,0.0,0.0
kwd_Latn,0.0097,0.0004,0.0097
ven_Latn,0.0097,0.0016,0.0097
asg_Latn,0.0097,0.0004,0.0097
lat_Latn,0.8738,0.4043,0.8738
gor_Latn,0.0097,0.0012,0.0097
rmq_Latn,0.0388,0.0105,0.0388
ctd_Latn,0.0097,0.0027,0.0097
gle_Latn,0.1068,0.026,0.1068
nhy_Latn,0.0194,0.0023,0.0194
mua_Latn,0.0097,0.0008,0.0097
mfh_Latn,0.0097,0.0008,0.0097
loz_Latn,0.0194,0.0062,0.0194
ben_Beng,0.3883,0.1052,0.3883
gdr_Latn,0.0,0.0,0.0
tim_Latn,0.0,0.0,0.0
xbr_Latn,0.0097,0.0004,0.0097
mcf_Latn,0.0097,0.0004,0.0097
vmy_Latn,0.0194,0.0027,0.0194
tso_Latn,0.0194,0.0078,0.0194
zom_Latn,0.0097,0.0035,0.0097
cux_Latn,0.0097,0.0043,0.0097
miz_Latn,0.0097,0.0004,0.0097
gnn_Latn,0.0,0.0,0.0
heb_Hebr,0.5437,0.2082,0.5437
lef_Latn,0.0,0.0,0.0
moc_Latn,0.0,0.0,0.0
mlt_Latn,0.233,0.0753,0.233
nbe_Latn,0.0097,0.0012,0.0097
atb_Latn,0.0097,0.0004,0.0097
ssx_Latn,0.0,0.0,0.0
hnn_Latn,0.0194,0.0043,0.0194
kri_Latn,0.0097,0.0027,0.0097
qvs_Latn,0.0097,0.0031,0.0097
dtp_Latn,0.0097,0.0004,0.0097
trp_Latn,0.0097,0.0008,0.0097
mrg_Latn,0.0,0.0,0.0
uri_Latn,0.0,0.0,0.0
tke_Latn,0.0097,0.0054,0.0097
pps_Latn,0.0097,0.0023,0.0097
smk_Latn,0.0097,0.0027,0.0097
mgw_Latn,0.0097,0.0008,0.0097
khk_Latn,0.0097,0.0054,0.0097
bqp_Latn,0.0,0.0,0.0
hus_Latn,0.0097,0.0004,0.0097
tnk_Latn,0.0,0.0,0.0
ban_Latn,0.0194,0.0054,0.0194
nif_Latn,0.0,0.0,0.0
msy_Latn,0.0097,0.0004,0.0097
reg_Latn,0.0097,0.0016,0.0097
sin_Sinh,0.0097,0.0023,0.0097
yka_Latn,0.0097,0.0012,0.0097
tlb_Latn,0.0097,0.0012,0.0097
mfi_Latn,0.0097,0.0004,0.0097
kjb_Latn,0.0097,0.0039,0.0097
nko_Latn,0.0097,0.0004,0.0097
nhx_Latn,0.0097,0.0035,0.0097
nas_Latn,0.0,0.0,0.0
fad_Latn,0.0097,0.0004,0.0097
xho_Latn,0.0097,0.0054,0.0097
ceg_Latn,0.0097,0.0019,0.0097
tsn_Latn,0.0291,0.0054,0.0291
swh_Latn,0.301,0.092,0.301
daa_Latn,0.0,0.0,0.0
kwf_Latn,0.0194,0.0012,0.0194
trq_Latn,0.0097,0.0008,0.0097
neb_Latn,0.0,0.0,0.0
apr_Latn,0.0194,0.0012,0.0194
tbo_Latn,0.0,0.0,0.0
lav_Latn,0.6408,0.2474,0.6408
mks_Latn,0.0097,0.0012,0.0097
sda_Latn,0.0097,0.0047,0.0097
kaa_Latn,0.0194,0.0047,0.0194
nse_Latn,0.0097,0.0027,0.0097
ifb_Latn,0.0194,0.0023,0.0194
cav_Latn,0.0097,0.0008,0.0097
hop_Latn,0.0097,0.0004,0.0097
oji_Latn,0.0194,0.0043,0.0194
zaa_Latn,0.0097,0.0019,0.0097
bzi_Thai,0.0097,0.0004,0.0097
bao_Latn,0.0097,0.0004,0.0097
mda_Latn,0.0,0.0,0.0
nyy_Latn,0.0097,0.0016,0.0097
pse_Latn,0.0194,0.0082,0.0194
ztq_Latn,0.0097,0.0008,0.0097
gur_Latn,0.0097,0.0004,0.0097
ike_Cans,0.0097,0.0027,0.0097
xpe_Latn,0.0,0.0,0.0
ksw_Mymr,0.0,0.0,0.0
aii_Syrc,0.0,0.0,0.0
nno_Latn,0.6699,0.2699,0.6699
jvn_Latn,0.0583,0.0132,0.0583
dob_Latn,0.0097,0.0012,0.0097
waj_Latn,0.0,0.0,0.0
bci_Latn,0.0097,0.0023,0.0097
imo_Latn,0.0097,0.0004,0.0097
agd_Latn,0.0097,0.0004,0.0097
pmx_Latn,0.0097,0.0008,0.0097
biu_Latn,0.0097,0.0031,0.0097
prs_Arab,0.7184,0.2567,0.7184
ssw_Latn,0.0194,0.0039,0.0194
nds_Latn,0.0583,0.014,0.0583
myk_Latn,0.0,0.0,0.0
sun_Latn,0.0777,0.0214,0.0777
acu_Latn,0.0097,0.0004,0.0097
cth_Latn,0.0097,0.0023,0.0097
tav_Latn,0.0,0.0,0.0
mxt_Latn,0.0097,0.0019,0.0097
stq_Latn,0.0971,0.0291,0.0971
hig_Latn,0.0,0.0,0.0
yrk_Cyrl,0.0,0.0,0.0
plg_Latn,0.0,0.0,0.0
ncu_Latn,0.0,0.0,0.0
cax_Latn,0.0097,0.0016,0.0097
crq_Latn,0.0097,0.0008,0.0097
kao_Latn,0.0194,0.0043,0.0194
tgo_Latn,0.0097,0.0008,0.0097
shj_Latn,0.0097,0.0019,0.0097
jav_Latn,0.0971,0.0206,0.0971
zao_Latn,0.0097,0.0019,0.0097
nii_Latn,0.0,0.0,0.0
nlg_Latn,0.0291,0.005,0.0291
nop_Latn,0.0,0.0,0.0
dks_Latn,0.0,0.0,0.0
maa_Latn,0.0097,0.0023,0.0097
zpo_Latn,0.0097,0.0035,0.0097
kiz_Latn,0.0194,0.0066,0.0194
meq_Latn,0.0097,0.0008,0.0097
ann_Latn,0.0097,0.0008,0.0097
bch_Latn,0.0194,0.0027,0.0194
nhw_Latn,0.0194,0.0043,0.0194
ckt_Cyrl,0.0097,0.0023,0.0097
tzj_Latn,0.0097,0.0031,0.0097
beq_Latn,0.0097,0.0008,0.0097
ikw_Latn,0.0097,0.0019,0.0097
xrb_Latn,0.0,0.0,0.0
cot_Latn,0.0097,0.0004,0.0097
som_Latn,0.0388,0.0085,0.0388
mit_Latn,0.0097,0.0008,0.0097
mjc_Latn,0.0097,0.0012,0.0097
bom_Latn,0.0097,0.0004,0.0097
blz_Latn,0.0097,0.0039,0.0097
kua_Latn,0.0097,0.0023,0.0097
spa_Latn,0.767,0.3852,0.767
var_Latn,0.0,0.0,0.0
gkn_Latn,0.0097,0.0008,0.0097
leh_Latn,0.0,0.0,0.0
cso_Latn,0.0097,0.0008,0.0097
crm_Cans,0.0,0.0,0.0
rim_Latn,0.0097,0.0031,0.0097
jic_Latn,0.0097,0.0004,0.0097
kan_Latn,0.0,0.0,0.0
sgw_Ethi,0.0,0.0,0.0
kqp_Latn,0.0097,0.0012,0.0097
nct_Latn,0.0097,0.0019,0.0097
uzb_Cyrl,0.2718,0.0645,0.2718
sri_Latn,0.0,0.0,0.0
dan_Latn,0.9515,0.5173,0.9515
swg_Latn,0.2913,0.0858,0.2913
hif_Latn,0.068,0.0128,0.068
stp_Latn,0.0097,0.0004,0.0097
ffm_Latn,0.0,0.0,0.0
nus_Latn,0.0,0.0,0.0
taw_Latn,0.0,0.0,0.0
ckb_Arab,0.0194,0.0043,0.0194
kmk_Latn,0.0097,0.0031,0.0097
sme_Latn,0.0194,0.0039,0.0194
mri_Latn,0.0388,0.0062,0.0388
mtp_Latn,0.0,0.0,0.0
chr_Latn,0.0097,0.0004,0.0097
shk_Latn,0.0,0.0,0.0
kub_Latn,0.0097,0.0008,0.0097
cek_Latn,0.0,0.0,0.0
bon_Latn,0.0,0.0,0.0
yaq_Latn,0.0,0.0,0.0
tee_Latn,0.0,0.0,0.0
fra_Latn,0.9612,0.5732,0.9612
kyg_Latn,0.0,0.0,0.0
anm_Latn,0.0097,0.0008,0.0097
mfe_Latn,0.1068,0.0249,0.1068
zpl_Latn,0.0097,0.0012,0.0097
lin_Latn,0.0194,0.0066,0.0194
mck_Latn,0.0097,0.0004,0.0097
alt_Cyrl,0.0388,0.0101,0.0388
nmz_Latn,0.0097,0.0019,0.0097
cnh_Latn,0.0097,0.0023,0.0097
urd_Latn,0.068,0.0151,0.068
mar_Deva,0.3495,0.0905,0.3495
bgz_Latn,0.0097,0.0004,0.0097
azb_Latn,0.6893,0.2377,0.6893
mbt_Latn,0.0,0.0,0.0
bts_Latn,0.0194,0.005,0.0194
nyu_Latn,0.0097,0.0019,0.0097
chq_Latn,0.0,0.0,0.0
vie_Latn,0.8252,0.3682,0.8252
zam_Latn,0.0097,0.0004,0.0097
por_Latn,0.8932,0.4866,0.8932
kqs_Latn,0.0097,0.0012,0.0097
kru_Deva,0.0097,0.0004,0.0097
crs_Latn,0.1165,0.0276,0.1165
kdc_Latn,0.0097,0.0039,0.0097
tbc_Latn,0.0,0.0,0.0
sgz_Latn,0.0,0.0,0.0
cgc_Latn,0.0194,0.0039,0.0194
mxv_Latn,0.0,0.0,0.0
kwj_Latn,0.0,0.0,0.0
vap_Latn,0.0097,0.0019,0.0097
biv_Latn,0.0097,0.0008,0.0097
agg_Latn,0.0,0.0,0.0
fai_Latn,0.0097,0.0004,0.0097
ted_Latn,0.0,0.0,0.0
yap_Latn,0.0194,0.0023,0.0194
gnb_Latn,0.0097,0.0008,0.0097
ses_Latn,0.0097,0.0027,0.0097
iqw_Latn,0.0097,0.0008,0.0097
cut_Latn,0.0097,0.0019,0.0097
tpt_Latn,0.0,0.0,0.0
pkb_Latn,0.0194,0.0047,0.0194
ndp_Latn,0.0097,0.0043,0.0097
lsm_Latn,0.0097,0.0016,0.0097
nnl_Latn,0.0097,0.0012,0.0097
tzh_Latn,0.0097,0.0027,0.0097
pbi_Latn,0.0097,0.0012,0.0097
bfd_Latn,0.0,0.0,0.0
bum_Latn,0.0194,0.0035,0.0194
klv_Latn,0.0097,0.0008,0.0097
akb_Latn,0.0194,0.0023,0.0194
qxr_Latn,0.0097,0.0004,0.0097
sja_Latn,0.0097,0.0004,0.0097
zpm_Latn,0.0097,0.0004,0.0097
kix_Latn,0.0097,0.0004,0.0097
nhu_Latn,0.0097,0.0004,0.0097
kyf_Latn,0.0,0.0,0.0
wca_Latn,0.0,0.0,0.0
vid_Latn,0.0097,0.0008,0.0097
nij_Latn,0.0194,0.005,0.0194
mwe_Latn,0.0097,0.0004,0.0097
ald_Latn,0.0097,0.0012,0.0097
shi_Latn,0.0097,0.0019,0.0097
snp_Latn,0.0,0.0,0.0
nld_Latn,0.8835,0.4847,0.8835
fuf_Latn,0.0,0.0,0.0
bnp_Latn,0.0194,0.0062,0.0194
swe_Latn,0.9223,0.4765,0.9223
tuk_Cyrl,0.0097,0.0043,0.0097
mhi_Latn,0.0194,0.0066,0.0194
tgl_Latn,0.4078,0.1309,0.4078
gid_Latn,0.0097,0.0016,0.0097
quh_Latn,0.0194,0.0054,0.0194
oym_Latn,0.0,0.0,0.0
kal_Latn,0.0097,0.0004,0.0097
sab_Latn,0.0097,0.0008,0.0097
eng_Latn,1.0,1.0,1.0
tte_Latn,0.0194,0.0008,0.0194
emp_Latn,0.0097,0.0008,0.0097
njz_Latn,0.0097,0.0004,0.0097
bbr_Latn,0.0097,0.0027,0.0097
nim_Latn,0.0097,0.0019,0.0097
nys_Latn,0.0194,0.0031,0.0194
ajz_Latn,0.0097,0.0039,0.0097
snw_Latn,0.0097,0.0012,0.0097
aim_Latn,0.0097,0.0012,0.0097
nlc_Latn,0.0097,0.0004,0.0097
gux_Latn,0.0097,0.0008,0.0097
urb_Latn,0.0,0.0,0.0
not_Latn,0.0097,0.0004,0.0097
mxp_Latn,0.0,0.0,0.0
aso_Latn,0.0097,0.0004,0.0097
rmy_Latn,0.0291,0.0089,0.0291
lbk_Latn,0.0194,0.0058,0.0194
tar_Latn,0.0,0.0,0.0
kde_Latn,0.0097,0.0004,0.0097
ivv_Latn,0.0194,0.0035,0.0194
nso_Latn,0.0194,0.005,0.0194
dgr_Latn,0.0,0.0,0.0
cbk_Latn,0.2233,0.0734,0.2233
twu_Latn,0.0097,0.0039,0.0097
npi_Deva,0.4272,0.1219,0.4272
kpj_Latn,0.0097,0.0012,0.0097
lus_Latn,0.0097,0.0027,0.0097
hmr_Latn,0.0097,0.0019,0.0097
lem_Latn,0.0,0.0,0.0
miq_Latn,0.0097,0.0039,0.0097
kaz_Cyrl,0.2816,0.0594,0.2816
shn_Mymr,0.0,0.0,0.0
tcz_Latn,0.0194,0.0019,0.0194
kez_Latn,0.0,0.0,0.0
ian_Latn,0.0,0.0,0.0
arp_Latn,0.0194,0.0031,0.0194
kud_Latn,0.0097,0.0031,0.0097
tzo_Latn,0.0097,0.0043,0.0097
ake_Latn,0.0,0.0,0.0
tif_Latn,0.0,0.0,0.0
tlh_Latn,0.1748,0.0148,0.1748
met_Latn,0.0097,0.0012,0.0097
bss_Latn,0.0,0.0,0.0
loq_Latn,0.0097,0.0004,0.0097
gaw_Latn,0.0097,0.0027,0.0097
nhr_Latn,0.0097,0.0004,0.0097
aze_Latn,0.6311,0.2101,0.6311
ayr_Latn,0.0097,0.0023,0.0097
nou_Latn,0.0097,0.0012,0.0097
gvn_Latn,0.0194,0.0012,0.0194
mad_Latn,0.0097,0.0058,0.0097
gag_Cyrl,0.0194,0.005,0.0194
izr_Latn,0.0097,0.0008,0.0097
mbs_Latn,0.0097,0.0019,0.0097
btt_Latn,0.0,0.0,0.0
kmo_Latn,0.0,0.0,0.0
kha_Latn,0.0097,0.0016,0.0097
tna_Latn,0.0097,0.0039,0.0097
hvn_Latn,0.0097,0.0012,0.0097
mwc_Latn,0.0097,0.005,0.0097
zaj_Latn,0.0194,0.0035,0.0194
ttc_Latn,0.0097,0.0023,0.0097
ojb_Latn,0.0097,0.0004,0.0097
srm_Latn,0.0097,0.0016,0.0097
nsn_Latn,0.0,0.0,0.0
crt_Latn,0.0097,0.0008,0.0097
urd_Arab,0.301,0.0819,0.301
sbs_Latn,0.0097,0.0023,0.0097
npy_Latn,0.0194,0.0062,0.0194
eko_Latn,0.0,0.0,0.0
wob_Latn,0.0,0.0,0.0
mxq_Latn,0.0,0.0,0.0
apy_Latn,0.0,0.0,0.0
ons_Latn,0.0,0.0,0.0
suk_Latn,0.0097,0.0023,0.0097
kue_Latn,0.0,0.0,0.0
suz_Deva,0.0,0.0,0.0
gnd_Latn,0.0097,0.0004,0.0097
csk_Latn,0.0097,0.0004,0.0097
fao_Latn,0.5922,0.1926,0.5922
due_Latn,0.0097,0.0012,0.0097
tab_Cyrl,0.0,0.0,0.0
tvk_Latn,0.0097,0.0004,0.0097
bcl_Latn,0.1165,0.0315,0.1165
meu_Latn,0.0097,0.0012,0.0097
kog_Latn,0.0,0.0,0.0
ese_Latn,0.0,0.0,0.0
otq_Latn,0.0,0.0,0.0
buk_Latn,0.0097,0.0004,0.0097
qvz_Latn,0.0097,0.0008,0.0097
sag_Latn,0.0194,0.0039,0.0194
rkb_Latn,0.0,0.0,0.0
nsm_Latn,0.0097,0.0008,0.0097
enb_Latn,0.0,0.0,0.0
srn_Latn,0.0388,0.0136,0.0388
bhl_Latn,0.0,0.0,0.0
yuz_Latn,0.0097,0.0035,0.0097
cbi_Latn,0.0097,0.0012,0.0097
apz_Latn,0.0097,0.0008,0.0097
pio_Latn,0.0097,0.0012,0.0097
kqy_Ethi,0.0,0.0,0.0
bmb_Latn,0.0097,0.0008,0.0097
rnl_Latn,0.0097,0.0023,0.0097
mhl_Latn,0.0097,0.0012,0.0097
kgp_Latn,0.0,0.0,0.0
tbg_Latn,0.0,0.0,0.0
zty_Latn,0.0,0.0,0.0
lhu_Latn,0.0,0.0,0.0
cnl_Latn,0.0,0.0,0.0
guz_Latn,0.0194,0.0082,0.0194
mqy_Latn,0.0097,0.0031,0.0097
zai_Latn,0.0097,0.0043,0.0097
ell_Grek,0.7476,0.353,0.7476
tlj_Latn,0.0,0.0,0.0
zca_Latn,0.0097,0.0016,0.0097
muh_Latn,0.0097,0.0019,0.0097
nog_Cyrl,0.068,0.0124,0.068
kyc_Latn,0.0097,0.0004,0.0097
hau_Latn,0.0097,0.0023,0.0097
cmo_Khmr,0.0,0.0,0.0
mco_Latn,0.0,0.0,0.0
gng_Latn,0.0097,0.0023,0.0097
boj_Latn,0.0,0.0,0.0
bis_Latn,0.068,0.0132,0.068
nbl_Latn,0.0194,0.0047,0.0194
jid_Latn,0.0194,0.0093,0.0194
sco_Latn,0.2816,0.0804,0.2816
fal_Latn,0.0194,0.0043,0.0194
taq_Latn,0.0,0.0,0.0
tbf_Latn,0.0097,0.0019,0.0097
acr_Latn,0.0097,0.0027,0.0097
fub_Latn,0.0097,0.0019,0.0097
dah_Latn,0.0,0.0,0.0
kat_Geor,0.5049,0.1643,0.5049
ifk_Latn,0.0194,0.0078,0.0194
qul_Latn,0.0194,0.0031,0.0194
nin_Latn,0.0097,0.0019,0.0097
gvl_Latn,0.0097,0.0004,0.0097
ura_Latn,0.0,0.0,0.0
bdh_Latn,0.0097,0.0004,0.0097
azg_Latn,0.0097,0.0023,0.0097
kmm_Latn,0.0291,0.0027,0.0291
maf_Latn,0.0194,0.005,0.0194
hak_Hani,0.4757,0.1798,0.4757
mcn_Latn,0.0291,0.0035,0.0291
ots_Latn,0.0097,0.0008,0.0097
cor_Latn,0.0194,0.0058,0.0194
che_Cyrl,0.0097,0.0004,0.0097
hat_Latn,0.2136,0.054,0.2136
nnh_Latn,0.0,0.0,0.0
djk_Latn,0.0194,0.0023,0.0194
mpg_Latn,0.0194,0.0008,0.0194
rup_Latn,0.0194,0.0074,0.0194
cle_Latn,0.0097,0.0004,0.0097
pdt_Latn,0.0777,0.0171,0.0777
bsp_Latn,0.0,0.0,0.0
zpi_Latn,0.0097,0.0019,0.0097
dug_Latn,0.0194,0.0039,0.0194
zyb_Latn,0.0,0.0,0.0
ngc_Latn,0.0194,0.0043,0.0194
tpp_Latn,0.0194,0.0027,0.0194
tsg_Latn,0.0,0.0,0.0
tha_Thai,0.4078,0.1118,0.4078
lsi_Latn,0.0,0.0,0.0
tam_Taml,0.3883,0.108,0.3883
