code,mistralai/Mixtral-8x7B-v0.1_max,mistralai/Mixtral-8x7B-v0.1_mean,avg
ban_Latn,0.0194,0.0044,0.0194
nif_Latn,0.0097,0.0012,0.0097
hus_Latn,0.0194,0.0029,0.0194
mgw_Latn,0.0194,0.0079,0.0194
khk_Latn,0.0097,0.0059,0.0097
bqp_Latn,0.0097,0.0065,0.0097
tnk_Latn,0.0097,0.0035,0.0097
tke_Latn,0.0097,0.0021,0.0097
smk_Latn,0.0194,0.01,0.0194
pps_Latn,0.0097,0.0009,0.0097
mrg_Latn,0.0097,0.0065,0.0097
uri_Latn,0.0,0.0,0.0
trp_Latn,0.0097,0.0065,0.0097
qvs_Latn,0.0291,0.0074,0.0291
dtp_Latn,0.0194,0.0056,0.0194
kri_Latn,0.0485,0.0153,0.0485
nbe_Latn,0.0097,0.0012,0.0097
atb_Latn,0.0194,0.0021,0.0194
hnn_Latn,0.0388,0.0074,0.0388
ssx_Latn,0.0194,0.0038,0.0194
moc_Latn,0.0097,0.0035,0.0097
heb_Hebr,0.4466,0.2042,0.4466
lef_Latn,0.0097,0.0012,0.0097
mlt_Latn,0.0485,0.0191,0.0485
miz_Latn,0.0097,0.0006,0.0097
cux_Latn,0.0097,0.0047,0.0097
gnn_Latn,0.0097,0.0003,0.0097
zom_Latn,0.0194,0.0044,0.0194
tso_Latn,0.0194,0.0085,0.0194
vmy_Latn,0.0194,0.0053,0.0194
ben_Beng,0.1748,0.045,0.1748
gdr_Latn,0.0,0.0,0.0
xbr_Latn,0.0097,0.0015,0.0097
mcf_Latn,0.0,0.0,0.0
tim_Latn,0.0097,0.0047,0.0097
mfh_Latn,0.0097,0.0021,0.0097
loz_Latn,0.0291,0.0106,0.0291
mua_Latn,0.0194,0.0044,0.0194
nhy_Latn,0.0194,0.0053,0.0194
ike_Cans,0.0097,0.0024,0.0097
xpe_Latn,0.0097,0.0006,0.0097
gur_Latn,0.0194,0.0082,0.0194
ksw_Mymr,0.0097,0.0012,0.0097
pse_Latn,0.0291,0.0124,0.0291
ztq_Latn,0.0097,0.0006,0.0097
nyy_Latn,0.0097,0.0071,0.0097
mda_Latn,0.0,0.0,0.0
zaa_Latn,0.0194,0.0103,0.0194
bao_Latn,0.0097,0.0009,0.0097
bzi_Thai,0.0,0.0,0.0
ifb_Latn,0.0194,0.0059,0.0194
oji_Latn,0.0194,0.0035,0.0194
cav_Latn,0.0097,0.0047,0.0097
hop_Latn,0.0097,0.0003,0.0097
nse_Latn,0.0194,0.0085,0.0194
kaa_Latn,0.0194,0.0026,0.0194
tbo_Latn,0.0,0.0,0.0
sda_Latn,0.0291,0.0076,0.0291
mks_Latn,0.0194,0.0038,0.0194
lav_Latn,0.1456,0.0494,0.1456
trq_Latn,0.0194,0.0047,0.0194
neb_Latn,0.0097,0.0006,0.0097
swh_Latn,0.1845,0.0382,0.1845
daa_Latn,0.0097,0.0062,0.0097
kwf_Latn,0.0097,0.0062,0.0097
apr_Latn,0.0097,0.0056,0.0097
ceg_Latn,0.0097,0.005,0.0097
tsn_Latn,0.0291,0.0097,0.0291
xho_Latn,0.0291,0.0106,0.0291
fad_Latn,0.0194,0.0015,0.0194
nas_Latn,0.0097,0.0009,0.0097
nko_Latn,0.0097,0.0012,0.0097
nhx_Latn,0.0291,0.0068,0.0291
mfi_Latn,0.0097,0.0068,0.0097
tlb_Latn,0.0097,0.0076,0.0097
kjb_Latn,0.0291,0.0097,0.0291
reg_Latn,0.0194,0.0071,0.0194
sin_Sinh,0.0,0.0,0.0
yka_Latn,0.0097,0.005,0.0097
msy_Latn,0.0097,0.0012,0.0097
lgl_Latn,0.0194,0.0085,0.0194
quf_Latn,0.0194,0.0032,0.0194
uig_Cyrl,0.0194,0.0038,0.0194
kab_Latn,0.0097,0.0074,0.0097
bhg_Latn,0.0097,0.0038,0.0097
ifa_Latn,0.0194,0.0038,0.0194
taj_Deva,0.0194,0.0021,0.0194
fuh_Latn,0.0097,0.0009,0.0097
swk_Latn,0.0194,0.01,0.0194
jni_Latn,0.0097,0.0021,0.0097
agx_Cyrl,0.0097,0.0065,0.0097
kdl_Latn,0.0194,0.0059,0.0194
tbl_Latn,0.0194,0.0041,0.0194
nep_Deva,0.1456,0.0277,0.1456
kmg_Latn,0.0194,0.0053,0.0194
ubu_Latn,0.0097,0.0021,0.0097
izz_Latn,0.0,0.0,0.0
mal_Latn,0.0194,0.0041,0.0194
gvf_Latn,0.0,0.0,0.0
guq_Latn,0.0194,0.0065,0.0194
bel_Cyrl,0.3301,0.125,0.3301
kxw_Latn,0.0097,0.0015,0.0097
zab_Latn,0.0291,0.0071,0.0291
bre_Latn,0.0485,0.0132,0.0485
nzm_Latn,0.0097,0.0003,0.0097
alj_Latn,0.0194,0.0097,0.0194
lmp_Latn,0.0,0.0,0.0
gbi_Latn,0.0097,0.0029,0.0097
amu_Latn,0.0194,0.0026,0.0194
zpc_Latn,0.0194,0.0053,0.0194
wbp_Latn,0.0097,0.0006,0.0097
cjv_Latn,0.0097,0.0044,0.0097
nnb_Latn,0.0097,0.0009,0.0097
pap_Latn,0.0777,0.0321,0.0777
mpm_Latn,0.0194,0.0085,0.0194
slv_Latn,0.6699,0.3366,0.6699
mcd_Latn,0.0097,0.0009,0.0097
lia_Latn,0.0097,0.0006,0.0097
kbd_Cyrl,0.0097,0.0009,0.0097
tcs_Latn,0.0194,0.0053,0.0194
tpz_Latn,0.0097,0.0026,0.0097
suc_Latn,0.0097,0.0018,0.0097
boa_Latn,0.0,0.0,0.0
wnu_Latn,0.0097,0.0015,0.0097
des_Latn,0.0097,0.0006,0.0097
ria_Latn,0.0097,0.0059,0.0097
moa_Latn,0.0097,0.0035,0.0097
lat_Latn,0.9126,0.6361,0.9126
gor_Latn,0.0097,0.0056,0.0097
rmq_Latn,0.0291,0.0144,0.0291
ctd_Latn,0.0194,0.0059,0.0194
gle_Latn,0.1456,0.0321,0.1456
bmh_Latn,0.0097,0.0026,0.0097
ven_Latn,0.0097,0.0003,0.0097
asg_Latn,0.0097,0.0006,0.0097
kwd_Latn,0.0097,0.0018,0.0097
krj_Latn,0.1068,0.0229,0.1068
bkq_Latn,0.0194,0.0118,0.0194
cat_Latn,0.7864,0.4916,0.7864
cbc_Latn,0.0097,0.0015,0.0097
dgz_Latn,0.0097,0.0003,0.0097
myv_Cyrl,0.0194,0.0053,0.0194
qug_Latn,0.0097,0.0012,0.0097
dts_Latn,0.0097,0.0012,0.0097
lgm_Latn,0.0,0.0,0.0
tdt_Latn,0.0291,0.0135,0.0291
kac_Latn,0.0097,0.0032,0.0097
yor_Latn,0.0194,0.0082,0.0194
yle_Latn,0.0,0.0,0.0
zac_Latn,0.0194,0.0074,0.0194
bam_Latn,0.0194,0.0109,0.0194
bgt_Latn,0.0194,0.0082,0.0194
gup_Latn,0.0194,0.0088,0.0194
mam_Latn,0.0194,0.0076,0.0194
cmn_Hani,0.7573,0.4501,0.7573
zul_Latn,0.0485,0.0159,0.0485
dyi_Latn,0.0097,0.0026,0.0097
wwa_Latn,0.0097,0.0015,0.0097
hrv_Latn,0.6408,0.3375,0.6408
nxd_Latn,0.0194,0.0076,0.0194
wro_Latn,0.0194,0.0076,0.0194
kiw_Latn,0.0097,0.0012,0.0097
mfk_Latn,0.0097,0.0032,0.0097
hto_Latn,0.0097,0.0029,0.0097
itv_Latn,0.0291,0.0115,0.0291
kck_Latn,0.0291,0.0115,0.0291
kxm_Thai,0.0194,0.0026,0.0194
cpu_Latn,0.0291,0.0091,0.0291
lee_Latn,0.0097,0.0074,0.0097
naq_Latn,0.0097,0.0006,0.0097
ghe_Deva,0.0194,0.005,0.0194
ata_Latn,0.0,0.0,0.0
ziw_Latn,0.0097,0.0047,0.0097
dar_Cyrl,0.0097,0.0009,0.0097
blw_Latn,0.0194,0.0085,0.0194
miy_Latn,0.0097,0.0003,0.0097
bvr_Latn,0.0097,0.0035,0.0097
esk_Latn,0.0194,0.0088,0.0194
ljp_Latn,0.0388,0.0156,0.0388
mcb_Latn,0.0097,0.0024,0.0097
dip_Latn,0.0194,0.0009,0.0194
cjp_Latn,0.0194,0.0088,0.0194
gbo_Latn,0.0,0.0,0.0
top_Latn,0.0097,0.0065,0.0097
zsr_Latn,0.0194,0.0026,0.0194
mog_Latn,0.0291,0.0047,0.0291
qwh_Latn,0.0291,0.0109,0.0291
faa_Latn,0.0,0.0,0.0
mlp_Latn,0.0097,0.0003,0.0097
ghs_Latn,0.0097,0.0006,0.0097
tur_Latn,0.2524,0.085,0.2524
ksr_Latn,0.0097,0.0015,0.0097
deu_Latn,0.8738,0.5684,0.8738
hnj_Latn,0.0097,0.0009,0.0097
nav_Latn,0.0097,0.0018,0.0097
ceb_Latn,0.2039,0.0459,0.2039
sue_Latn,0.0097,0.0024,0.0097
mzw_Latn,0.0194,0.0065,0.0194
nuy_Latn,0.0097,0.0015,0.0097
kdj_Latn,0.0097,0.0006,0.0097
las_Latn,0.0097,0.0041,0.0097
cwt_Latn,0.0291,0.0038,0.0291
eka_Latn,0.0097,0.0009,0.0097
wol_Latn,0.0097,0.0012,0.0097
dad_Latn,0.0097,0.0009,0.0097
pib_Latn,0.0097,0.0018,0.0097
hil_Latn,0.1165,0.0353,0.1165
apw_Latn,0.0097,0.0009,0.0097
yuw_Latn,0.0,0.0,0.0
bkv_Latn,0.0097,0.0065,0.0097
cas_Latn,0.0097,0.0003,0.0097
gyr_Latn,0.0097,0.005,0.0097
ium_Laoo,0.0097,0.0024,0.0097
mmo_Latn,0.0,0.0,0.0
gil_Latn,0.0097,0.0041,0.0097
zad_Latn,0.0097,0.0018,0.0097
mwm_Latn,0.0097,0.0038,0.0097
cko_Latn,0.0194,0.005,0.0194
bgs_Latn,0.0194,0.0079,0.0194
lbj_Tibt,0.0097,0.0018,0.0097
guw_Latn,0.0097,0.0041,0.0097
bdd_Latn,0.0097,0.0079,0.0097
maj_Latn,0.0097,0.0032,0.0097
knv_Latn,0.0194,0.0062,0.0194
smo_Latn,0.0291,0.0065,0.0291
kma_Latn,0.0097,0.0006,0.0097
tlf_Latn,0.0,0.0,0.0
eus_Latn,0.0485,0.0115,0.0485
ary_Arab,0.0583,0.0127,0.0583
guj_Gujr,0.068,0.0091,0.068
hay_Latn,0.0194,0.0056,0.0194
dyo_Latn,0.0097,0.0059,0.0097
bud_Latn,0.0194,0.0047,0.0194
tih_Latn,0.0194,0.0094,0.0194
eza_Latn,0.0097,0.0029,0.0097
iri_Latn,0.0097,0.0071,0.0097
kuj_Latn,0.0097,0.0044,0.0097
whk_Latn,0.0194,0.0062,0.0194
atg_Latn,0.0097,0.0015,0.0097
pne_Latn,0.0291,0.0082,0.0291
naw_Latn,0.0097,0.0009,0.0097
kss_Latn,0.0194,0.0053,0.0194
tem_Latn,0.0097,0.0062,0.0097
agn_Latn,0.0291,0.0109,0.0291
awa_Deva,0.1359,0.0271,0.1359
nsa_Latn,0.0097,0.0003,0.0097
kbr_Latn,0.0097,0.0003,0.0097
mmn_Latn,0.0097,0.0003,0.0097
car_Latn,0.0097,0.0068,0.0097
yva_Latn,0.0194,0.0053,0.0194
hot_Latn,0.0097,0.0006,0.0097
tqb_Latn,0.0,0.0,0.0
ktu_Latn,0.0097,0.0026,0.0097
tbk_Latn,0.0194,0.0041,0.0194
got_Latn,0.0777,0.0194,0.0777
mak_Latn,0.0194,0.005,0.0194
ubr_Latn,0.0194,0.0076,0.0194
yim_Latn,0.0097,0.0003,0.0097
ebk_Latn,0.0194,0.0118,0.0194
bgr_Latn,0.0097,0.0026,0.0097
heh_Latn,0.0097,0.0044,0.0097
gso_Latn,0.0194,0.0053,0.0194
zae_Latn,0.0194,0.0035,0.0194
mwl_Latn,0.233,0.1147,0.233
mya_Mymr,0.0291,0.0035,0.0291
xuo_Latn,0.0097,0.0047,0.0097
huv_Latn,0.0097,0.0009,0.0097
mgr_Latn,0.0194,0.0088,0.0194
tnn_Latn,0.0097,0.0003,0.0097
rar_Latn,0.0485,0.0132,0.0485
aoz_Latn,0.0194,0.0127,0.0194
srp_Cyrl,0.7767,0.3972,0.7767
ndz_Latn,0.0097,0.0009,0.0097
myb_Latn,0.0194,0.0085,0.0194
kew_Latn,0.0097,0.0059,0.0097
sey_Latn,0.0194,0.0035,0.0194
agm_Latn,0.0,0.0,0.0
mhr_Cyrl,0.0194,0.0088,0.0194
bjk_Latn,0.0194,0.0068,0.0194
ksp_Latn,0.0194,0.0079,0.0194
atd_Latn,0.0291,0.01,0.0291
nbc_Latn,0.0097,0.0068,0.0097
kpg_Latn,0.0097,0.0012,0.0097
ojs_Cans,0.0097,0.0006,0.0097
mug_Latn,0.0097,0.0047,0.0097
syb_Latn,0.0291,0.0071,0.0291
mvp_Latn,0.0291,0.0071,0.0291
kje_Latn,0.0194,0.0062,0.0194
arz_Arab,0.5922,0.188,0.5922
tik_Latn,0.0097,0.0003,0.0097
bug_Latn,0.0097,0.0059,0.0097
akh_Latn,0.0097,0.0003,0.0097
esi_Latn,0.0194,0.0015,0.0194
usp_Latn,0.0194,0.0082,0.0194
dje_Latn,0.0097,0.0085,0.0097
pbc_Latn,0.0194,0.0056,0.0194
xsu_Latn,0.0097,0.0021,0.0097
aeb_Arab,0.0777,0.0194,0.0777
wer_Latn,0.0,0.0,0.0
dhm_Latn,0.0097,0.0032,0.0097
btx_Latn,0.0291,0.015,0.0291
mah_Latn,0.0194,0.0059,0.0194
fon_Latn,0.0097,0.0009,0.0097
cop_Copt,0.0097,0.0006,0.0097
aln_Latn,0.1942,0.0553,0.1942
huu_Latn,0.0194,0.0079,0.0194
chz_Latn,0.0194,0.0035,0.0194
poy_Latn,0.0194,0.0062,0.0194
enm_Latn,0.7961,0.5246,0.7961
caq_Latn,0.0097,0.0003,0.0097
ife_Latn,0.0097,0.0018,0.0097
qub_Latn,0.0194,0.0041,0.0194
kbq_Latn,0.0,0.0,0.0
afr_Latn,0.5243,0.2621,0.5243
crx_Latn,0.0194,0.0047,0.0194
xon_Latn,0.0194,0.0088,0.0194
cta_Latn,0.0097,0.0015,0.0097
nfr_Latn,0.0194,0.0065,0.0194
apu_Latn,0.0097,0.0029,0.0097
hin_Latn,0.1456,0.035,0.1456
kpv_Cyrl,0.0194,0.0029,0.0194
kpf_Latn,0.0194,0.0026,0.0194
mkd_Cyrl,0.6117,0.3071,0.6117
teo_Latn,0.0194,0.0024,0.0194
aau_Latn,0.0097,0.0024,0.0097
irk_Latn,0.0194,0.0079,0.0194
crh_Cyrl,0.0388,0.0112,0.0388
bex_Latn,0.0097,0.0029,0.0097
nng_Latn,0.0097,0.0015,0.0097
pbb_Latn,0.0097,0.0053,0.0097
dis_Latn,0.0194,0.005,0.0194
bfo_Latn,0.0194,0.0006,0.0194
mca_Latn,0.0194,0.0044,0.0194
lid_Latn,0.0097,0.0035,0.0097
tos_Latn,0.0097,0.0009,0.0097
nki_Latn,0.0097,0.0047,0.0097
nia_Latn,0.0,0.0,0.0
syc_Syrc,0.0194,0.0009,0.0194
sml_Latn,0.0097,0.0041,0.0097
aia_Latn,0.0194,0.0091,0.0194
gej_Latn,0.0097,0.0041,0.0097
gvc_Latn,0.0097,0.0003,0.0097
apt_Latn,0.0194,0.005,0.0194
kdi_Latn,0.0291,0.0074,0.0291
gla_Latn,0.1359,0.035,0.1359
vut_Latn,0.0194,0.0015,0.0194
quc_Latn,0.0291,0.0053,0.0291
ium_Latn,0.0097,0.0065,0.0097
kbp_Latn,0.0097,0.0032,0.0097
cap_Latn,0.0097,0.0015,0.0097
lww_Latn,0.0,0.0,0.0
enl_Latn,0.0097,0.0021,0.0097
bku_Latn,0.0194,0.0047,0.0194
wiv_Latn,0.0194,0.0038,0.0194
yut_Latn,0.0,0.0,0.0
hla_Latn,0.0194,0.0094,0.0194
sco_Latn,0.3495,0.1418,0.3495
jid_Latn,0.0097,0.0088,0.0097
fal_Latn,0.0194,0.0056,0.0194
nbl_Latn,0.0291,0.01,0.0291
bis_Latn,0.0874,0.0232,0.0874
boj_Latn,0.0097,0.0006,0.0097
gng_Latn,0.0097,0.0006,0.0097
cmo_Khmr,0.0097,0.0003,0.0097
mco_Latn,0.0194,0.0044,0.0194
hau_Latn,0.0291,0.0082,0.0291
nog_Cyrl,0.0291,0.0071,0.0291
zca_Latn,0.0097,0.0032,0.0097
muh_Latn,0.0097,0.0056,0.0097
kyc_Latn,0.0097,0.0003,0.0097
ell_Grek,0.6505,0.3222,0.6505
tlj_Latn,0.0194,0.0038,0.0194
zai_Latn,0.0194,0.0097,0.0194
cnl_Latn,0.0194,0.0012,0.0194
mqy_Latn,0.0194,0.0082,0.0194
guz_Latn,0.0097,0.0062,0.0097
lhu_Latn,0.0,0.0,0.0
zty_Latn,0.0097,0.0003,0.0097
rnl_Latn,0.0097,0.0065,0.0097
tbg_Latn,0.0097,0.0026,0.0097
mhl_Latn,0.0097,0.0003,0.0097
kgp_Latn,0.0194,0.0035,0.0194
bmb_Latn,0.0194,0.0062,0.0194
apz_Latn,0.0,0.0,0.0
pio_Latn,0.0291,0.0076,0.0291
kqy_Ethi,0.0097,0.0012,0.0097
srn_Latn,0.0291,0.0179,0.0291
enb_Latn,0.0097,0.0053,0.0097
yuz_Latn,0.0194,0.0062,0.0194
cbi_Latn,0.0,0.0,0.0
bhl_Latn,0.0097,0.0003,0.0097
rkb_Latn,0.0,0.0,0.0
nsm_Latn,0.0097,0.0003,0.0097
qvz_Latn,0.0097,0.0026,0.0097
sag_Latn,0.0194,0.0056,0.0194
tam_Taml,0.0971,0.0138,0.0971
ngc_Latn,0.0097,0.0009,0.0097
tpp_Latn,0.0194,0.005,0.0194
tha_Thai,0.1262,0.048,0.1262
tsg_Latn,0.0194,0.0062,0.0194
lsi_Latn,0.0097,0.0003,0.0097
dug_Latn,0.0291,0.0106,0.0291
zyb_Latn,0.0097,0.0044,0.0097
bsp_Latn,0.0194,0.0024,0.0194
zpi_Latn,0.0291,0.0053,0.0291
pdt_Latn,0.0485,0.0159,0.0485
djk_Latn,0.0194,0.0024,0.0194
cor_Latn,0.0194,0.0032,0.0194
che_Cyrl,0.0097,0.0026,0.0097
hat_Latn,0.1456,0.0421,0.1456
nnh_Latn,0.0194,0.0079,0.0194
rup_Latn,0.0388,0.0144,0.0388
cle_Latn,0.0097,0.0024,0.0097
mpg_Latn,0.0097,0.0041,0.0097
mcn_Latn,0.0291,0.0065,0.0291
ots_Latn,0.0097,0.0047,0.0097
kmm_Latn,0.0097,0.0009,0.0097
hak_Hani,0.301,0.1097,0.301
maf_Latn,0.0194,0.0106,0.0194
ura_Latn,0.0,0.0,0.0
bdh_Latn,0.0097,0.0059,0.0097
gvl_Latn,0.0097,0.0006,0.0097
azg_Latn,0.0097,0.0044,0.0097
nin_Latn,0.0097,0.0074,0.0097
qul_Latn,0.0291,0.0121,0.0291
ifk_Latn,0.0194,0.0159,0.0194
fub_Latn,0.0291,0.0021,0.0291
dah_Latn,0.0097,0.0006,0.0097
kat_Geor,0.0485,0.015,0.0485
taq_Latn,0.0,0.0,0.0
tbf_Latn,0.0097,0.0035,0.0097
acr_Latn,0.0291,0.0021,0.0291
nhr_Latn,0.0097,0.005,0.0097
tlh_Latn,0.1359,0.0188,0.1359
loq_Latn,0.0097,0.0006,0.0097
gaw_Latn,0.0097,0.0003,0.0097
met_Latn,0.0194,0.0038,0.0194
bss_Latn,0.0097,0.0029,0.0097
ake_Latn,0.0097,0.0065,0.0097
tif_Latn,0.0,0.0,0.0
tzo_Latn,0.0194,0.0053,0.0194
arp_Latn,0.0291,0.0071,0.0291
ian_Latn,0.0097,0.0003,0.0097
kud_Latn,0.0097,0.0088,0.0097
tcz_Latn,0.0194,0.0024,0.0194
miq_Latn,0.0194,0.0068,0.0194
kaz_Cyrl,0.0388,0.0074,0.0388
shn_Mymr,0.0,0.0,0.0
kez_Latn,0.0097,0.0029,0.0097
lem_Latn,0.0097,0.0006,0.0097
lus_Latn,0.0097,0.0032,0.0097
hmr_Latn,0.0097,0.0018,0.0097
kpj_Latn,0.0097,0.0003,0.0097
cbk_Latn,0.1748,0.0918,0.1748
dgr_Latn,0.0097,0.0047,0.0097
twu_Latn,0.0097,0.0074,0.0097
npi_Deva,0.1845,0.0338,0.1845
nso_Latn,0.0194,0.005,0.0194
ivv_Latn,0.0194,0.0068,0.0194
lbk_Latn,0.0291,0.0097,0.0291
rmy_Latn,0.0291,0.0147,0.0291
kde_Latn,0.0194,0.0085,0.0194
tar_Latn,0.0097,0.0012,0.0097
aso_Latn,0.0097,0.0003,0.0097
mxp_Latn,0.0194,0.0021,0.0194
nlc_Latn,0.0,0.0,0.0
gux_Latn,0.0194,0.0059,0.0194
not_Latn,0.0097,0.0026,0.0097
urb_Latn,0.0097,0.0009,0.0097
snw_Latn,0.0097,0.0038,0.0097
ajz_Latn,0.0097,0.0088,0.0097
aim_Latn,0.0097,0.0003,0.0097
nys_Latn,0.0194,0.0029,0.0194
njz_Latn,0.0097,0.0053,0.0097
nim_Latn,0.0097,0.0076,0.0097
bbr_Latn,0.0097,0.0018,0.0097
ese_Latn,0.0097,0.0026,0.0097
kog_Latn,0.0097,0.005,0.0097
otq_Latn,0.0097,0.0026,0.0097
buk_Latn,0.0,0.0,0.0
meu_Latn,0.0097,0.0018,0.0097
bcl_Latn,0.1359,0.0347,0.1359
tvk_Latn,0.0097,0.0003,0.0097
fao_Latn,0.2718,0.0841,0.2718
csk_Latn,0.0194,0.0021,0.0194
tab_Cyrl,0.0097,0.0059,0.0097
due_Latn,0.0194,0.0044,0.0194
gnd_Latn,0.0194,0.005,0.0194
suz_Deva,0.0097,0.0009,0.0097
ons_Latn,0.0097,0.0044,0.0097
suk_Latn,0.0194,0.0053,0.0194
kue_Latn,0.0,0.0,0.0
wob_Latn,0.0097,0.0012,0.0097
mxq_Latn,0.0097,0.0015,0.0097
eko_Latn,0.0097,0.0006,0.0097
apy_Latn,0.0097,0.0009,0.0097
nsn_Latn,0.0097,0.0015,0.0097
crt_Latn,0.0194,0.0082,0.0194
urd_Arab,0.2427,0.0615,0.2427
npy_Latn,0.0194,0.0118,0.0194
sbs_Latn,0.0194,0.0068,0.0194
ttc_Latn,0.0097,0.0012,0.0097
ojb_Latn,0.0097,0.0003,0.0097
srm_Latn,0.0194,0.0062,0.0194
mwc_Latn,0.0194,0.0029,0.0194
zaj_Latn,0.0194,0.0038,0.0194
kha_Latn,0.0097,0.0003,0.0097
tna_Latn,0.0194,0.0082,0.0194
hvn_Latn,0.0291,0.005,0.0291
mad_Latn,0.0194,0.0068,0.0194
izr_Latn,0.0194,0.0056,0.0194
mbs_Latn,0.0291,0.0085,0.0291
btt_Latn,0.0097,0.0009,0.0097
kmo_Latn,0.0,0.0,0.0
gag_Cyrl,0.0291,0.0103,0.0291
aze_Latn,0.1359,0.0388,0.1359
ayr_Latn,0.0194,0.0062,0.0194
nou_Latn,0.0194,0.0009,0.0194
gvn_Latn,0.0097,0.0024,0.0097
cgc_Latn,0.0291,0.0121,0.0291
mxv_Latn,0.0097,0.0006,0.0097
kwj_Latn,0.0097,0.0021,0.0097
kdc_Latn,0.0194,0.0062,0.0194
sgz_Latn,0.0097,0.0029,0.0097
tbc_Latn,0.0097,0.0003,0.0097
kru_Deva,0.0194,0.0071,0.0194
crs_Latn,0.0777,0.0209,0.0777
por_Latn,0.8738,0.5708,0.8738
kqs_Latn,0.0097,0.0003,0.0097
chq_Latn,0.0097,0.0026,0.0097
vie_Latn,0.3398,0.1377,0.3398
zam_Latn,0.0194,0.0009,0.0194
nyu_Latn,0.0097,0.0038,0.0097
mbt_Latn,0.0194,0.0068,0.0194
bts_Latn,0.0291,0.0074,0.0291
urd_Latn,0.2427,0.06,0.2427
cnh_Latn,0.0194,0.0015,0.0194
azb_Latn,0.1553,0.0456,0.1553
mar_Deva,0.068,0.0109,0.068
bgz_Latn,0.0194,0.0082,0.0194
nmz_Latn,0.0194,0.0118,0.0194
mck_Latn,0.0097,0.0012,0.0097
lin_Latn,0.0388,0.01,0.0388
alt_Cyrl,0.0097,0.0015,0.0097
anm_Latn,0.0097,0.0003,0.0097
mfe_Latn,0.0485,0.0147,0.0485
zpl_Latn,0.0097,0.0032,0.0097
kyg_Latn,0.0097,0.0003,0.0097
fra_Latn,0.9903,0.7746,0.9903
tee_Latn,0.0097,0.0018,0.0097
yaq_Latn,0.0,0.0,0.0
kub_Latn,0.0097,0.0018,0.0097
bon_Latn,0.0097,0.0009,0.0097
cek_Latn,0.0097,0.0044,0.0097
eng_Latn,1.0,1.0,1.0
tte_Latn,0.0097,0.0009,0.0097
emp_Latn,0.0097,0.0044,0.0097
quh_Latn,0.0291,0.0091,0.0291
tgl_Latn,0.301,0.118,0.301
gid_Latn,0.0097,0.0015,0.0097
oym_Latn,0.0,0.0,0.0
kal_Latn,0.0194,0.0038,0.0194
sab_Latn,0.0097,0.0012,0.0097
mhi_Latn,0.0194,0.0121,0.0194
fuf_Latn,0.0097,0.0003,0.0097
tuk_Cyrl,0.0194,0.0024,0.0194
bnp_Latn,0.0194,0.0032,0.0194
swe_Latn,0.7961,0.4663,0.7961
nld_Latn,0.9223,0.5999,0.9223
snp_Latn,0.0097,0.0003,0.0097
shi_Latn,0.0097,0.0079,0.0097
ald_Latn,0.0097,0.0026,0.0097
vid_Latn,0.0097,0.0038,0.0097
nij_Latn,0.0194,0.0112,0.0194
wca_Latn,0.0097,0.0018,0.0097
mwe_Latn,0.0097,0.0038,0.0097
nhu_Latn,0.0097,0.0003,0.0097
kyf_Latn,0.0194,0.0029,0.0194
sja_Latn,0.0097,0.0018,0.0097
zpm_Latn,0.0097,0.0006,0.0097
kix_Latn,0.0,0.0,0.0
bum_Latn,0.0194,0.0103,0.0194
klv_Latn,0.0194,0.0012,0.0194
qxr_Latn,0.0194,0.0035,0.0194
akb_Latn,0.0194,0.0044,0.0194
nnl_Latn,0.0097,0.0024,0.0097
bfd_Latn,0.0097,0.0024,0.0097
tzh_Latn,0.0194,0.0041,0.0194
pbi_Latn,0.0097,0.0021,0.0097
tpt_Latn,0.0097,0.005,0.0097
ndp_Latn,0.0097,0.0091,0.0097
pkb_Latn,0.0194,0.0047,0.0194
lsm_Latn,0.0194,0.0082,0.0194
ses_Latn,0.0097,0.0088,0.0097
gnb_Latn,0.0097,0.0041,0.0097
yap_Latn,0.0097,0.0018,0.0097
cut_Latn,0.0194,0.0062,0.0194
iqw_Latn,0.0097,0.0035,0.0097
agg_Latn,0.0,0.0,0.0
ted_Latn,0.0,0.0,0.0
fai_Latn,0.0097,0.0003,0.0097
vap_Latn,0.0097,0.0009,0.0097
biv_Latn,0.0097,0.0044,0.0097
maa_Latn,0.0194,0.0088,0.0194
nlg_Latn,0.0291,0.0109,0.0291
dks_Latn,0.0194,0.0009,0.0194
nop_Latn,0.0097,0.0056,0.0097
zao_Latn,0.0194,0.0056,0.0194
nii_Latn,0.0097,0.0003,0.0097
shj_Latn,0.0097,0.0062,0.0097
jav_Latn,0.0291,0.0159,0.0291
kao_Latn,0.0194,0.0088,0.0194
crq_Latn,0.0194,0.0082,0.0194
tgo_Latn,0.0194,0.0021,0.0194
yrk_Cyrl,0.0194,0.0079,0.0194
ncu_Latn,0.0097,0.0009,0.0097
plg_Latn,0.0097,0.0006,0.0097
cax_Latn,0.0194,0.0053,0.0194
mxt_Latn,0.0194,0.0053,0.0194
hig_Latn,0.0194,0.0088,0.0194
stq_Latn,0.0777,0.0271,0.0777
acu_Latn,0.0097,0.0012,0.0097
cth_Latn,0.0194,0.0044,0.0194
tav_Latn,0.0097,0.0006,0.0097
myk_Latn,0.0097,0.0047,0.0097
nds_Latn,0.0388,0.0188,0.0388
sun_Latn,0.0291,0.0094,0.0291
biu_Latn,0.0097,0.0006,0.0097
pmx_Latn,0.0097,0.0003,0.0097
prs_Arab,0.4757,0.16,0.4757
ssw_Latn,0.0194,0.0079,0.0194
agd_Latn,0.0097,0.0012,0.0097
dob_Latn,0.0097,0.0074,0.0097
waj_Latn,0.0,0.0,0.0
bci_Latn,0.0097,0.0041,0.0097
imo_Latn,0.0,0.0,0.0
aii_Syrc,0.0,0.0,0.0
nno_Latn,0.3883,0.1874,0.3883
jvn_Latn,0.0291,0.0118,0.0291
shk_Latn,0.0097,0.0062,0.0097
chr_Latn,0.0097,0.0006,0.0097
mtp_Latn,0.0097,0.0053,0.0097
mri_Latn,0.1942,0.0462,0.1942
kmk_Latn,0.0194,0.0071,0.0194
sme_Latn,0.0097,0.0006,0.0097
nus_Latn,0.0194,0.0068,0.0194
ffm_Latn,0.0097,0.0006,0.0097
ckb_Arab,0.0388,0.0115,0.0388
taw_Latn,0.0097,0.0012,0.0097
dan_Latn,0.7864,0.489,0.7864
swg_Latn,0.2427,0.0947,0.2427
stp_Latn,0.0097,0.0026,0.0097
hif_Latn,0.1262,0.0247,0.1262
nct_Latn,0.0097,0.0056,0.0097
kqp_Latn,0.0097,0.0006,0.0097
uzb_Cyrl,0.0485,0.0079,0.0485
sri_Latn,0.0097,0.0012,0.0097
kan_Latn,0.0097,0.0024,0.0097
sgw_Ethi,0.0194,0.0062,0.0194
gkn_Latn,0.0194,0.0021,0.0194
leh_Latn,0.0194,0.0038,0.0194
cso_Latn,0.0194,0.0009,0.0194
crm_Cans,0.0097,0.0009,0.0097
rim_Latn,0.0097,0.0038,0.0097
jic_Latn,0.0097,0.0026,0.0097
spa_Latn,0.7961,0.536,0.7961
var_Latn,0.0097,0.0009,0.0097
bom_Latn,0.0194,0.0082,0.0194
blz_Latn,0.0194,0.0044,0.0194
kua_Latn,0.0194,0.005,0.0194
mit_Latn,0.0097,0.0012,0.0097
mjc_Latn,0.0194,0.0032,0.0194
som_Latn,0.0194,0.0041,0.0194
ckt_Cyrl,0.0097,0.0021,0.0097
tzj_Latn,0.0194,0.0082,0.0194
cot_Latn,0.0097,0.0026,0.0097
beq_Latn,0.0194,0.0047,0.0194
ikw_Latn,0.0097,0.0012,0.0097
xrb_Latn,0.0097,0.0059,0.0097
nhw_Latn,0.0291,0.0065,0.0291
bch_Latn,0.0194,0.0044,0.0194
zpo_Latn,0.0194,0.0035,0.0194
kiz_Latn,0.0291,0.0121,0.0291
ann_Latn,0.0097,0.0003,0.0097
meq_Latn,0.0097,0.0047,0.0097
bbj_Latn,0.0097,0.0009,0.0097
njb_Latn,0.0097,0.0062,0.0097
zas_Latn,0.0194,0.0074,0.0194
rad_Latn,0.0194,0.0062,0.0194
bqc_Latn,0.0097,0.0021,0.0097
mbj_Latn,0.0097,0.0018,0.0097
trc_Latn,0.0097,0.0021,0.0097
hye_Latn,0.0097,0.005,0.0097
mmx_Latn,0.0194,0.0082,0.0194
quw_Latn,0.0194,0.0094,0.0194
enx_Latn,0.0097,0.0018,0.0097
pol_Latn,0.835,0.4816,0.835
kum_Cyrl,0.0097,0.0006,0.0097
wib_Latn,0.0,0.0,0.0
tue_Latn,0.0097,0.0018,0.0097
uli_Latn,0.0291,0.0021,0.0291
mop_Latn,0.0097,0.0041,0.0097
leu_Latn,0.0194,0.0032,0.0194
yao_Latn,0.0194,0.0082,0.0194
kff_Telu,0.0,0.0,0.0
uig_Latn,0.0097,0.0035,0.0097
cuk_Latn,0.0097,0.0006,0.0097
iba_Latn,0.0194,0.0071,0.0194
sur_Latn,0.0097,0.0035,0.0097
ndo_Latn,0.0194,0.0047,0.0194
msk_Latn,0.0388,0.0162,0.0388
dig_Latn,0.0388,0.0138,0.0388
mcu_Latn,0.0097,0.0029,0.0097
lip_Latn,0.0097,0.0032,0.0097
xav_Latn,0.0,0.0,0.0
sop_Latn,0.0097,0.0006,0.0097
ory_Orya,0.0097,0.0006,0.0097
mur_Latn,0.0097,0.0015,0.0097
obo_Latn,0.0291,0.0056,0.0291
ind_Latn,0.5243,0.2248,0.5243
cnw_Latn,0.0097,0.0059,0.0097
mqb_Latn,0.0,0.0,0.0
snn_Latn,0.0,0.0,0.0
aom_Latn,0.0194,0.0021,0.0194
bru_Latn,0.0097,0.0003,0.0097
khy_Latn,0.0097,0.0041,0.0097
alz_Latn,0.0194,0.0026,0.0194
zar_Latn,0.0097,0.0018,0.0097
cbr_Latn,0.0097,0.0024,0.0097
hlt_Latn,0.0097,0.0003,0.0097
nch_Latn,0.0194,0.005,0.0194
yua_Latn,0.0097,0.0035,0.0097
sbk_Latn,0.0097,0.0038,0.0097
giz_Latn,0.0097,0.0035,0.0097
qva_Latn,0.0194,0.0074,0.0194
ach_Latn,0.0097,0.0029,0.0097
ctu_Latn,0.0097,0.0012,0.0097
kgk_Latn,0.0097,0.0015,0.0097
mza_Latn,0.0194,0.0041,0.0194
sus_Latn,0.0097,0.0065,0.0097
kvj_Latn,0.0097,0.0041,0.0097
yan_Latn,0.0194,0.0062,0.0194
yby_Latn,0.0,0.0,0.0
ntp_Latn,0.0,0.0,0.0
lcm_Latn,0.0097,0.0003,0.0097
tcc_Latn,0.0097,0.0076,0.0097
mih_Latn,0.0097,0.0041,0.0097
nri_Latn,0.0194,0.0035,0.0194
ksd_Latn,0.0194,0.0091,0.0194
ign_Latn,0.0194,0.0059,0.0194
khm_Khmr,0.0194,0.0035,0.0194
tof_Latn,0.0097,0.0003,0.0097
pwg_Latn,0.0097,0.005,0.0097
bsj_Latn,0.0097,0.0065,0.0097
ame_Latn,0.0097,0.0018,0.0097
ptp_Latn,0.0097,0.0006,0.0097
ahk_Latn,0.0,0.0,0.0
bus_Latn,0.0097,0.0041,0.0097
qxl_Latn,0.0194,0.0044,0.0194
soq_Latn,0.0097,0.0012,0.0097
bvd_Latn,0.0194,0.0076,0.0194
hye_Armn,0.1359,0.0221,0.1359
pri_Latn,0.0,0.0,0.0
gwi_Latn,0.0194,0.0062,0.0194
bem_Latn,0.0194,0.0115,0.0194
ikk_Latn,0.0194,0.0068,0.0194
dif_Latn,0.0194,0.0053,0.0194
kaq_Latn,0.0097,0.0006,0.0097
aer_Latn,0.0194,0.0006,0.0194
gjn_Latn,0.0,0.0,0.0
nsu_Latn,0.0194,0.0056,0.0194
kqo_Latn,0.0097,0.0012,0.0097
san_Deva,0.2039,0.0533,0.2039
pon_Latn,0.0097,0.0003,0.0097
caf_Latn,0.0097,0.0032,0.0097
apb_Latn,0.0097,0.0021,0.0097
rmc_Latn,0.0291,0.0132,0.0291
mbh_Latn,0.0194,0.0032,0.0194
gfk_Latn,0.0097,0.0079,0.0097
lhm_Latn,0.0,0.0,0.0
gub_Latn,0.0,0.0,0.0
pck_Latn,0.0097,0.0044,0.0097
xsb_Latn,0.0388,0.0147,0.0388
cnt_Latn,0.0097,0.0018,0.0097
rro_Latn,0.0291,0.0038,0.0291
jra_Latn,0.0194,0.0088,0.0194
mto_Latn,0.0097,0.0015,0.0097
pfe_Latn,0.0,0.0,0.0
hub_Latn,0.0194,0.0041,0.0194
aly_Latn,0.0097,0.0006,0.0097
khz_Latn,0.0097,0.0018,0.0097
aon_Latn,0.0097,0.0053,0.0097
ewo_Latn,0.0291,0.0118,0.0291
amf_Latn,0.0097,0.0015,0.0097
tir_Ethi,0.0,0.0,0.0
mfy_Latn,0.0097,0.0015,0.0097
men_Latn,0.0097,0.0003,0.0097
gam_Latn,0.0097,0.0003,0.0097
bcw_Latn,0.0097,0.0003,0.0097
szb_Latn,0.0097,0.0026,0.0097
nmf_Latn,0.0097,0.0012,0.0097
djr_Latn,0.0097,0.0003,0.0097
cok_Latn,0.0097,0.0003,0.0097
nnq_Latn,0.0097,0.0015,0.0097
qxo_Latn,0.0194,0.0056,0.0194
amh_Ethi,0.0097,0.0024,0.0097
cui_Latn,0.0097,0.0003,0.0097
abt_Latn,0.0097,0.0003,0.0097
yam_Latn,0.0194,0.0068,0.0194
tpi_Latn,0.1165,0.0271,0.1165
pmf_Latn,0.0194,0.005,0.0194
iws_Latn,0.0194,0.0059,0.0194
mor_Latn,0.0097,0.0074,0.0097
lew_Latn,0.0194,0.0082,0.0194
mle_Latn,0.0,0.0,0.0
glv_Latn,0.0291,0.0079,0.0291
stn_Latn,0.0194,0.0038,0.0194
hix_Latn,0.0097,0.0006,0.0097
ncj_Latn,0.0291,0.0076,0.0291
dgi_Latn,0.0097,0.0026,0.0097
cag_Latn,0.0194,0.005,0.0194
crn_Latn,0.0097,0.0006,0.0097
ldi_Latn,0.0194,0.0062,0.0194
nst_Latn,0.0097,0.0018,0.0097
qvc_Latn,0.0097,0.0003,0.0097
dww_Latn,0.0194,0.0044,0.0194
tgp_Latn,0.0291,0.0115,0.0291
shu_Latn,0.0194,0.0082,0.0194
xed_Latn,0.0097,0.0003,0.0097
ilo_Latn,0.0388,0.0085,0.0388
guc_Latn,0.0291,0.0082,0.0291
mrw_Latn,0.0194,0.0059,0.0194
tku_Latn,0.0194,0.0041,0.0194
xsr_Deva,0.0097,0.0021,0.0097
mbi_Latn,0.0097,0.0003,0.0097
qxn_Latn,0.0194,0.0129,0.0194
prk_Latn,0.0194,0.0094,0.0194
sld_Latn,0.0097,0.0018,0.0097
nnp_Latn,0.0,0.0,0.0
pab_Latn,0.0097,0.0009,0.0097
beo_Latn,0.0097,0.0003,0.0097
uvh_Latn,0.0097,0.0026,0.0097
nhi_Latn,0.0194,0.0094,0.0194
gqr_Latn,0.0194,0.0009,0.0194
zpq_Latn,0.0194,0.0047,0.0194
cym_Latn,0.1359,0.0388,0.1359
kjs_Latn,0.0097,0.0012,0.0097
grt_Beng,0.0194,0.0044,0.0194
gkp_Latn,0.0097,0.0006,0.0097
adl_Latn,0.0097,0.0041,0.0097
mos_Latn,0.0097,0.0012,0.0097
nbu_Latn,0.0097,0.0006,0.0097
cco_Latn,0.0097,0.0041,0.0097
tuf_Latn,0.0194,0.0062,0.0194
ksf_Latn,0.0,0.0,0.0
yre_Latn,0.0,0.0,0.0
tca_Latn,0.0097,0.0006,0.0097
ntr_Latn,0.0194,0.0068,0.0194
kaa_Cyrl,0.0194,0.0056,0.0194
yal_Latn,0.0194,0.0056,0.0194
epo_Latn,0.5728,0.2548,0.5728
lit_Latn,0.2233,0.0771,0.2233
mcq_Latn,0.0097,0.0006,0.0097
sot_Latn,0.0291,0.0091,0.0291
gde_Latn,0.0097,0.0071,0.0097
hak_Latn,0.0097,0.0053,0.0097
nnw_Latn,0.0097,0.005,0.0097
usa_Latn,0.0097,0.0021,0.0097
upv_Latn,0.0097,0.0032,0.0097
mpx_Latn,0.0097,0.0065,0.0097
mva_Latn,0.0097,0.0041,0.0097
war_Latn,0.0388,0.0109,0.0388
lom_Latn,0.0097,0.0009,0.0097
toc_Latn,0.0097,0.0012,0.0097
zpv_Latn,0.0097,0.0026,0.0097
sim_Latn,0.0,0.0,0.0
ptu_Latn,0.0291,0.0109,0.0291
bzd_Latn,0.0097,0.0021,0.0097
tel_Telu,0.0194,0.0029,0.0194
cpa_Latn,0.0,0.0,0.0
far_Latn,0.0194,0.0071,0.0194
awb_Latn,0.0,0.0,0.0
luo_Latn,0.0097,0.0024,0.0097
bim_Latn,0.0097,0.0074,0.0097
ojb_Cans,0.0097,0.0003,0.0097
wmw_Latn,0.0291,0.0071,0.0291
zlm_Latn,0.5049,0.2036,0.5049
arl_Latn,0.0097,0.0024,0.0097
seh_Latn,0.0291,0.01,0.0291
nwb_Latn,0.0097,0.0056,0.0097
ntu_Latn,0.0,0.0,0.0
sah_Cyrl,0.0,0.0,0.0
pes_Arab,0.4757,0.16,0.4757
isd_Latn,0.0291,0.0112,0.0291
gof_Latn,0.0097,0.0006,0.0097
hin_Deva,0.301,0.1027,0.301
tby_Latn,0.0194,0.0076,0.0194
ctp_Latn,0.0194,0.005,0.0194
srp_Latn,0.767,0.3566,0.767
twi_Latn,0.0194,0.0074,0.0194
gya_Latn,0.0097,0.0047,0.0097
poh_Latn,0.0194,0.0047,0.0194
mnk_Latn,0.0097,0.0012,0.0097
nyo_Latn,0.0194,0.0076,0.0194
niq_Latn,0.0194,0.0018,0.0194
chk_Latn,0.0097,0.0038,0.0097
mti_Latn,0.0097,0.0029,0.0097
zaw_Latn,0.0194,0.0056,0.0194
ayo_Latn,0.0097,0.0003,0.0097
gvs_Latn,0.0097,0.0021,0.0097
gud_Latn,0.0097,0.0009,0.0097
pcm_Latn,0.1845,0.0633,0.1845
cme_Latn,0.0097,0.0026,0.0097
kmr_Latn,0.0194,0.0074,0.0194
kir_Cyrl,0.0097,0.0035,0.0097
kne_Latn,0.0388,0.0129,0.0388
mdy_Ethi,0.0097,0.0015,0.0097
bsn_Latn,0.0097,0.0009,0.0097
tob_Latn,0.0194,0.0079,0.0194
lol_Latn,0.0097,0.0068,0.0097
anv_Latn,0.0194,0.0082,0.0194
sil_Latn,0.0194,0.005,0.0194
nho_Latn,0.0291,0.0082,0.0291
efi_Latn,0.0194,0.0035,0.0194
pad_Latn,0.0097,0.0059,0.0097
nma_Latn,0.0097,0.0018,0.0097
run_Latn,0.0291,0.0076,0.0291
otm_Latn,0.0194,0.0041,0.0194
mcp_Latn,0.0097,0.0029,0.0097
qxh_Latn,0.0194,0.0079,0.0194
mil_Latn,0.0097,0.0029,0.0097
kvn_Latn,0.0097,0.0003,0.0097
ndj_Latn,0.0194,0.0068,0.0194
spy_Latn,0.0,0.0,0.0
pma_Latn,0.0,0.0,0.0
att_Latn,0.0097,0.0088,0.0097
hmo_Latn,0.0097,0.0059,0.0097
pan_Guru,0.0097,0.0003,0.0097
byr_Latn,0.0097,0.0015,0.0097
adj_Latn,0.0194,0.0024,0.0194
qve_Latn,0.0194,0.0032,0.0194
aeu_Latn,0.0097,0.0018,0.0097
caa_Latn,0.0194,0.0035,0.0194
poi_Latn,0.0097,0.005,0.0097
srq_Latn,0.0194,0.0029,0.0194
bkd_Latn,0.0194,0.0094,0.0194
ifu_Latn,0.0194,0.0038,0.0194
cbv_Latn,0.0194,0.0038,0.0194
ncl_Latn,0.0194,0.0041,0.0194
ape_Latn,0.0097,0.0047,0.0097
bnj_Latn,0.0,0.0,0.0
gog_Latn,0.0194,0.0024,0.0194
kms_Latn,0.0097,0.0053,0.0097
bth_Latn,0.0194,0.0097,0.0194
mai_Deva,0.0583,0.0121,0.0583
guk_Ethi,0.0097,0.0009,0.0097
zav_Latn,0.0194,0.0015,0.0194
kkj_Latn,0.0097,0.0026,0.0097
nyn_Latn,0.0194,0.0065,0.0194
aoi_Latn,0.0,0.0,0.0
ndi_Latn,0.0097,0.0047,0.0097
arn_Latn,0.0194,0.0009,0.0194
ces_Latn,0.7961,0.4292,0.7961
tsz_Latn,0.0194,0.0009,0.0194
bov_Latn,0.0097,0.0015,0.0097
tpm_Latn,0.0194,0.0079,0.0194
mio_Latn,0.0097,0.0006,0.0097
iry_Latn,0.0097,0.0085,0.0097
roo_Latn,0.0097,0.0009,0.0097
adi_Latn,0.0097,0.0056,0.0097
cpc_Latn,0.0291,0.0106,0.0291
tuc_Latn,0.0097,0.0032,0.0097
zia_Latn,0.0097,0.0047,0.0097
ksc_Latn,0.0291,0.0121,0.0291
ded_Latn,0.0097,0.0029,0.0097
fry_Latn,0.0583,0.0253,0.0583
inb_Latn,0.0194,0.0076,0.0194
wap_Latn,0.0097,0.0035,0.0097
kia_Latn,0.0097,0.0032,0.0097
zpt_Latn,0.0194,0.0082,0.0194
yml_Latn,0.0,0.0,0.0
gai_Latn,0.0097,0.0032,0.0097
mej_Latn,0.0194,0.0097,0.0194
gdg_Latn,0.0194,0.0103,0.0194
otn_Latn,0.0291,0.0118,0.0291
pag_Latn,0.0291,0.0079,0.0291
msm_Latn,0.0194,0.0044,0.0194
azz_Latn,0.0194,0.0044,0.0194
aym_Latn,0.0194,0.0082,0.0194
kng_Latn,0.0097,0.0012,0.0097
eve_Cyrl,0.0,0.0,0.0
lhi_Latn,0.0097,0.005,0.0097
mbl_Latn,0.0097,0.0003,0.0097
lif_Limb,0.0097,0.0006,0.0097
shp_Latn,0.0097,0.0047,0.0097
kki_Latn,0.0194,0.0041,0.0194
sxn_Latn,0.0097,0.0009,0.0097
emi_Latn,0.0097,0.0024,0.0097
cbu_Latn,0.0,0.0,0.0
bhp_Latn,0.0194,0.0071,0.0194
cab_Latn,0.0291,0.0103,0.0291
dwr_Latn,0.0097,0.0062,0.0097
sbl_Latn,0.0291,0.0085,0.0291
sgb_Latn,0.0291,0.0088,0.0291
cwe_Latn,0.0097,0.0085,0.0097
old_Latn,0.0194,0.0038,0.0194
pis_Latn,0.0874,0.0179,0.0874
nbq_Latn,0.0097,0.0009,0.0097
naf_Latn,0.0,0.0,0.0
ksb_Latn,0.0097,0.0041,0.0097
adh_Latn,0.0194,0.0074,0.0194
cpb_Latn,0.0291,0.0124,0.0291
ita_Latn,0.9515,0.7402,0.9515
min_Latn,0.0388,0.0147,0.0388
cul_Latn,0.0,0.0,0.0
ron_Latn,0.6117,0.3372,0.6117
wnc_Latn,0.0097,0.0003,0.0097
cly_Latn,0.0097,0.0041,0.0097
bak_Cyrl,0.0194,0.0044,0.0194
con_Latn,0.0097,0.0009,0.0097
lif_Deva,0.0097,0.0018,0.0097
hra_Latn,0.0097,0.0009,0.0097
mcr_Latn,0.0097,0.0018,0.0097
tiy_Latn,0.0194,0.0082,0.0194
zpu_Latn,0.0194,0.005,0.0194
gah_Latn,0.0,0.0,0.0
uvl_Latn,0.0194,0.0056,0.0194
uig_Arab,0.0291,0.0068,0.0291
zat_Latn,0.0194,0.0082,0.0194
mtj_Latn,0.0194,0.0053,0.0194
tyv_Cyrl,0.0194,0.0024,0.0194
jam_Latn,0.068,0.0177,0.068
knf_Latn,0.0097,0.0003,0.0097
maz_Latn,0.0097,0.0012,0.0097
gug_Latn,0.0194,0.0026,0.0194
pir_Latn,0.0097,0.0003,0.0097
tbz_Latn,0.0097,0.0003,0.0097
acn_Latn,0.0097,0.0003,0.0097
lac_Latn,0.0194,0.005,0.0194
qup_Latn,0.0097,0.0053,0.0097
kbc_Latn,0.0097,0.0021,0.0097
cbt_Latn,0.0,0.0,0.0
cac_Latn,0.0291,0.0112,0.0291
ter_Latn,0.0,0.0,0.0
zyp_Latn,0.0097,0.0003,0.0097
hne_Deva,0.068,0.0144,0.068
cce_Latn,0.0194,0.0062,0.0194
ava_Cyrl,0.0097,0.0003,0.0097
cub_Latn,0.0097,0.0029,0.0097
mjw_Latn,0.0097,0.0085,0.0097
kek_Latn,0.0097,0.0047,0.0097
tgk_Cyrl,0.0194,0.0032,0.0194
soy_Latn,0.0097,0.0029,0.0097
esu_Latn,0.0291,0.0024,0.0291
tuk_Arab,0.0097,0.0021,0.0097
rub_Latn,0.0194,0.005,0.0194
pah_Latn,0.0097,0.0035,0.0097
msb_Latn,0.0874,0.0229,0.0874
dow_Latn,0.0097,0.005,0.0097
kin_Latn,0.0194,0.0065,0.0194
amm_Latn,0.0,0.0,0.0
ton_Latn,0.0194,0.0047,0.0194
mee_Latn,0.0097,0.0047,0.0097
bqj_Latn,0.0097,0.0085,0.0097
hui_Latn,0.0097,0.0003,0.0097
jac_Latn,0.0291,0.0082,0.0291
rus_Cyrl,0.8932,0.6352,0.8932
chf_Latn,0.0194,0.0047,0.0194
bbc_Latn,0.0291,0.0082,0.0291
mqj_Latn,0.0291,0.0109,0.0291
gui_Latn,0.0194,0.0079,0.0194
xsi_Latn,0.0097,0.0035,0.0097
snf_Latn,0.0,0.0,0.0
for_Latn,0.0,0.0,0.0
btd_Latn,0.0194,0.0118,0.0194
mbc_Latn,0.0097,0.0024,0.0097
kjh_Cyrl,0.0097,0.0015,0.0097
ycn_Latn,0.0194,0.0047,0.0194
tac_Latn,0.0,0.0,0.0
lam_Latn,0.0194,0.0053,0.0194
bmq_Latn,0.0097,0.0003,0.0097
ktj_Latn,0.0097,0.0006,0.0097
dgc_Latn,0.0388,0.0103,0.0388
ify_Latn,0.0194,0.0056,0.0194
poe_Latn,0.0097,0.0035,0.0097
enq_Latn,0.0,0.0,0.0
aey_Latn,0.0,0.0,0.0
qvi_Latn,0.0097,0.0006,0.0097
mnf_Latn,0.0,0.0,0.0
sat_Latn,0.0097,0.0047,0.0097
kbm_Latn,0.0097,0.0035,0.0097
cuc_Latn,0.0097,0.0035,0.0097
aai_Latn,0.0097,0.0071,0.0097
box_Latn,0.0097,0.0003,0.0097
ndg_Latn,0.0291,0.0141,0.0291
ngp_Latn,0.0097,0.0053,0.0097
mzh_Latn,0.0194,0.0059,0.0194
krc_Cyrl,0.0097,0.0003,0.0097
kpz_Latn,0.0097,0.0056,0.0097
tum_Latn,0.0194,0.0074,0.0194
vag_Latn,0.0097,0.0029,0.0097
bjv_Latn,0.0097,0.0012,0.0097
mox_Latn,0.0194,0.0065,0.0194
jiv_Latn,0.0097,0.0006,0.0097
zho_Hani,0.6505,0.3457,0.6505
bzh_Latn,0.0097,0.0012,0.0097
zpz_Latn,0.0097,0.0006,0.0097
bsc_Latn,0.0097,0.0053,0.0097
zsm_Latn,0.1068,0.03,0.1068
gag_Latn,0.165,0.0424,0.165
too_Latn,0.0194,0.005,0.0194
aze_Cyrl,0.0194,0.0038,0.0194
cjo_Latn,0.0097,0.0035,0.0097
dov_Latn,0.0097,0.0088,0.0097
kyq_Latn,0.0194,0.0021,0.0194
wbi_Latn,0.0194,0.0041,0.0194
xtn_Latn,0.0194,0.0068,0.0194
kzf_Latn,0.0194,0.005,0.0194
mpt_Latn,0.0,0.0,0.0
chv_Cyrl,0.0194,0.0062,0.0194
hag_Latn,0.0097,0.0003,0.0097
est_Latn,0.233,0.0756,0.233
mau_Latn,0.0194,0.0029,0.0194
mbb_Latn,0.0097,0.0006,0.0097
guh_Latn,0.0194,0.0032,0.0194
jbu_Latn,0.0097,0.0006,0.0097
fij_Latn,0.0194,0.0038,0.0194
udu_Latn,0.0097,0.0012,0.0097
ewe_Latn,0.0097,0.0012,0.0097
tnp_Latn,0.0,0.0,0.0
qvh_Latn,0.0194,0.0056,0.0194
nph_Latn,0.0194,0.0056,0.0194
ozm_Latn,0.0097,0.0029,0.0097
kqe_Latn,0.0097,0.0074,0.0097
nca_Latn,0.0097,0.0056,0.0097
pls_Latn,0.0097,0.0009,0.0097
bki_Latn,0.0,0.0,0.0
wos_Latn,0.0097,0.0012,0.0097
fuq_Latn,0.0097,0.0009,0.0097
aca_Latn,0.0194,0.0056,0.0194
muy_Latn,0.0097,0.0044,0.0097
xtm_Latn,0.0194,0.0062,0.0194
mvn_Latn,0.0194,0.0094,0.0194
lob_Latn,0.0097,0.0003,0.0097
hwc_Latn,0.4175,0.1862,0.4175
amo_Latn,0.0097,0.0059,0.0097
sll_Latn,0.0,0.0,0.0
chu_Cyrl,0.7476,0.4472,0.7476
nmo_Latn,0.0097,0.0003,0.0097
clu_Latn,0.068,0.0224,0.068
mzk_Latn,0.0194,0.0097,0.0194
tsw_Latn,0.0,0.0,0.0
yad_Latn,0.0,0.0,0.0
mib_Latn,0.0194,0.0088,0.0194
bxr_Cyrl,0.0,0.0,0.0
csy_Latn,0.0097,0.0056,0.0097
bib_Latn,0.0194,0.0026,0.0194
cao_Latn,0.0097,0.0006,0.0097
sba_Latn,0.0097,0.0026,0.0097
mkj_Latn,0.0194,0.0047,0.0194
asm_Beng,0.0388,0.0047,0.0388
kxc_Ethi,0.0097,0.0003,0.0097
zga_Latn,0.0097,0.0088,0.0097
ppk_Latn,0.0194,0.0068,0.0194
bwq_Latn,0.0097,0.0012,0.0097
knj_Latn,0.0194,0.0038,0.0194
mav_Latn,0.0,0.0,0.0
aji_Latn,0.0097,0.0047,0.0097
wsk_Latn,0.0097,0.0024,0.0097
xal_Cyrl,0.0097,0.0006,0.0097
khs_Latn,0.0097,0.0024,0.0097
alp_Latn,0.0194,0.0044,0.0194
chd_Latn,0.0097,0.0056,0.0097
bba_Latn,0.0194,0.0047,0.0194
bav_Latn,0.0097,0.0029,0.0097
mwq_Latn,0.0,0.0,0.0
dnj_Latn,0.0097,0.0006,0.0097
bef_Latn,0.0,0.0,0.0
msa_Latn,0.0777,0.0203,0.0777
hae_Latn,0.0,0.0,0.0
any_Latn,0.0097,0.0006,0.0097
amn_Latn,0.0097,0.0006,0.0097
mfq_Latn,0.0194,0.0062,0.0194
mux_Latn,0.0097,0.0003,0.0097
nak_Latn,0.0194,0.0076,0.0194
kpx_Latn,0.0097,0.0003,0.0097
tuo_Latn,0.0097,0.0012,0.0097
agr_Latn,0.0194,0.0053,0.0194
bzj_Latn,0.0971,0.0218,0.0971
xnn_Latn,0.0291,0.0094,0.0291
ade_Latn,0.0097,0.0071,0.0097
aak_Latn,0.0,0.0,0.0
gnw_Latn,0.0097,0.0012,0.0097
urk_Thai,0.0097,0.0024,0.0097
mic_Latn,0.0097,0.0024,0.0097
omw_Latn,0.0097,0.0015,0.0097
nde_Latn,0.0291,0.01,0.0291
bmr_Latn,0.0097,0.0003,0.0097
mxb_Latn,0.0097,0.0032,0.0097
swp_Latn,0.0194,0.0097,0.0194
yss_Latn,0.0097,0.0021,0.0097
sqi_Latn,0.1553,0.053,0.1553
pww_Thai,0.0097,0.0003,0.0097
yuj_Latn,0.0097,0.0012,0.0097
mtg_Latn,0.0097,0.0009,0.0097
mwp_Latn,0.0097,0.0053,0.0097
sxb_Latn,0.0194,0.0035,0.0194
nya_Latn,0.0291,0.0127,0.0291
lmk_Latn,0.0194,0.0071,0.0194
alq_Latn,0.0194,0.0074,0.0194
thk_Latn,0.0097,0.0024,0.0097
eri_Latn,0.0097,0.0047,0.0097
maw_Latn,0.0194,0.0079,0.0194
knk_Latn,0.0097,0.0056,0.0097
trn_Latn,0.0097,0.0009,0.0097
bmu_Latn,0.0097,0.0026,0.0097
acd_Latn,0.0194,0.0038,0.0194
lai_Latn,0.0194,0.0082,0.0194
mkl_Latn,0.0097,0.0024,0.0097
qvm_Latn,0.0194,0.0062,0.0194
mnb_Latn,0.0194,0.0082,0.0194
xla_Latn,0.0097,0.0003,0.0097
quz_Latn,0.0291,0.0088,0.0291
auc_Latn,0.0097,0.0003,0.0097
avt_Latn,0.0097,0.0021,0.0097
njo_Latn,0.0097,0.0024,0.0097
mww_Latn,0.0097,0.0003,0.0097
viv_Latn,0.0097,0.0068,0.0097
nyf_Latn,0.0194,0.0044,0.0194
rai_Latn,0.0097,0.0059,0.0097
gum_Latn,0.0194,0.0047,0.0194
xsm_Latn,0.0097,0.0035,0.0097
urw_Latn,0.0097,0.0009,0.0097
noa_Latn,0.0097,0.0018,0.0097
ruf_Latn,0.0194,0.0115,0.0194
akp_Latn,0.0097,0.0021,0.0097
ote_Latn,0.0,0.0,0.0
czt_Latn,0.0097,0.0021,0.0097
arb_Arab,0.4466,0.1721,0.4466
toj_Latn,0.0194,0.0032,0.0194
nhg_Latn,0.0194,0.0044,0.0194
awk_Latn,0.0097,0.0026,0.0097
lex_Latn,0.0291,0.0041,0.0291
nre_Latn,0.0097,0.0015,0.0097
agu_Latn,0.0097,0.0015,0.0097
zos_Latn,0.0097,0.0024,0.0097
ong_Latn,0.0097,0.0009,0.0097
are_Latn,0.0194,0.0109,0.0194
ngu_Latn,0.0291,0.0068,0.0291
mzm_Latn,0.0194,0.0062,0.0194
plw_Latn,0.0291,0.0079,0.0291
snd_Arab,0.0194,0.0035,0.0194
lwo_Latn,0.0097,0.0015,0.0097
ivb_Latn,0.0194,0.0094,0.0194
kbh_Latn,0.0194,0.0021,0.0194
npl_Latn,0.0388,0.0079,0.0388
jmc_Latn,0.0194,0.0082,0.0194
ace_Latn,0.0194,0.0085,0.0194
kgf_Latn,0.0097,0.0029,0.0097
isl_Latn,0.3883,0.1483,0.3883
tro_Latn,0.0097,0.0041,0.0097
kyu_Mymr,0.0097,0.0035,0.0097
kto_Latn,0.0194,0.0015,0.0194
icr_Latn,0.1262,0.0385,0.1262
gul_Latn,0.2427,0.083,0.2427
maq_Latn,0.0097,0.0021,0.0097
snc_Latn,0.0097,0.0047,0.0097
smt_Latn,0.0097,0.0026,0.0097
mbf_Latn,0.2039,0.0609,0.2039
mgh_Latn,0.0097,0.0074,0.0097
fin_Latn,0.5243,0.2589,0.5243
yon_Latn,0.0097,0.0006,0.0097
kkc_Latn,0.0,0.0,0.0
mwv_Latn,0.0194,0.0106,0.0194
njn_Latn,0.0097,0.0018,0.0097
niy_Latn,0.0,0.0,0.0
mta_Latn,0.0,0.0,0.0
pdc_Latn,0.0583,0.0147,0.0583
wbm_Latn,0.0194,0.0094,0.0194
kik_Latn,0.0291,0.0103,0.0291
amh_Latn,0.0097,0.0021,0.0097
kor_Latn,0.0097,0.0056,0.0097
dyu_Latn,0.0194,0.0094,0.0194
slk_Latn,0.4563,0.2224,0.4563
oss_Cyrl,0.0194,0.0068,0.0194
dik_Latn,0.0097,0.0026,0.0097
mpp_Latn,0.0097,0.0015,0.0097
rug_Latn,0.0097,0.0015,0.0097
nmh_Latn,0.0097,0.0003,0.0097
coe_Latn,0.0097,0.0024,0.0097
pam_Latn,0.0291,0.0088,0.0291
ndc_Latn,0.0194,0.01,0.0194
kvg_Latn,0.0291,0.0053,0.0291
kup_Latn,0.0194,0.0024,0.0194
uzb_Latn,0.0291,0.0074,0.0291
mzl_Latn,0.0097,0.0012,0.0097
mie_Latn,0.0194,0.0088,0.0194
ken_Latn,0.0097,0.0068,0.0097
tew_Latn,0.0097,0.0015,0.0097
ukr_Cyrl,0.8058,0.4887,0.8058
tui_Latn,0.0097,0.0006,0.0097
lug_Latn,0.0097,0.0044,0.0097
spp_Latn,0.0097,0.0015,0.0097
ssg_Latn,0.0097,0.0018,0.0097
wuv_Latn,0.0291,0.0135,0.0291
urd_Deva,0.3301,0.0997,0.3301
ppo_Latn,0.0097,0.0003,0.0097
bwu_Latn,0.0097,0.0038,0.0097
hch_Latn,0.0097,0.0024,0.0097
guo_Latn,0.0097,0.0029,0.0097
njm_Latn,0.0097,0.0029,0.0097
bar_Latn,0.1068,0.0412,0.1068
bul_Cyrl,0.8155,0.4834,0.8155
jae_Latn,0.0097,0.0009,0.0097
yom_Latn,0.0097,0.0006,0.0097
etu_Latn,0.0,0.0,0.0
pua_Latn,0.0194,0.0009,0.0194
npo_Latn,0.0097,0.0006,0.0097
qvo_Latn,0.0194,0.0024,0.0194
cak_Latn,0.0097,0.0047,0.0097
ktb_Ethi,0.0097,0.0003,0.0097
plt_Latn,0.0194,0.0026,0.0194
mal_Mlym,0.0194,0.0029,0.0194
fuv_Latn,0.0,0.0,0.0
gom_Latn,0.0097,0.0021,0.0097
dru_Latn,0.0194,0.0047,0.0194
mhy_Latn,0.0194,0.0118,0.0194
acf_Latn,0.0874,0.0224,0.0874
rmn_Latn,0.0194,0.0127,0.0194
nwi_Latn,0.0194,0.0006,0.0194
mif_Latn,0.0194,0.0062,0.0194
cfm_Latn,0.0097,0.0038,0.0097
nwx_Deva,0.0291,0.0094,0.0291
blh_Latn,0.0097,0.0003,0.0097
kus_Latn,0.0291,0.0074,0.0291
myx_Latn,0.0194,0.0094,0.0194
awi_Latn,0.0097,0.0021,0.0097
nan_Latn,0.0097,0.0071,0.0097
ksj_Latn,0.0097,0.0003,0.0097
ssd_Latn,0.0097,0.0003,0.0097
sps_Latn,0.0097,0.0021,0.0097
agw_Latn,0.0194,0.0059,0.0194
tat_Cyrl,0.0194,0.0006,0.0194
mlh_Latn,0.0,0.0,0.0
byx_Latn,0.0194,0.0056,0.0194
toh_Latn,0.0097,0.0018,0.0097
cya_Latn,0.0097,0.0041,0.0097
amk_Latn,0.0194,0.0026,0.0194
bps_Latn,0.0097,0.0041,0.0097
nhe_Latn,0.0291,0.0056,0.0291
ium_Thai,0.0097,0.0044,0.0097
way_Latn,0.0097,0.0018,0.0097
cof_Latn,0.0194,0.0085,0.0194
mps_Latn,0.0,0.0,0.0
gdn_Latn,0.0097,0.0012,0.0097
ixl_Latn,0.0097,0.0029,0.0097
fil_Latn,0.4369,0.15,0.4369
hun_Latn,0.6117,0.3174,0.6117
cha_Latn,0.0194,0.0088,0.0194
nob_Latn,0.7767,0.4569,0.7767
urt_Latn,0.0194,0.0018,0.0194
gun_Latn,0.0194,0.0085,0.0194
cmo_Latn,0.0097,0.0021,0.0097
lzh_Hani,0.3689,0.168,0.3689
mbd_Latn,0.0097,0.0041,0.0097
kno_Latn,0.0097,0.0003,0.0097
sna_Latn,0.0388,0.0118,0.0388
mas_Latn,0.0291,0.0059,0.0291
isn_Latn,0.0194,0.0103,0.0194
laj_Latn,0.0097,0.0032,0.0097
vun_Latn,0.0097,0.0009,0.0097
rmo_Latn,0.0194,0.0053,0.0194
mhx_Latn,0.0097,0.0003,0.0097
apn_Latn,0.0097,0.0012,0.0097
plu_Latn,0.0194,0.0056,0.0194
kqc_Latn,0.0194,0.0015,0.0194
sbd_Latn,0.0097,0.0029,0.0097
quy_Latn,0.0194,0.0059,0.0194
sas_Latn,0.0194,0.0041,0.0194
mna_Latn,0.0097,0.0024,0.0097
qvn_Latn,0.0194,0.005,0.0194
dur_Latn,0.0097,0.0018,0.0097
hns_Latn,0.0194,0.0041,0.0194
tuk_Latn,0.0194,0.0076,0.0194
big_Latn,0.0097,0.0026,0.0097
ibo_Latn,0.0097,0.0018,0.0097
myy_Latn,0.0097,0.0024,0.0097
yaa_Latn,0.0097,0.0006,0.0097
abx_Latn,0.0291,0.0088,0.0291
mig_Latn,0.0097,0.0026,0.0097
prf_Latn,0.0291,0.0091,0.0291
mse_Latn,0.0194,0.0097,0.0194
kan_Knda,0.0874,0.0141,0.0874
nhd_Latn,0.0194,0.0024,0.0194
dop_Latn,0.0097,0.0056,0.0097
toi_Latn,0.0194,0.0079,0.0194
log_Latn,0.0194,0.0068,0.0194
gaa_Latn,0.0097,0.0018,0.0097
kor_Hang,0.5437,0.2839,0.5437
sig_Latn,0.0097,0.0003,0.0097
bpr_Latn,0.0194,0.0047,0.0194
