code,mistralai/Mistral-7B-v0.3_max,mistralai/Mistral-7B-v0.3_mean,avg
tbg_Latn,0.0097,0.0047,0.0097
kgp_Latn,0.0291,0.0074,0.0291
mhl_Latn,0.0194,0.0032,0.0194
rnl_Latn,0.0194,0.0053,0.0194
bmb_Latn,0.0291,0.0082,0.0291
kqy_Ethi,0.0,0.0,0.0
pio_Latn,0.0388,0.0085,0.0388
apz_Latn,0.0097,0.0006,0.0097
cbi_Latn,0.0194,0.0082,0.0194
yuz_Latn,0.0388,0.0091,0.0388
bhl_Latn,0.0,0.0,0.0
srn_Latn,0.0485,0.0203,0.0485
enb_Latn,0.0097,0.0074,0.0097
nsm_Latn,0.0291,0.0059,0.0291
rkb_Latn,0.0,0.0,0.0
sag_Latn,0.0291,0.01,0.0291
qvz_Latn,0.0194,0.0088,0.0194
zai_Latn,0.0194,0.0127,0.0194
mqy_Latn,0.0194,0.0079,0.0194
guz_Latn,0.0194,0.0109,0.0194
cnl_Latn,0.0291,0.0041,0.0291
lhu_Latn,0.0097,0.0009,0.0097
zty_Latn,0.0194,0.0053,0.0194
mco_Latn,0.0291,0.0076,0.0291
cmo_Khmr,0.0,0.0,0.0
hau_Latn,0.0291,0.0103,0.0291
kyc_Latn,0.0194,0.0032,0.0194
nog_Cyrl,0.0291,0.0082,0.0291
zca_Latn,0.0291,0.0068,0.0291
muh_Latn,0.0291,0.0044,0.0291
tlj_Latn,0.0097,0.0018,0.0097
ell_Grek,0.534,0.2371,0.534
fal_Latn,0.0194,0.01,0.0194
sco_Latn,0.466,0.1612,0.466
jid_Latn,0.0291,0.0135,0.0291
nbl_Latn,0.0388,0.01,0.0388
bis_Latn,0.068,0.0185,0.068
boj_Latn,0.0194,0.0044,0.0194
gng_Latn,0.0194,0.0059,0.0194
qul_Latn,0.0291,0.0179,0.0291
ifk_Latn,0.0291,0.0115,0.0291
dah_Latn,0.0194,0.0015,0.0194
kat_Geor,0.0291,0.0079,0.0291
fub_Latn,0.0194,0.0059,0.0194
acr_Latn,0.0291,0.0076,0.0291
tbf_Latn,0.0291,0.0103,0.0291
taq_Latn,0.0194,0.0029,0.0194
hak_Hani,0.3107,0.1059,0.3107
maf_Latn,0.0291,0.0127,0.0291
kmm_Latn,0.0194,0.0079,0.0194
azg_Latn,0.0097,0.0065,0.0097
ura_Latn,0.0097,0.0024,0.0097
bdh_Latn,0.0291,0.0062,0.0291
gvl_Latn,0.0194,0.0065,0.0194
nin_Latn,0.0194,0.0082,0.0194
zpi_Latn,0.0194,0.0059,0.0194
bsp_Latn,0.0097,0.0012,0.0097
pdt_Latn,0.0485,0.0129,0.0485
cle_Latn,0.0291,0.0053,0.0291
rup_Latn,0.0485,0.0191,0.0485
mpg_Latn,0.0097,0.0009,0.0097
djk_Latn,0.0194,0.0026,0.0194
nnh_Latn,0.0194,0.0065,0.0194
che_Cyrl,0.0097,0.0009,0.0097
hat_Latn,0.1262,0.0306,0.1262
cor_Latn,0.0291,0.0094,0.0291
ots_Latn,0.0097,0.0065,0.0097
mcn_Latn,0.0291,0.0082,0.0291
tam_Taml,0.0583,0.0109,0.0583
lsi_Latn,0.0097,0.0018,0.0097
tha_Thai,0.301,0.0685,0.301
tsg_Latn,0.0291,0.0094,0.0291
tpp_Latn,0.0291,0.0071,0.0291
ngc_Latn,0.0291,0.0068,0.0291
zyb_Latn,0.0097,0.0012,0.0097
dug_Latn,0.0388,0.0138,0.0388
not_Latn,0.0194,0.0029,0.0194
urb_Latn,0.0097,0.0003,0.0097
nlc_Latn,0.0097,0.0026,0.0097
gux_Latn,0.0194,0.0065,0.0194
aim_Latn,0.0194,0.0041,0.0194
snw_Latn,0.0194,0.0062,0.0194
ajz_Latn,0.0194,0.0082,0.0194
nys_Latn,0.0291,0.0085,0.0291
nim_Latn,0.0097,0.0082,0.0097
bbr_Latn,0.0194,0.0038,0.0194
njz_Latn,0.0194,0.0068,0.0194
npi_Deva,0.1845,0.0294,0.1845
twu_Latn,0.0194,0.0112,0.0194
cbk_Latn,0.2718,0.1036,0.2718
dgr_Latn,0.0097,0.0026,0.0097
nso_Latn,0.0291,0.0115,0.0291
ivv_Latn,0.0291,0.0147,0.0291
kde_Latn,0.0194,0.0076,0.0194
tar_Latn,0.0097,0.0015,0.0097
rmy_Latn,0.0388,0.0174,0.0388
lbk_Latn,0.0388,0.0168,0.0388
aso_Latn,0.0097,0.0012,0.0097
mxp_Latn,0.0291,0.0053,0.0291
kud_Latn,0.0097,0.0085,0.0097
arp_Latn,0.0291,0.0065,0.0291
ian_Latn,0.0,0.0,0.0
kez_Latn,0.0194,0.0026,0.0194
tcz_Latn,0.0291,0.0129,0.0291
shn_Mymr,0.0,0.0,0.0
kaz_Cyrl,0.0583,0.0109,0.0583
miq_Latn,0.0291,0.0132,0.0291
lem_Latn,0.0194,0.0018,0.0194
hmr_Latn,0.0097,0.0012,0.0097
lus_Latn,0.0194,0.005,0.0194
kpj_Latn,0.0097,0.0012,0.0097
nhr_Latn,0.0097,0.0038,0.0097
gaw_Latn,0.0194,0.0056,0.0194
loq_Latn,0.0291,0.0056,0.0291
bss_Latn,0.0097,0.0038,0.0097
met_Latn,0.0194,0.0088,0.0194
tlh_Latn,0.1456,0.0324,0.1456
tif_Latn,0.0,0.0,0.0
ake_Latn,0.0097,0.0068,0.0097
tzo_Latn,0.0194,0.0062,0.0194
mwc_Latn,0.0291,0.0082,0.0291
zaj_Latn,0.0291,0.0115,0.0291
hvn_Latn,0.0291,0.0118,0.0291
tna_Latn,0.0291,0.0124,0.0291
kha_Latn,0.0194,0.0047,0.0194
btt_Latn,0.0097,0.0053,0.0097
kmo_Latn,0.0097,0.0003,0.0097
mbs_Latn,0.0291,0.0109,0.0291
izr_Latn,0.0291,0.0053,0.0291
gag_Cyrl,0.0485,0.0138,0.0485
mad_Latn,0.0291,0.0141,0.0291
nou_Latn,0.0291,0.0079,0.0291
gvn_Latn,0.0291,0.0065,0.0291
ayr_Latn,0.0291,0.0118,0.0291
aze_Latn,0.165,0.0494,0.165
apy_Latn,0.0,0.0,0.0
mxq_Latn,0.0097,0.0038,0.0097
wob_Latn,0.0097,0.0006,0.0097
eko_Latn,0.0194,0.0044,0.0194
npy_Latn,0.0194,0.0103,0.0194
sbs_Latn,0.0194,0.0115,0.0194
urd_Arab,0.233,0.0403,0.233
crt_Latn,0.0291,0.0129,0.0291
nsn_Latn,0.0097,0.0038,0.0097
srm_Latn,0.0291,0.0082,0.0291
ojb_Latn,0.0097,0.0015,0.0097
ttc_Latn,0.0194,0.0062,0.0194
tvk_Latn,0.0097,0.0009,0.0097
tab_Cyrl,0.0097,0.0024,0.0097
due_Latn,0.0291,0.0059,0.0291
fao_Latn,0.233,0.0874,0.233
csk_Latn,0.0097,0.0012,0.0097
gnd_Latn,0.0194,0.0059,0.0194
suz_Deva,0.0194,0.0015,0.0194
kue_Latn,0.0097,0.0026,0.0097
suk_Latn,0.0291,0.0074,0.0291
ons_Latn,0.0291,0.0059,0.0291
buk_Latn,0.0194,0.0032,0.0194
otq_Latn,0.0194,0.0012,0.0194
ese_Latn,0.0097,0.0024,0.0097
kog_Latn,0.0097,0.0003,0.0097
meu_Latn,0.0388,0.0129,0.0388
bcl_Latn,0.1359,0.0359,0.1359
fra_Latn,0.9029,0.6234,0.9029
tee_Latn,0.0097,0.0035,0.0097
yaq_Latn,0.0097,0.0018,0.0097
bon_Latn,0.0194,0.0035,0.0194
cek_Latn,0.0194,0.0085,0.0194
kub_Latn,0.0097,0.0021,0.0097
nmz_Latn,0.0194,0.0088,0.0194
alt_Cyrl,0.0194,0.0047,0.0194
mck_Latn,0.0097,0.0006,0.0097
lin_Latn,0.0291,0.0112,0.0291
mfe_Latn,0.0291,0.0071,0.0291
zpl_Latn,0.0194,0.0071,0.0194
anm_Latn,0.0291,0.0091,0.0291
kyg_Latn,0.0097,0.0003,0.0097
zam_Latn,0.0194,0.0044,0.0194
vie_Latn,0.3592,0.1265,0.3592
chq_Latn,0.0194,0.0056,0.0194
nyu_Latn,0.0097,0.0041,0.0097
bts_Latn,0.0291,0.0156,0.0291
mbt_Latn,0.0291,0.0094,0.0291
azb_Latn,0.1748,0.0585,0.1748
bgz_Latn,0.0194,0.0079,0.0194
mar_Deva,0.1068,0.0115,0.1068
urd_Latn,0.2427,0.0506,0.2427
cnh_Latn,0.0194,0.0085,0.0194
kwj_Latn,0.0097,0.0026,0.0097
mxv_Latn,0.0194,0.0053,0.0194
cgc_Latn,0.0291,0.0097,0.0291
sgz_Latn,0.0291,0.0079,0.0291
tbc_Latn,0.0194,0.0068,0.0194
kdc_Latn,0.0291,0.0094,0.0291
crs_Latn,0.0777,0.0218,0.0777
kru_Deva,0.0194,0.0041,0.0194
kqs_Latn,0.0291,0.0062,0.0291
por_Latn,0.7961,0.4904,0.7961
lsm_Latn,0.0194,0.0068,0.0194
pkb_Latn,0.0291,0.0076,0.0291
ndp_Latn,0.0097,0.0079,0.0097
tpt_Latn,0.0194,0.0053,0.0194
cut_Latn,0.0097,0.005,0.0097
iqw_Latn,0.0194,0.0038,0.0194
ses_Latn,0.0291,0.0097,0.0291
yap_Latn,0.0291,0.0085,0.0291
gnb_Latn,0.0291,0.0091,0.0291
ted_Latn,0.0097,0.0006,0.0097
fai_Latn,0.0097,0.0026,0.0097
agg_Latn,0.0,0.0,0.0
biv_Latn,0.0194,0.0041,0.0194
vap_Latn,0.0291,0.0071,0.0291
kyf_Latn,0.0097,0.0012,0.0097
nhu_Latn,0.0097,0.0015,0.0097
kix_Latn,0.0097,0.0029,0.0097
zpm_Latn,0.0291,0.0038,0.0291
sja_Latn,0.0291,0.0062,0.0291
qxr_Latn,0.0194,0.0074,0.0194
akb_Latn,0.0291,0.0088,0.0291
bum_Latn,0.0194,0.0106,0.0194
klv_Latn,0.0194,0.0032,0.0194
bfd_Latn,0.0194,0.0065,0.0194
pbi_Latn,0.0097,0.0065,0.0097
tzh_Latn,0.0388,0.0127,0.0388
nnl_Latn,0.0291,0.0071,0.0291
nld_Latn,0.9029,0.509,0.9029
snp_Latn,0.0,0.0,0.0
shi_Latn,0.0194,0.0082,0.0194
ald_Latn,0.0194,0.005,0.0194
mwe_Latn,0.0097,0.0038,0.0097
nij_Latn,0.0388,0.0115,0.0388
vid_Latn,0.0291,0.0062,0.0291
wca_Latn,0.0097,0.0006,0.0097
emp_Latn,0.0194,0.0071,0.0194
tte_Latn,0.0097,0.0012,0.0097
eng_Latn,1.0,1.0,1.0
sab_Latn,0.0194,0.0062,0.0194
kal_Latn,0.0194,0.0062,0.0194
oym_Latn,0.0097,0.0003,0.0097
quh_Latn,0.0291,0.0127,0.0291
gid_Latn,0.0194,0.0044,0.0194
tgl_Latn,0.3398,0.1036,0.3398
mhi_Latn,0.0291,0.0121,0.0291
tuk_Cyrl,0.0388,0.0097,0.0388
swe_Latn,0.7184,0.4098,0.7184
bnp_Latn,0.0291,0.0103,0.0291
fuf_Latn,0.0194,0.0035,0.0194
imo_Latn,0.0097,0.0012,0.0097
bci_Latn,0.0194,0.0053,0.0194
waj_Latn,0.0,0.0,0.0
dob_Latn,0.0097,0.0079,0.0097
jvn_Latn,0.0388,0.0124,0.0388
nno_Latn,0.4078,0.14,0.4078
aii_Syrc,0.0097,0.0015,0.0097
sun_Latn,0.0388,0.0124,0.0388
myk_Latn,0.0097,0.0026,0.0097
nds_Latn,0.0583,0.0215,0.0583
ssw_Latn,0.0291,0.0091,0.0291
prs_Arab,0.3398,0.103,0.3398
biu_Latn,0.0194,0.0085,0.0194
pmx_Latn,0.0097,0.0021,0.0097
agd_Latn,0.0097,0.0006,0.0097
tgo_Latn,0.0291,0.0115,0.0291
kao_Latn,0.0194,0.0076,0.0194
crq_Latn,0.0291,0.0129,0.0291
cax_Latn,0.0291,0.0132,0.0291
plg_Latn,0.0194,0.0044,0.0194
ncu_Latn,0.0097,0.0009,0.0097
yrk_Cyrl,0.0194,0.0085,0.0194
hig_Latn,0.0194,0.0103,0.0194
stq_Latn,0.0874,0.0282,0.0874
mxt_Latn,0.0388,0.0097,0.0388
tav_Latn,0.0194,0.0012,0.0194
cth_Latn,0.0291,0.0112,0.0291
acu_Latn,0.0194,0.0074,0.0194
maa_Latn,0.0194,0.0103,0.0194
dks_Latn,0.0291,0.0029,0.0291
nop_Latn,0.0194,0.0065,0.0194
nlg_Latn,0.0291,0.0141,0.0291
nii_Latn,0.0097,0.0021,0.0097
zao_Latn,0.0194,0.0085,0.0194
jav_Latn,0.0291,0.0132,0.0291
shj_Latn,0.0097,0.0076,0.0097
som_Latn,0.0194,0.0076,0.0194
cot_Latn,0.0097,0.0006,0.0097
xrb_Latn,0.0097,0.0065,0.0097
ikw_Latn,0.0097,0.0009,0.0097
beq_Latn,0.0291,0.0079,0.0291
tzj_Latn,0.0291,0.0115,0.0291
ckt_Cyrl,0.0194,0.0038,0.0194
nhw_Latn,0.0194,0.0056,0.0194
bch_Latn,0.0291,0.0118,0.0291
ann_Latn,0.0097,0.0044,0.0097
meq_Latn,0.0291,0.0091,0.0291
kiz_Latn,0.0291,0.0118,0.0291
zpo_Latn,0.0194,0.0076,0.0194
jic_Latn,0.0194,0.0062,0.0194
rim_Latn,0.0194,0.0065,0.0194
crm_Cans,0.0097,0.0006,0.0097
cso_Latn,0.0194,0.0056,0.0194
leh_Latn,0.0291,0.0056,0.0291
gkn_Latn,0.0194,0.0029,0.0194
var_Latn,0.0097,0.0021,0.0097
spa_Latn,0.6796,0.3513,0.6796
blz_Latn,0.0291,0.0124,0.0291
kua_Latn,0.0291,0.0076,0.0291
bom_Latn,0.0194,0.0053,0.0194
mjc_Latn,0.0194,0.0088,0.0194
mit_Latn,0.0291,0.0088,0.0291
ckb_Arab,0.0291,0.0056,0.0291
taw_Latn,0.0097,0.0026,0.0097
nus_Latn,0.0097,0.0047,0.0097
ffm_Latn,0.0097,0.0009,0.0097
stp_Latn,0.0194,0.0038,0.0194
hif_Latn,0.1748,0.0362,0.1748
dan_Latn,0.7379,0.4169,0.7379
swg_Latn,0.301,0.0788,0.301
sri_Latn,0.0194,0.005,0.0194
uzb_Cyrl,0.0583,0.0129,0.0583
nct_Latn,0.0194,0.0079,0.0194
kqp_Latn,0.0097,0.0044,0.0097
sgw_Ethi,0.0097,0.0015,0.0097
kan_Latn,0.0194,0.0026,0.0194
shk_Latn,0.0194,0.0038,0.0194
chr_Latn,0.0097,0.0012,0.0097
mtp_Latn,0.0097,0.0018,0.0097
mri_Latn,0.1068,0.0232,0.1068
sme_Latn,0.0291,0.0082,0.0291
kmk_Latn,0.0291,0.0103,0.0291
vmy_Latn,0.0291,0.0141,0.0291
mcf_Latn,0.0097,0.0015,0.0097
xbr_Latn,0.0097,0.0009,0.0097
tim_Latn,0.0097,0.0015,0.0097
gdr_Latn,0.0097,0.0006,0.0097
ben_Beng,0.1748,0.0335,0.1748
loz_Latn,0.0388,0.0156,0.0388
mfh_Latn,0.0291,0.0074,0.0291
mua_Latn,0.0291,0.0091,0.0291
nhy_Latn,0.0291,0.0127,0.0291
hnn_Latn,0.0583,0.0127,0.0583
ssx_Latn,0.0,0.0,0.0
atb_Latn,0.0194,0.0038,0.0194
nbe_Latn,0.0194,0.0088,0.0194
mlt_Latn,0.0583,0.0209,0.0583
moc_Latn,0.0194,0.0053,0.0194
lef_Latn,0.0291,0.0071,0.0291
heb_Hebr,0.4175,0.1359,0.4175
gnn_Latn,0.0,0.0,0.0
miz_Latn,0.0097,0.0047,0.0097
cux_Latn,0.0097,0.0044,0.0097
zom_Latn,0.0291,0.0103,0.0291
tso_Latn,0.0291,0.0124,0.0291
trp_Latn,0.0291,0.0112,0.0291
dtp_Latn,0.0194,0.0035,0.0194
qvs_Latn,0.0194,0.0047,0.0194
kri_Latn,0.0583,0.0153,0.0583
nif_Latn,0.0097,0.0003,0.0097
ban_Latn,0.0291,0.0085,0.0291
tnk_Latn,0.0194,0.0044,0.0194
hus_Latn,0.0388,0.0129,0.0388
khk_Latn,0.0097,0.0059,0.0097
bqp_Latn,0.0194,0.0074,0.0194
mgw_Latn,0.0194,0.0079,0.0194
smk_Latn,0.0388,0.0112,0.0388
pps_Latn,0.0194,0.0062,0.0194
tke_Latn,0.0291,0.01,0.0291
uri_Latn,0.0,0.0,0.0
mrg_Latn,0.0097,0.0062,0.0097
nhx_Latn,0.0388,0.0127,0.0388
nko_Latn,0.0097,0.0038,0.0097
kjb_Latn,0.0291,0.0127,0.0291
mfi_Latn,0.0291,0.0115,0.0291
tlb_Latn,0.0194,0.0085,0.0194
sin_Sinh,0.0097,0.0015,0.0097
yka_Latn,0.0194,0.0059,0.0194
reg_Latn,0.0485,0.0132,0.0485
msy_Latn,0.0291,0.0071,0.0291
ceg_Latn,0.0291,0.0056,0.0291
tsn_Latn,0.0291,0.0094,0.0291
xho_Latn,0.0388,0.0135,0.0388
fad_Latn,0.0097,0.0047,0.0097
nas_Latn,0.0097,0.0006,0.0097
oji_Latn,0.0291,0.0112,0.0291
hop_Latn,0.0291,0.0062,0.0291
cav_Latn,0.0194,0.0053,0.0194
ifb_Latn,0.0291,0.0041,0.0291
nse_Latn,0.0291,0.01,0.0291
kaa_Latn,0.0388,0.0094,0.0388
mks_Latn,0.0194,0.0068,0.0194
sda_Latn,0.0291,0.0127,0.0291
lav_Latn,0.1456,0.0415,0.1456
tbo_Latn,0.0194,0.0047,0.0194
apr_Latn,0.0291,0.0097,0.0291
neb_Latn,0.0097,0.0006,0.0097
trq_Latn,0.0194,0.0074,0.0194
kwf_Latn,0.0291,0.0071,0.0291
swh_Latn,0.0583,0.0206,0.0583
daa_Latn,0.0194,0.0074,0.0194
ksw_Mymr,0.0,0.0,0.0
xpe_Latn,0.0291,0.0029,0.0291
ike_Cans,0.0097,0.0015,0.0097
gur_Latn,0.0194,0.0085,0.0194
ztq_Latn,0.0194,0.0071,0.0194
pse_Latn,0.0485,0.0188,0.0485
nyy_Latn,0.0194,0.0076,0.0194
mda_Latn,0.0097,0.0012,0.0097
bao_Latn,0.0194,0.0047,0.0194
bzi_Thai,0.0097,0.0003,0.0097
zaa_Latn,0.0388,0.0135,0.0388
tcs_Latn,0.0291,0.0088,0.0291
kbd_Cyrl,0.0,0.0,0.0
wnu_Latn,0.0097,0.0006,0.0097
boa_Latn,0.0097,0.0003,0.0097
tpz_Latn,0.0097,0.0032,0.0097
suc_Latn,0.0194,0.0076,0.0194
des_Latn,0.0194,0.0041,0.0194
moa_Latn,0.0194,0.0018,0.0194
ria_Latn,0.0194,0.0056,0.0194
amu_Latn,0.0194,0.0079,0.0194
gbi_Latn,0.0194,0.0071,0.0194
zpc_Latn,0.0388,0.0094,0.0388
cjv_Latn,0.0097,0.0015,0.0097
wbp_Latn,0.0,0.0,0.0
mpm_Latn,0.0291,0.0115,0.0291
pap_Latn,0.1068,0.0394,0.1068
nnb_Latn,0.0097,0.0012,0.0097
mcd_Latn,0.0194,0.0053,0.0194
slv_Latn,0.5922,0.2863,0.5922
lia_Latn,0.0097,0.0026,0.0097
mal_Latn,0.0194,0.0021,0.0194
izz_Latn,0.0097,0.0021,0.0097
ubu_Latn,0.0097,0.0015,0.0097
kmg_Latn,0.0194,0.0062,0.0194
guq_Latn,0.0194,0.0091,0.0194
gvf_Latn,0.0097,0.0015,0.0097
zab_Latn,0.0291,0.0129,0.0291
kxw_Latn,0.0194,0.0062,0.0194
bel_Cyrl,0.2816,0.0933,0.2816
lmp_Latn,0.0097,0.0006,0.0097
alj_Latn,0.0097,0.0076,0.0097
nzm_Latn,0.0194,0.0026,0.0194
bre_Latn,0.0291,0.0094,0.0291
kab_Latn,0.0194,0.0085,0.0194
uig_Cyrl,0.0388,0.0082,0.0388
lgl_Latn,0.0291,0.0115,0.0291
quf_Latn,0.0097,0.0047,0.0097
ifa_Latn,0.0194,0.0094,0.0194
bhg_Latn,0.0194,0.0082,0.0194
swk_Latn,0.0291,0.0109,0.0291
taj_Deva,0.0194,0.0024,0.0194
fuh_Latn,0.0194,0.0018,0.0194
nep_Deva,0.1553,0.0318,0.1553
tbl_Latn,0.0194,0.0032,0.0194
jni_Latn,0.0291,0.0062,0.0291
agx_Cyrl,0.0194,0.0094,0.0194
kdl_Latn,0.0194,0.0085,0.0194
lee_Latn,0.0097,0.0076,0.0097
kck_Latn,0.0291,0.0132,0.0291
kxm_Thai,0.0097,0.0012,0.0097
itv_Latn,0.0291,0.0127,0.0291
cpu_Latn,0.0388,0.0129,0.0388
ata_Latn,0.0,0.0,0.0
dar_Cyrl,0.0194,0.0021,0.0194
ziw_Latn,0.0194,0.0097,0.0194
ghe_Deva,0.0291,0.0044,0.0291
naq_Latn,0.0194,0.0032,0.0194
blw_Latn,0.0291,0.0138,0.0291
miy_Latn,0.0097,0.0038,0.0097
wwa_Latn,0.0097,0.0006,0.0097
dyi_Latn,0.0194,0.0021,0.0194
hrv_Latn,0.5437,0.2392,0.5437
cmn_Hani,0.7379,0.3719,0.7379
zul_Latn,0.0291,0.0118,0.0291
mfk_Latn,0.0194,0.0047,0.0194
kiw_Latn,0.0194,0.0076,0.0194
hto_Latn,0.0194,0.0079,0.0194
nxd_Latn,0.0194,0.0071,0.0194
wro_Latn,0.0194,0.0091,0.0194
yle_Latn,0.0,0.0,0.0
yor_Latn,0.0291,0.0097,0.0291
bam_Latn,0.0097,0.0079,0.0097
zac_Latn,0.0388,0.0138,0.0388
bgt_Latn,0.0291,0.0132,0.0291
gup_Latn,0.0291,0.0129,0.0291
mam_Latn,0.0194,0.0118,0.0194
gle_Latn,0.068,0.0177,0.068
ctd_Latn,0.0291,0.0091,0.0291
rmq_Latn,0.0388,0.0177,0.0388
gor_Latn,0.0194,0.0094,0.0194
lat_Latn,0.8932,0.6119,0.8932
ven_Latn,0.0097,0.0062,0.0097
asg_Latn,0.0097,0.0012,0.0097
kwd_Latn,0.0194,0.0082,0.0194
bmh_Latn,0.0097,0.0006,0.0097
cbc_Latn,0.0291,0.0071,0.0291
myv_Cyrl,0.0194,0.0056,0.0194
dgz_Latn,0.0097,0.0009,0.0097
krj_Latn,0.068,0.0244,0.068
bkq_Latn,0.0194,0.0088,0.0194
cat_Latn,0.699,0.4039,0.699
tdt_Latn,0.0291,0.0171,0.0291
kac_Latn,0.0097,0.0018,0.0097
dts_Latn,0.0097,0.0041,0.0097
qug_Latn,0.0194,0.005,0.0194
lgm_Latn,0.0097,0.0009,0.0097
zad_Latn,0.0291,0.0074,0.0291
mwm_Latn,0.0291,0.0065,0.0291
cko_Latn,0.0291,0.0085,0.0291
bdd_Latn,0.0097,0.0076,0.0097
lbj_Tibt,0.0,0.0,0.0
bgs_Latn,0.0388,0.0109,0.0388
guw_Latn,0.0194,0.0082,0.0194
kma_Latn,0.0194,0.0059,0.0194
smo_Latn,0.0291,0.0103,0.0291
knv_Latn,0.0097,0.0024,0.0097
maj_Latn,0.0097,0.0015,0.0097
kdj_Latn,0.0097,0.0041,0.0097
cwt_Latn,0.0194,0.0091,0.0194
las_Latn,0.0097,0.0029,0.0097
nuy_Latn,0.0194,0.0062,0.0194
hil_Latn,0.1553,0.0377,0.1553
apw_Latn,0.0291,0.0041,0.0291
pib_Latn,0.0097,0.0021,0.0097
eka_Latn,0.0097,0.0035,0.0097
dad_Latn,0.0194,0.0068,0.0194
wol_Latn,0.0097,0.0024,0.0097
bkv_Latn,0.0097,0.0074,0.0097
gyr_Latn,0.0388,0.0132,0.0388
cas_Latn,0.0194,0.0044,0.0194
yuw_Latn,0.0,0.0,0.0
mmo_Latn,0.0,0.0,0.0
gil_Latn,0.0291,0.0068,0.0291
ium_Laoo,0.0097,0.0012,0.0097
mlp_Latn,0.0194,0.0021,0.0194
ghs_Latn,0.0097,0.0009,0.0097
qwh_Latn,0.0291,0.0138,0.0291
faa_Latn,0.0,0.0,0.0
mog_Latn,0.0291,0.0112,0.0291
deu_Latn,0.5631,0.263,0.5631
ksr_Latn,0.0097,0.0044,0.0097
nav_Latn,0.0097,0.0029,0.0097
hnj_Latn,0.0,0.0,0.0
tur_Latn,0.3786,0.1212,0.3786
mzw_Latn,0.0194,0.0091,0.0194
sue_Latn,0.0291,0.0062,0.0291
ceb_Latn,0.1359,0.0438,0.1359
mcb_Latn,0.0097,0.0047,0.0097
bvr_Latn,0.0291,0.0082,0.0291
esk_Latn,0.0194,0.0112,0.0194
ljp_Latn,0.0583,0.0185,0.0583
dip_Latn,0.0194,0.0029,0.0194
cjp_Latn,0.0291,0.0065,0.0291
top_Latn,0.0097,0.0024,0.0097
zsr_Latn,0.0194,0.0085,0.0194
gbo_Latn,0.0,0.0,0.0
ubr_Latn,0.0291,0.0118,0.0291
yim_Latn,0.0291,0.0091,0.0291
mak_Latn,0.0291,0.0115,0.0291
ebk_Latn,0.0291,0.0156,0.0291
bgr_Latn,0.0291,0.0088,0.0291
xuo_Latn,0.0194,0.0041,0.0194
gso_Latn,0.0291,0.0115,0.0291
heh_Latn,0.0194,0.0071,0.0194
mya_Mymr,0.0097,0.0006,0.0097
zae_Latn,0.0194,0.0091,0.0194
mwl_Latn,0.2621,0.1053,0.2621
aoz_Latn,0.0291,0.0156,0.0291
rar_Latn,0.0485,0.0109,0.0485
tnn_Latn,0.0097,0.0003,0.0097
huv_Latn,0.0097,0.0032,0.0097
mgr_Latn,0.0194,0.0097,0.0194
mmn_Latn,0.0194,0.0059,0.0194
kbr_Latn,0.0194,0.0024,0.0194
nsa_Latn,0.0194,0.0047,0.0194
hot_Latn,0.0097,0.0024,0.0097
yva_Latn,0.0194,0.0094,0.0194
car_Latn,0.0291,0.0103,0.0291
tqb_Latn,0.0,0.0,0.0
ktu_Latn,0.0194,0.005,0.0194
got_Latn,0.068,0.0188,0.068
tbk_Latn,0.0388,0.0112,0.0388
iri_Latn,0.0291,0.01,0.0291
eza_Latn,0.0194,0.0029,0.0194
kuj_Latn,0.0097,0.0041,0.0097
naw_Latn,0.0194,0.0024,0.0194
pne_Latn,0.0291,0.0082,0.0291
kss_Latn,0.0097,0.0029,0.0097
whk_Latn,0.0097,0.0012,0.0097
atg_Latn,0.0097,0.0009,0.0097
awa_Deva,0.0583,0.0135,0.0583
agn_Latn,0.0388,0.0177,0.0388
tem_Latn,0.0194,0.0094,0.0194
ary_Arab,0.0583,0.015,0.0583
eus_Latn,0.0485,0.0118,0.0485
tlf_Latn,0.0194,0.0015,0.0194
hay_Latn,0.0291,0.0112,0.0291
guj_Gujr,0.0097,0.0003,0.0097
bud_Latn,0.0291,0.0053,0.0291
tih_Latn,0.0194,0.0088,0.0194
dyo_Latn,0.0291,0.0106,0.0291
ife_Latn,0.0097,0.0015,0.0097
caq_Latn,0.0194,0.0021,0.0194
enm_Latn,0.767,0.4778,0.767
poy_Latn,0.0388,0.0097,0.0388
crx_Latn,0.0291,0.0082,0.0291
xon_Latn,0.0291,0.0106,0.0291
kbq_Latn,0.0,0.0,0.0
qub_Latn,0.0388,0.0127,0.0388
afr_Latn,0.5631,0.2501,0.5631
cta_Latn,0.0194,0.0038,0.0194
kpv_Cyrl,0.0194,0.0044,0.0194
apu_Latn,0.0097,0.0053,0.0097
hin_Latn,0.1456,0.0359,0.1456
nfr_Latn,0.0291,0.0121,0.0291
dhm_Latn,0.0194,0.0056,0.0194
wer_Latn,0.0097,0.0009,0.0097
xsu_Latn,0.0097,0.0026,0.0097
aeb_Arab,0.1262,0.0256,0.1262
fon_Latn,0.0194,0.0021,0.0194
mah_Latn,0.0291,0.0127,0.0291
btx_Latn,0.0388,0.0156,0.0388
aln_Latn,0.0971,0.0397,0.0971
huu_Latn,0.0291,0.0088,0.0291
cop_Copt,0.0,0.0,0.0
chz_Latn,0.0194,0.0059,0.0194
mvp_Latn,0.0194,0.0094,0.0194
syb_Latn,0.0291,0.0124,0.0291
mug_Latn,0.0194,0.0059,0.0194
arz_Arab,0.6602,0.228,0.6602
kje_Latn,0.0194,0.0103,0.0194
esi_Latn,0.0291,0.0127,0.0291
akh_Latn,0.0,0.0,0.0
tik_Latn,0.0097,0.0006,0.0097
bug_Latn,0.0194,0.0062,0.0194
pbc_Latn,0.0291,0.0094,0.0291
dje_Latn,0.0194,0.0076,0.0194
usp_Latn,0.0194,0.0091,0.0194
ndz_Latn,0.0194,0.0041,0.0194
myb_Latn,0.0194,0.0082,0.0194
srp_Cyrl,0.7476,0.3742,0.7476
sey_Latn,0.0194,0.0062,0.0194
kew_Latn,0.0194,0.0091,0.0194
mhr_Cyrl,0.0291,0.005,0.0291
agm_Latn,0.0097,0.0006,0.0097
nbc_Latn,0.0291,0.0138,0.0291
atd_Latn,0.0291,0.0124,0.0291
ojs_Cans,0.0,0.0,0.0
kpg_Latn,0.0194,0.005,0.0194
bjk_Latn,0.0291,0.0103,0.0291
ksp_Latn,0.0194,0.0112,0.0194
apt_Latn,0.0194,0.0103,0.0194
vut_Latn,0.0194,0.0026,0.0194
gla_Latn,0.0874,0.0227,0.0874
kdi_Latn,0.0194,0.0082,0.0194
kbp_Latn,0.0097,0.0032,0.0097
ium_Latn,0.0097,0.005,0.0097
quc_Latn,0.0291,0.0115,0.0291
wiv_Latn,0.0388,0.0129,0.0388
hla_Latn,0.0194,0.0103,0.0194
yut_Latn,0.0194,0.0032,0.0194
lww_Latn,0.0097,0.0003,0.0097
enl_Latn,0.0194,0.0068,0.0194
cap_Latn,0.0194,0.0059,0.0194
bku_Latn,0.0194,0.0097,0.0194
nia_Latn,0.0194,0.0029,0.0194
syc_Syrc,0.0097,0.0018,0.0097
gej_Latn,0.0194,0.0079,0.0194
sml_Latn,0.0291,0.0074,0.0291
aia_Latn,0.0194,0.0094,0.0194
gvc_Latn,0.0194,0.0047,0.0194
pbb_Latn,0.0194,0.0068,0.0194
bfo_Latn,0.0097,0.0032,0.0097
dis_Latn,0.0194,0.0032,0.0194
bex_Latn,0.0097,0.0009,0.0097
nng_Latn,0.0194,0.0035,0.0194
mca_Latn,0.0194,0.0029,0.0194
lid_Latn,0.0194,0.0056,0.0194
tos_Latn,0.0291,0.0065,0.0291
nki_Latn,0.0291,0.0085,0.0291
kpf_Latn,0.0194,0.0056,0.0194
teo_Latn,0.0194,0.0068,0.0194
mkd_Cyrl,0.6117,0.2689,0.6117
crh_Cyrl,0.0291,0.0056,0.0291
aau_Latn,0.0097,0.0032,0.0097
irk_Latn,0.0291,0.0129,0.0291
lam_Latn,0.0097,0.0021,0.0097
tac_Latn,0.0097,0.0006,0.0097
ycn_Latn,0.0097,0.0044,0.0097
bmq_Latn,0.0194,0.0065,0.0194
ktj_Latn,0.0097,0.0003,0.0097
enq_Latn,0.0097,0.0024,0.0097
poe_Latn,0.0194,0.0065,0.0194
ify_Latn,0.0194,0.0097,0.0194
dgc_Latn,0.0291,0.0135,0.0291
kbm_Latn,0.0194,0.0094,0.0194
aey_Latn,0.0194,0.0029,0.0194
sat_Latn,0.0097,0.0026,0.0097
mnf_Latn,0.0097,0.0003,0.0097
qvi_Latn,0.0194,0.0059,0.0194
jac_Latn,0.0194,0.0082,0.0194
bqj_Latn,0.0194,0.0109,0.0194
hui_Latn,0.0097,0.0024,0.0097
chf_Latn,0.0097,0.0059,0.0097
bbc_Latn,0.0291,0.0109,0.0291
rus_Cyrl,0.8447,0.5822,0.8447
xsi_Latn,0.0194,0.0021,0.0194
mqj_Latn,0.0291,0.0121,0.0291
gui_Latn,0.0291,0.0118,0.0291
kjh_Cyrl,0.0291,0.0082,0.0291
mbc_Latn,0.0097,0.0041,0.0097
btd_Latn,0.0291,0.0118,0.0291
for_Latn,0.0,0.0,0.0
snf_Latn,0.0194,0.0015,0.0194
tuk_Arab,0.0194,0.0009,0.0194
soy_Latn,0.0097,0.0029,0.0097
esu_Latn,0.0194,0.0062,0.0194
pah_Latn,0.0194,0.0038,0.0194
msb_Latn,0.068,0.0241,0.068
rub_Latn,0.0097,0.0009,0.0097
dow_Latn,0.0194,0.0094,0.0194
ton_Latn,0.0194,0.0038,0.0194
mee_Latn,0.0194,0.0047,0.0194
kin_Latn,0.0291,0.0059,0.0291
amm_Latn,0.0097,0.0009,0.0097
hne_Deva,0.0485,0.0097,0.0485
ter_Latn,0.0097,0.0006,0.0097
zyp_Latn,0.0291,0.0074,0.0291
cce_Latn,0.0485,0.0094,0.0485
ava_Cyrl,0.0097,0.0003,0.0097
kek_Latn,0.0291,0.0097,0.0291
mjw_Latn,0.0291,0.01,0.0291
tgk_Cyrl,0.0194,0.0044,0.0194
cub_Latn,0.0097,0.0044,0.0097
nph_Latn,0.0194,0.0118,0.0194
ozm_Latn,0.0194,0.0056,0.0194
qvh_Latn,0.0388,0.0121,0.0388
bki_Latn,0.0097,0.0006,0.0097
kqe_Latn,0.0291,0.0106,0.0291
pls_Latn,0.0291,0.0082,0.0291
nca_Latn,0.0097,0.0024,0.0097
fuq_Latn,0.0097,0.0015,0.0097
wos_Latn,0.0097,0.0021,0.0097
aca_Latn,0.0291,0.0068,0.0291
mbb_Latn,0.0097,0.0044,0.0097
mau_Latn,0.0194,0.0062,0.0194
guh_Latn,0.0194,0.0076,0.0194
udu_Latn,0.0097,0.0003,0.0097
tnp_Latn,0.0097,0.0018,0.0097
ewe_Latn,0.0194,0.0062,0.0194
jbu_Latn,0.0097,0.0006,0.0097
fij_Latn,0.0097,0.0015,0.0097
zsm_Latn,0.1748,0.0418,0.1748
bsc_Latn,0.0194,0.0068,0.0194
too_Latn,0.0194,0.0065,0.0194
gag_Latn,0.1359,0.0441,0.1359
zpz_Latn,0.0097,0.0029,0.0097
kzf_Latn,0.0194,0.0085,0.0194
xtn_Latn,0.0194,0.0065,0.0194
wbi_Latn,0.0291,0.0076,0.0291
cjo_Latn,0.0097,0.0009,0.0097
aze_Cyrl,0.0388,0.0085,0.0388
kyq_Latn,0.0194,0.0047,0.0194
dov_Latn,0.0194,0.0085,0.0194
chv_Cyrl,0.0291,0.005,0.0291
hag_Latn,0.0291,0.0062,0.0291
mpt_Latn,0.0097,0.0003,0.0097
est_Latn,0.2136,0.0468,0.2136
aai_Latn,0.0291,0.0109,0.0291
cuc_Latn,0.0194,0.0079,0.0194
ngp_Latn,0.0194,0.0091,0.0194
krc_Cyrl,0.0291,0.0065,0.0291
mzh_Latn,0.0291,0.0103,0.0291
box_Latn,0.0194,0.0024,0.0194
ndg_Latn,0.0291,0.0132,0.0291
vag_Latn,0.0194,0.005,0.0194
bjv_Latn,0.0,0.0,0.0
kpz_Latn,0.0097,0.0068,0.0097
tum_Latn,0.0388,0.0129,0.0388
jiv_Latn,0.0097,0.0026,0.0097
bzh_Latn,0.0194,0.0047,0.0194
zho_Hani,0.6117,0.3066,0.6117
mox_Latn,0.0194,0.0074,0.0194
zga_Latn,0.0097,0.0071,0.0097
kxc_Ethi,0.0194,0.0009,0.0194
mav_Latn,0.0097,0.0032,0.0097
bwq_Latn,0.0194,0.0032,0.0194
knj_Latn,0.0291,0.0121,0.0291
aji_Latn,0.0194,0.0071,0.0194
ppk_Latn,0.0291,0.0159,0.0291
khs_Latn,0.0097,0.0012,0.0097
xal_Cyrl,0.0,0.0,0.0
alp_Latn,0.0194,0.0088,0.0194
wsk_Latn,0.0194,0.0085,0.0194
mwq_Latn,0.0097,0.0012,0.0097
dnj_Latn,0.0097,0.0003,0.0097
bav_Latn,0.0194,0.0097,0.0194
chd_Latn,0.0194,0.0044,0.0194
bba_Latn,0.0194,0.0076,0.0194
cao_Latn,0.0097,0.0021,0.0097
sba_Latn,0.0194,0.005,0.0194
asm_Beng,0.0291,0.0074,0.0291
mkj_Latn,0.0291,0.0144,0.0291
tsw_Latn,0.0097,0.0003,0.0097
mzk_Latn,0.0291,0.0132,0.0291
bxr_Cyrl,0.0097,0.0026,0.0097
mib_Latn,0.0194,0.0097,0.0194
yad_Latn,0.0194,0.0041,0.0194
csy_Latn,0.0194,0.0097,0.0194
bib_Latn,0.0194,0.0041,0.0194
mvn_Latn,0.0291,0.0141,0.0291
xtm_Latn,0.0194,0.0106,0.0194
muy_Latn,0.0097,0.0062,0.0097
amo_Latn,0.0194,0.0121,0.0194
hwc_Latn,0.4854,0.2298,0.4854
lob_Latn,0.0,0.0,0.0
sll_Latn,0.0,0.0,0.0
clu_Latn,0.0874,0.0291,0.0874
nmo_Latn,0.0291,0.0065,0.0291
chu_Cyrl,0.699,0.3392,0.699
sxb_Latn,0.0194,0.0076,0.0194
mwp_Latn,0.0194,0.0076,0.0194
mtg_Latn,0.0194,0.0082,0.0194
alq_Latn,0.0291,0.0074,0.0291
lmk_Latn,0.0194,0.0112,0.0194
nya_Latn,0.0291,0.0118,0.0291
eri_Latn,0.0194,0.0059,0.0194
knk_Latn,0.0097,0.0071,0.0097
maw_Latn,0.0097,0.0015,0.0097
thk_Latn,0.0097,0.0009,0.0097
swp_Latn,0.0291,0.0135,0.0291
mxb_Latn,0.0194,0.0059,0.0194
yss_Latn,0.0097,0.0038,0.0097
bmr_Latn,0.0194,0.0065,0.0194
sqi_Latn,0.0874,0.0377,0.0874
pww_Thai,0.0097,0.0009,0.0097
yuj_Latn,0.0097,0.0018,0.0097
kpx_Latn,0.0097,0.0012,0.0097
tuo_Latn,0.0194,0.0038,0.0194
nak_Latn,0.0291,0.0082,0.0291
xnn_Latn,0.0291,0.0153,0.0291
ade_Latn,0.0097,0.0065,0.0097
agr_Latn,0.0097,0.0053,0.0097
bzj_Latn,0.1359,0.03,0.1359
mic_Latn,0.0097,0.0024,0.0097
urk_Thai,0.0,0.0,0.0
gnw_Latn,0.0194,0.0074,0.0194
aak_Latn,0.0,0.0,0.0
nde_Latn,0.0388,0.01,0.0388
omw_Latn,0.0097,0.0006,0.0097
msa_Latn,0.0971,0.0253,0.0971
bef_Latn,0.0097,0.0012,0.0097
hae_Latn,0.0194,0.0056,0.0194
amn_Latn,0.0097,0.0041,0.0097
mfq_Latn,0.0097,0.0018,0.0097
any_Latn,0.0097,0.0009,0.0097
mux_Latn,0.0097,0.0012,0.0097
awk_Latn,0.0194,0.0044,0.0194
agu_Latn,0.0291,0.0085,0.0291
nre_Latn,0.0097,0.005,0.0097
lex_Latn,0.0291,0.0103,0.0291
ngu_Latn,0.0291,0.0121,0.0291
mzm_Latn,0.0194,0.0032,0.0194
ong_Latn,0.0097,0.0035,0.0097
zos_Latn,0.0194,0.0032,0.0194
are_Latn,0.0291,0.0132,0.0291
ruf_Latn,0.0291,0.0091,0.0291
ote_Latn,0.0291,0.0044,0.0291
akp_Latn,0.0291,0.0065,0.0291
arb_Arab,0.6893,0.2342,0.6893
toj_Latn,0.0194,0.0053,0.0194
czt_Latn,0.0291,0.0062,0.0291
nhg_Latn,0.0194,0.0074,0.0194
viv_Latn,0.0097,0.0056,0.0097
njo_Latn,0.0194,0.0065,0.0194
mww_Latn,0.0097,0.0009,0.0097
rai_Latn,0.0291,0.0132,0.0291
nyf_Latn,0.0388,0.0082,0.0388
urw_Latn,0.0194,0.0026,0.0194
xsm_Latn,0.0194,0.0021,0.0194
noa_Latn,0.0291,0.0071,0.0291
gum_Latn,0.0291,0.0071,0.0291
bmu_Latn,0.0194,0.0041,0.0194
trn_Latn,0.0194,0.0074,0.0194
lai_Latn,0.0291,0.0094,0.0291
mkl_Latn,0.0097,0.0024,0.0097
acd_Latn,0.0291,0.0074,0.0291
xla_Latn,0.0097,0.0006,0.0097
quz_Latn,0.0291,0.0106,0.0291
mnb_Latn,0.0291,0.0135,0.0291
qvm_Latn,0.0388,0.0088,0.0388
avt_Latn,0.0194,0.0041,0.0194
auc_Latn,0.0,0.0,0.0
mzl_Latn,0.0291,0.0056,0.0291
uzb_Latn,0.0291,0.0076,0.0291
kup_Latn,0.0194,0.0041,0.0194
ndc_Latn,0.0194,0.0094,0.0194
kvg_Latn,0.0291,0.0088,0.0291
ken_Latn,0.0194,0.0074,0.0194
mie_Latn,0.0291,0.0097,0.0291
ukr_Cyrl,0.8252,0.4457,0.8252
tew_Latn,0.0194,0.0041,0.0194
ssg_Latn,0.0097,0.0038,0.0097
lug_Latn,0.0097,0.0047,0.0097
tui_Latn,0.0097,0.0041,0.0097
spp_Latn,0.0194,0.0018,0.0194
wbm_Latn,0.0194,0.0079,0.0194
pdc_Latn,0.068,0.0253,0.068
kik_Latn,0.0388,0.0109,0.0388
amh_Latn,0.0194,0.0044,0.0194
oss_Cyrl,0.0291,0.0082,0.0291
slk_Latn,0.4175,0.2151,0.4175
dyu_Latn,0.0194,0.0074,0.0194
kor_Latn,0.0097,0.0021,0.0097
pam_Latn,0.0291,0.0132,0.0291
coe_Latn,0.0194,0.0053,0.0194
dik_Latn,0.0194,0.0071,0.0194
mpp_Latn,0.0291,0.0076,0.0291
nmh_Latn,0.0097,0.0026,0.0097
rug_Latn,0.0194,0.0059,0.0194
gul_Latn,0.4078,0.1306,0.4078
mbf_Latn,0.3107,0.0944,0.3107
smt_Latn,0.0194,0.0103,0.0194
snc_Latn,0.0194,0.0047,0.0194
maq_Latn,0.0291,0.0076,0.0291
yon_Latn,0.0097,0.0006,0.0097
kkc_Latn,0.0,0.0,0.0
fin_Latn,0.4078,0.1636,0.4078
mgh_Latn,0.0097,0.0068,0.0097
niy_Latn,0.0097,0.0018,0.0097
mta_Latn,0.0291,0.0059,0.0291
mwv_Latn,0.0194,0.0068,0.0194
njn_Latn,0.0194,0.0071,0.0194
lwo_Latn,0.0097,0.0018,0.0097
snd_Arab,0.0194,0.0029,0.0194
plw_Latn,0.0388,0.0112,0.0388
kbh_Latn,0.0194,0.0071,0.0194
npl_Latn,0.0388,0.0103,0.0388
ivb_Latn,0.0097,0.0076,0.0097
isl_Latn,0.3592,0.1194,0.3592
ace_Latn,0.0291,0.0115,0.0291
jmc_Latn,0.0291,0.0106,0.0291
kgf_Latn,0.0194,0.0035,0.0194
icr_Latn,0.1845,0.0527,0.1845
kto_Latn,0.0194,0.0079,0.0194
tro_Latn,0.0194,0.0041,0.0194
kyu_Mymr,0.0097,0.0003,0.0097
amk_Latn,0.0291,0.0091,0.0291
bps_Latn,0.0097,0.0015,0.0097
toh_Latn,0.0194,0.0056,0.0194
cya_Latn,0.0291,0.0076,0.0291
way_Latn,0.0194,0.0065,0.0194
ium_Thai,0.0097,0.0009,0.0097
nhe_Latn,0.0194,0.0053,0.0194
mps_Latn,0.0097,0.0021,0.0097
cof_Latn,0.0194,0.0103,0.0194
gdn_Latn,0.0097,0.0018,0.0097
ixl_Latn,0.0194,0.0082,0.0194
mif_Latn,0.0194,0.0035,0.0194
nwi_Latn,0.0194,0.0062,0.0194
myx_Latn,0.0291,0.0085,0.0291
nwx_Deva,0.0291,0.0035,0.0291
cfm_Latn,0.0291,0.01,0.0291
blh_Latn,0.0097,0.0006,0.0097
kus_Latn,0.0291,0.0132,0.0291
sps_Latn,0.0097,0.0021,0.0097
nan_Latn,0.0194,0.0076,0.0194
awi_Latn,0.0097,0.0024,0.0097
ssd_Latn,0.0097,0.0021,0.0097
ksj_Latn,0.0097,0.0012,0.0097
byx_Latn,0.0194,0.0059,0.0194
agw_Latn,0.0194,0.0085,0.0194
tat_Cyrl,0.0194,0.0038,0.0194
mlh_Latn,0.0097,0.0012,0.0097
qvo_Latn,0.0291,0.0094,0.0291
npo_Latn,0.0194,0.0074,0.0194
plt_Latn,0.0291,0.0118,0.0291
ktb_Ethi,0.0097,0.0006,0.0097
cak_Latn,0.0388,0.0115,0.0388
mal_Mlym,0.0,0.0,0.0
fuv_Latn,0.0097,0.0012,0.0097
mhy_Latn,0.0485,0.0121,0.0485
rmn_Latn,0.0291,0.0097,0.0291
acf_Latn,0.0291,0.0132,0.0291
gom_Latn,0.0194,0.0097,0.0194
dru_Latn,0.0291,0.01,0.0291
bwu_Latn,0.0194,0.0076,0.0194
wuv_Latn,0.0388,0.0162,0.0388
urd_Deva,0.4369,0.0841,0.4369
ppo_Latn,0.0097,0.0026,0.0097
guo_Latn,0.0194,0.0059,0.0194
hch_Latn,0.0097,0.0012,0.0097
njm_Latn,0.0194,0.0071,0.0194
bar_Latn,0.2136,0.0465,0.2136
pua_Latn,0.0194,0.0044,0.0194
etu_Latn,0.0097,0.0012,0.0097
bul_Cyrl,0.8252,0.4525,0.8252
yom_Latn,0.0097,0.0009,0.0097
jae_Latn,0.0194,0.0059,0.0194
prf_Latn,0.0388,0.0162,0.0388
kan_Knda,0.0388,0.0074,0.0388
mse_Latn,0.0194,0.0121,0.0194
dop_Latn,0.0097,0.005,0.0097
nhd_Latn,0.0291,0.0106,0.0291
bpr_Latn,0.0194,0.0053,0.0194
sig_Latn,0.0097,0.0021,0.0097
kor_Hang,0.5146,0.2142,0.5146
gaa_Latn,0.0194,0.0062,0.0194
log_Latn,0.0194,0.0071,0.0194
toi_Latn,0.0194,0.0085,0.0194
dur_Latn,0.0097,0.0006,0.0097
tuk_Latn,0.0388,0.0103,0.0388
big_Latn,0.0097,0.0012,0.0097
hns_Latn,0.0291,0.0071,0.0291
myy_Latn,0.0194,0.0059,0.0194
ibo_Latn,0.0097,0.0038,0.0097
abx_Latn,0.0291,0.0118,0.0291
mig_Latn,0.0194,0.0053,0.0194
yaa_Latn,0.0194,0.0082,0.0194
rmo_Latn,0.0194,0.0079,0.0194
vun_Latn,0.0097,0.0038,0.0097
mhx_Latn,0.0194,0.0044,0.0194
isn_Latn,0.0291,0.0091,0.0291
laj_Latn,0.0194,0.0106,0.0194
apn_Latn,0.0,0.0,0.0
plu_Latn,0.0194,0.0085,0.0194
kqc_Latn,0.0194,0.0059,0.0194
qvn_Latn,0.0291,0.01,0.0291
mna_Latn,0.0097,0.0026,0.0097
sas_Latn,0.0194,0.0065,0.0194
quy_Latn,0.0194,0.0082,0.0194
sbd_Latn,0.0194,0.0041,0.0194
fil_Latn,0.3495,0.123,0.3495
hun_Latn,0.5631,0.2445,0.5631
cha_Latn,0.0291,0.0118,0.0291
cmo_Latn,0.0097,0.0015,0.0097
gun_Latn,0.0291,0.0106,0.0291
nob_Latn,0.699,0.4025,0.699
urt_Latn,0.0194,0.0012,0.0194
mas_Latn,0.0291,0.0112,0.0291
sna_Latn,0.0291,0.0129,0.0291
kno_Latn,0.0097,0.0003,0.0097
lzh_Hani,0.3883,0.1606,0.3883
mbd_Latn,0.0194,0.0062,0.0194
dig_Latn,0.0291,0.0118,0.0291
msk_Latn,0.0388,0.015,0.0388
sop_Latn,0.0097,0.0009,0.0097
xav_Latn,0.0097,0.0009,0.0097
mcu_Latn,0.0194,0.0056,0.0194
lip_Latn,0.0194,0.0056,0.0194
ory_Orya,0.0,0.0,0.0
ind_Latn,0.6019,0.2486,0.6019
obo_Latn,0.0291,0.0071,0.0291
mur_Latn,0.0194,0.0024,0.0194
tue_Latn,0.0097,0.0024,0.0097
mop_Latn,0.0291,0.0065,0.0291
leu_Latn,0.0194,0.0094,0.0194
uli_Latn,0.0388,0.0071,0.0388
uig_Latn,0.0388,0.0068,0.0388
cuk_Latn,0.0194,0.0085,0.0194
yao_Latn,0.0194,0.0091,0.0194
kff_Telu,0.0,0.0,0.0
ndo_Latn,0.0291,0.0085,0.0291
sur_Latn,0.0194,0.0071,0.0194
iba_Latn,0.0485,0.0191,0.0485
trc_Latn,0.0194,0.0038,0.0194
hye_Latn,0.0097,0.0053,0.0097
quw_Latn,0.0194,0.0115,0.0194
mmx_Latn,0.0194,0.0065,0.0194
wib_Latn,0.0097,0.0024,0.0097
pol_Latn,0.7573,0.4066,0.7573
enx_Latn,0.0194,0.0085,0.0194
kum_Cyrl,0.0097,0.0026,0.0097
njb_Latn,0.0097,0.0068,0.0097
zas_Latn,0.0291,0.0088,0.0291
bbj_Latn,0.0194,0.0062,0.0194
bqc_Latn,0.0194,0.0059,0.0194
rad_Latn,0.0291,0.0074,0.0291
mbj_Latn,0.0097,0.0015,0.0097
khm_Khmr,0.0194,0.0026,0.0194
ptp_Latn,0.0097,0.0044,0.0097
ame_Latn,0.0097,0.0062,0.0097
pwg_Latn,0.0194,0.0091,0.0194
tof_Latn,0.0097,0.0015,0.0097
bsj_Latn,0.0291,0.0094,0.0291
bvd_Latn,0.0291,0.0109,0.0291
soq_Latn,0.0194,0.0047,0.0194
qxl_Latn,0.0291,0.0124,0.0291
pri_Latn,0.0097,0.0047,0.0097
hye_Armn,0.0485,0.0097,0.0485
ahk_Latn,0.0,0.0,0.0
bus_Latn,0.0194,0.0074,0.0194
dif_Latn,0.0291,0.0106,0.0291
gwi_Latn,0.0291,0.0112,0.0291
ikk_Latn,0.0097,0.0082,0.0097
bem_Latn,0.0291,0.0118,0.0291
kvj_Latn,0.0194,0.0047,0.0194
sus_Latn,0.0194,0.0076,0.0194
mza_Latn,0.0194,0.0109,0.0194
tcc_Latn,0.0194,0.0088,0.0194
lcm_Latn,0.0291,0.0044,0.0291
yby_Latn,0.0,0.0,0.0
ntp_Latn,0.0097,0.0003,0.0097
mih_Latn,0.0194,0.0062,0.0194
yan_Latn,0.0194,0.0097,0.0194
nri_Latn,0.0194,0.0074,0.0194
ign_Latn,0.0291,0.0091,0.0291
ksd_Latn,0.0291,0.0091,0.0291
nch_Latn,0.0194,0.0068,0.0194
yua_Latn,0.0291,0.0124,0.0291
hlt_Latn,0.0194,0.0035,0.0194
cbr_Latn,0.0194,0.0038,0.0194
qva_Latn,0.0194,0.0062,0.0194
sbk_Latn,0.0291,0.0121,0.0291
giz_Latn,0.0388,0.0129,0.0388
ctu_Latn,0.0291,0.0088,0.0291
ach_Latn,0.0097,0.0024,0.0097
kgk_Latn,0.0291,0.0071,0.0291
mqb_Latn,0.0097,0.0009,0.0097
cnw_Latn,0.0291,0.0112,0.0291
snn_Latn,0.0097,0.0053,0.0097
khy_Latn,0.0097,0.0053,0.0097
alz_Latn,0.0291,0.0059,0.0291
aom_Latn,0.0194,0.0056,0.0194
bru_Latn,0.0097,0.0009,0.0097
zar_Latn,0.0194,0.0071,0.0194
yam_Latn,0.0097,0.0024,0.0097
abt_Latn,0.0,0.0,0.0
cui_Latn,0.0194,0.0032,0.0194
tpi_Latn,0.0777,0.025,0.0777
pmf_Latn,0.0291,0.0065,0.0291
mle_Latn,0.0097,0.0012,0.0097
mor_Latn,0.0097,0.0062,0.0097
iws_Latn,0.0097,0.0024,0.0097
lew_Latn,0.0194,0.0068,0.0194
men_Latn,0.0194,0.0044,0.0194
gam_Latn,0.0097,0.0026,0.0097
amf_Latn,0.0291,0.0076,0.0291
tir_Ethi,0.0097,0.0012,0.0097
mfy_Latn,0.0291,0.0071,0.0291
szb_Latn,0.0194,0.0082,0.0194
bcw_Latn,0.0097,0.0018,0.0097
djr_Latn,0.0097,0.0006,0.0097
nnq_Latn,0.0097,0.0015,0.0097
cok_Latn,0.0097,0.0026,0.0097
nmf_Latn,0.0291,0.0056,0.0291
amh_Ethi,0.0097,0.0009,0.0097
qxo_Latn,0.0194,0.0079,0.0194
mbh_Latn,0.0194,0.0044,0.0194
lhm_Latn,0.0,0.0,0.0
gfk_Latn,0.0194,0.0109,0.0194
xsb_Latn,0.0388,0.0138,0.0388
cnt_Latn,0.0194,0.0062,0.0194
gub_Latn,0.0,0.0,0.0
pck_Latn,0.0291,0.0127,0.0291
mto_Latn,0.0194,0.005,0.0194
pfe_Latn,0.0194,0.0035,0.0194
jra_Latn,0.0194,0.0068,0.0194
rro_Latn,0.0291,0.0097,0.0291
ewo_Latn,0.0291,0.0153,0.0291
aon_Latn,0.0097,0.0041,0.0097
hub_Latn,0.0194,0.0088,0.0194
aly_Latn,0.0194,0.0047,0.0194
khz_Latn,0.0097,0.0032,0.0097
kaq_Latn,0.0194,0.0065,0.0194
gjn_Latn,0.0291,0.0035,0.0291
nsu_Latn,0.0291,0.0109,0.0291
aer_Latn,0.0194,0.005,0.0194
caf_Latn,0.0194,0.0071,0.0194
pon_Latn,0.0291,0.0056,0.0291
san_Deva,0.1845,0.0377,0.1845
kqo_Latn,0.0097,0.0003,0.0097
apb_Latn,0.0291,0.0068,0.0291
rmc_Latn,0.0388,0.0124,0.0388
adl_Latn,0.0291,0.0091,0.0291
gkp_Latn,0.0194,0.0026,0.0194
mos_Latn,0.0194,0.0053,0.0194
ksf_Latn,0.0194,0.0018,0.0194
cco_Latn,0.0194,0.0047,0.0194
tuf_Latn,0.0194,0.0059,0.0194
nbu_Latn,0.0291,0.0035,0.0291
yre_Latn,0.0097,0.0009,0.0097
yal_Latn,0.0194,0.0076,0.0194
ntr_Latn,0.0194,0.0029,0.0194
tca_Latn,0.0194,0.0032,0.0194
kaa_Cyrl,0.0485,0.0129,0.0485
sld_Latn,0.0097,0.0012,0.0097
qxn_Latn,0.0291,0.0141,0.0291
prk_Latn,0.0194,0.0076,0.0194
pab_Latn,0.0291,0.0115,0.0291
nnp_Latn,0.0194,0.0035,0.0194
beo_Latn,0.0097,0.0021,0.0097
nhi_Latn,0.0194,0.0088,0.0194
gqr_Latn,0.0097,0.0012,0.0097
uvh_Latn,0.0194,0.0041,0.0194
cym_Latn,0.0874,0.0203,0.0874
grt_Beng,0.0097,0.0015,0.0097
kjs_Latn,0.0194,0.0035,0.0194
zpq_Latn,0.0194,0.0065,0.0194
xed_Latn,0.0097,0.0021,0.0097
shu_Latn,0.0388,0.0138,0.0388
ilo_Latn,0.0388,0.0159,0.0388
mrw_Latn,0.0194,0.0065,0.0194
guc_Latn,0.0291,0.0091,0.0291
mbi_Latn,0.0194,0.0029,0.0194
xsr_Deva,0.0097,0.0012,0.0097
tku_Latn,0.0291,0.0082,0.0291
glv_Latn,0.0291,0.0135,0.0291
stn_Latn,0.0194,0.0038,0.0194
hix_Latn,0.0,0.0,0.0
cag_Latn,0.0291,0.0103,0.0291
ncj_Latn,0.0194,0.0059,0.0194
dgi_Latn,0.0194,0.0035,0.0194
tgp_Latn,0.0485,0.0188,0.0485
nst_Latn,0.0291,0.0038,0.0291
ldi_Latn,0.0194,0.0068,0.0194
crn_Latn,0.0194,0.0032,0.0194
dww_Latn,0.0291,0.0091,0.0291
qvc_Latn,0.0,0.0,0.0
nyo_Latn,0.0291,0.0091,0.0291
zaw_Latn,0.0291,0.0079,0.0291
chk_Latn,0.0194,0.0118,0.0194
niq_Latn,0.0291,0.0088,0.0291
mti_Latn,0.0194,0.0068,0.0194
cme_Latn,0.0194,0.0035,0.0194
gud_Latn,0.0,0.0,0.0
pcm_Latn,0.3107,0.0809,0.3107
gvs_Latn,0.0097,0.0053,0.0097
ayo_Latn,0.0194,0.0056,0.0194
kne_Latn,0.0388,0.015,0.0388
kir_Cyrl,0.0194,0.0056,0.0194
mdy_Ethi,0.0097,0.0003,0.0097
kmr_Latn,0.0291,0.0103,0.0291
tby_Latn,0.0291,0.0124,0.0291
ctp_Latn,0.0194,0.0076,0.0194
pes_Arab,0.3398,0.103,0.3398
isd_Latn,0.0291,0.0165,0.0291
hin_Deva,0.3786,0.0824,0.3786
gof_Latn,0.0194,0.0062,0.0194
srp_Latn,0.6699,0.3251,0.6699
gya_Latn,0.0194,0.0076,0.0194
poh_Latn,0.0291,0.0115,0.0291
twi_Latn,0.0194,0.0106,0.0194
mnk_Latn,0.0194,0.0068,0.0194
far_Latn,0.0291,0.0112,0.0291
bzd_Latn,0.0194,0.0044,0.0194
cpa_Latn,0.0194,0.0065,0.0194
tel_Telu,0.0097,0.0018,0.0097
luo_Latn,0.0194,0.0079,0.0194
ojb_Cans,0.0194,0.0006,0.0194
bim_Latn,0.0291,0.0097,0.0291
awb_Latn,0.0,0.0,0.0
arl_Latn,0.0194,0.0082,0.0194
zlm_Latn,0.5728,0.2574,0.5728
wmw_Latn,0.0388,0.0103,0.0388
ntu_Latn,0.0097,0.0009,0.0097
sah_Cyrl,0.0194,0.0041,0.0194
seh_Latn,0.0194,0.0082,0.0194
nwb_Latn,0.0097,0.0024,0.0097
sot_Latn,0.0291,0.0109,0.0291
gde_Latn,0.0194,0.0079,0.0194
epo_Latn,0.2718,0.1127,0.2718
lit_Latn,0.1456,0.0559,0.1456
mcq_Latn,0.0097,0.0003,0.0097
mpx_Latn,0.0097,0.0074,0.0097
upv_Latn,0.0194,0.0059,0.0194
nnw_Latn,0.0097,0.0018,0.0097
hak_Latn,0.0097,0.0032,0.0097
usa_Latn,0.0097,0.0009,0.0097
war_Latn,0.068,0.0218,0.068
mva_Latn,0.0291,0.0094,0.0291
zpv_Latn,0.0194,0.0053,0.0194
sim_Latn,0.0,0.0,0.0
ptu_Latn,0.0291,0.0135,0.0291
toc_Latn,0.0194,0.0015,0.0194
lom_Latn,0.0097,0.0024,0.0097
kms_Latn,0.0194,0.0059,0.0194
bth_Latn,0.0388,0.0129,0.0388
mai_Deva,0.0583,0.0127,0.0583
zav_Latn,0.0097,0.0024,0.0097
guk_Ethi,0.0,0.0,0.0
kkj_Latn,0.0194,0.0065,0.0194
aoi_Latn,0.0097,0.0003,0.0097
nyn_Latn,0.0388,0.0103,0.0388
qve_Latn,0.0194,0.0085,0.0194
aeu_Latn,0.0097,0.0006,0.0097
ifu_Latn,0.0291,0.0097,0.0291
ncl_Latn,0.0194,0.0062,0.0194
cbv_Latn,0.0194,0.0065,0.0194
poi_Latn,0.0194,0.0065,0.0194
caa_Latn,0.0097,0.0038,0.0097
bkd_Latn,0.0194,0.0103,0.0194
srq_Latn,0.0097,0.005,0.0097
bnj_Latn,0.0097,0.0029,0.0097
ape_Latn,0.0194,0.0071,0.0194
gog_Latn,0.0097,0.0021,0.0097
mil_Latn,0.0194,0.0024,0.0194
kvn_Latn,0.0194,0.005,0.0194
ndj_Latn,0.0194,0.01,0.0194
spy_Latn,0.0,0.0,0.0
att_Latn,0.0097,0.0085,0.0097
hmo_Latn,0.0388,0.0103,0.0388
pma_Latn,0.0097,0.0006,0.0097
byr_Latn,0.0194,0.0012,0.0194
adj_Latn,0.0194,0.0024,0.0194
pan_Guru,0.0,0.0,0.0
sil_Latn,0.0194,0.0094,0.0194
bsn_Latn,0.0194,0.0053,0.0194
anv_Latn,0.0194,0.0074,0.0194
lol_Latn,0.0097,0.0065,0.0097
tob_Latn,0.0194,0.0062,0.0194
efi_Latn,0.0291,0.0091,0.0291
nho_Latn,0.0388,0.0118,0.0388
run_Latn,0.0388,0.0135,0.0388
nma_Latn,0.0097,0.0041,0.0097
pad_Latn,0.0291,0.0068,0.0291
qxh_Latn,0.0291,0.0106,0.0291
mcp_Latn,0.0194,0.0029,0.0194
otm_Latn,0.0194,0.0062,0.0194
cab_Latn,0.0388,0.01,0.0388
cbu_Latn,0.0,0.0,0.0
emi_Latn,0.0291,0.0065,0.0291
bhp_Latn,0.0194,0.0103,0.0194
sbl_Latn,0.0291,0.0103,0.0291
dwr_Latn,0.0097,0.0026,0.0097
cwe_Latn,0.0291,0.0121,0.0291
sgb_Latn,0.0388,0.0118,0.0388
old_Latn,0.0291,0.0035,0.0291
pis_Latn,0.0485,0.0203,0.0485
aym_Latn,0.0291,0.0138,0.0291
azz_Latn,0.0097,0.0065,0.0097
lhi_Latn,0.0097,0.0003,0.0097
eve_Cyrl,0.0194,0.0059,0.0194
lif_Limb,0.0,0.0,0.0
mbl_Latn,0.0097,0.0021,0.0097
kng_Latn,0.0097,0.0015,0.0097
kki_Latn,0.0194,0.0038,0.0194
shp_Latn,0.0194,0.0094,0.0194
sxn_Latn,0.0194,0.0065,0.0194
wap_Latn,0.0194,0.0041,0.0194
inb_Latn,0.0194,0.0085,0.0194
gai_Latn,0.0097,0.0021,0.0097
mej_Latn,0.0291,0.0094,0.0291
zpt_Latn,0.0291,0.0103,0.0291
kia_Latn,0.0194,0.0065,0.0194
yml_Latn,0.0097,0.0012,0.0097
otn_Latn,0.0291,0.0115,0.0291
gdg_Latn,0.0388,0.0144,0.0388
pag_Latn,0.0388,0.0156,0.0388
msm_Latn,0.0194,0.0074,0.0194
tpm_Latn,0.0194,0.0094,0.0194
ces_Latn,0.6796,0.3363,0.6796
tsz_Latn,0.0194,0.0044,0.0194
arn_Latn,0.0291,0.0074,0.0291
ndi_Latn,0.0194,0.0024,0.0194
bov_Latn,0.0194,0.0056,0.0194
iry_Latn,0.0194,0.0074,0.0194
roo_Latn,0.0097,0.0021,0.0097
mio_Latn,0.0291,0.0082,0.0291
cpc_Latn,0.0291,0.0138,0.0291
adi_Latn,0.0194,0.0115,0.0194
fry_Latn,0.1068,0.0362,0.1068
ded_Latn,0.0097,0.0006,0.0097
ksc_Latn,0.0291,0.0159,0.0291
tuc_Latn,0.0194,0.0071,0.0194
zia_Latn,0.0291,0.0065,0.0291
pir_Latn,0.0097,0.0026,0.0097
lac_Latn,0.0194,0.0091,0.0194
acn_Latn,0.0194,0.0032,0.0194
tbz_Latn,0.0097,0.0003,0.0097
kbc_Latn,0.0194,0.0038,0.0194
qup_Latn,0.0194,0.0085,0.0194
cac_Latn,0.0291,0.0141,0.0291
cbt_Latn,0.0,0.0,0.0
mtj_Latn,0.0291,0.01,0.0291
tyv_Cyrl,0.0194,0.0035,0.0194
zat_Latn,0.0194,0.0091,0.0194
jam_Latn,0.0971,0.0147,0.0971
maz_Latn,0.0194,0.0059,0.0194
knf_Latn,0.0097,0.0041,0.0097
gug_Latn,0.0291,0.0103,0.0291
lif_Deva,0.0194,0.0012,0.0194
con_Latn,0.0194,0.0088,0.0194
cly_Latn,0.0291,0.0076,0.0291
bak_Cyrl,0.0291,0.0065,0.0291
mcr_Latn,0.0194,0.0021,0.0194
tiy_Latn,0.0291,0.0091,0.0291
hra_Latn,0.0097,0.0041,0.0097
gah_Latn,0.0097,0.0012,0.0097
zpu_Latn,0.0194,0.0103,0.0194
uig_Arab,0.0194,0.0018,0.0194
uvl_Latn,0.0194,0.0076,0.0194
naf_Latn,0.0194,0.0015,0.0194
ksb_Latn,0.0194,0.0065,0.0194
nbq_Latn,0.0097,0.0038,0.0097
cpb_Latn,0.0291,0.0106,0.0291
ita_Latn,0.8252,0.5075,0.8252
adh_Latn,0.0291,0.01,0.0291
ron_Latn,0.6019,0.2783,0.6019
min_Latn,0.0291,0.0129,0.0291
cul_Latn,0.0,0.0,0.0
wnc_Latn,0.0097,0.0003,0.0097
