code,Qwen/Qwen3-4B_max,Qwen/Qwen3-4B_mean,avg
cme_Latn,0.0097,0.0047,0.0097
gud_Latn,0.0,0.0,0.0
pcm_Latn,0.1165,0.037,0.1165
gvs_Latn,0.0,0.0,0.0
ayo_Latn,0.0097,0.001,0.0097
mdy_Ethi,0.0097,0.0003,0.0097
kne_Latn,0.0194,0.0121,0.0194
kir_Cyrl,0.0388,0.0063,0.0388
kmr_Latn,0.0194,0.0037,0.0194
nyo_Latn,0.0194,0.0021,0.0194
zaw_Latn,0.0194,0.0081,0.0194
mti_Latn,0.0097,0.0016,0.0097
chk_Latn,0.0194,0.0024,0.0194
niq_Latn,0.0194,0.006,0.0194
gya_Latn,0.0097,0.0013,0.0097
poh_Latn,0.0291,0.0068,0.0291
twi_Latn,0.0194,0.0084,0.0194
srp_Latn,0.4369,0.1826,0.4369
mnk_Latn,0.0097,0.0005,0.0097
tby_Latn,0.0097,0.001,0.0097
ctp_Latn,0.0194,0.0008,0.0194
hin_Deva,0.1748,0.0533,0.1748
gof_Latn,0.0097,0.001,0.0097
pes_Arab,0.1845,0.063,0.1845
isd_Latn,0.0291,0.0152,0.0291
arl_Latn,0.0097,0.0003,0.0097
zlm_Latn,0.5534,0.2548,0.5534
wmw_Latn,0.0097,0.006,0.0097
sah_Cyrl,0.0,0.0,0.0
ntu_Latn,0.0097,0.0016,0.0097
nwb_Latn,0.0,0.0,0.0
seh_Latn,0.0097,0.0037,0.0097
far_Latn,0.0097,0.0034,0.0097
cpa_Latn,0.0097,0.0042,0.0097
tel_Telu,0.068,0.016,0.068
bzd_Latn,0.0194,0.0076,0.0194
ojb_Cans,0.0,0.0,0.0
bim_Latn,0.0194,0.0034,0.0194
luo_Latn,0.0097,0.0052,0.0097
awb_Latn,0.0097,0.001,0.0097
war_Latn,0.0874,0.0278,0.0874
mva_Latn,0.0097,0.0003,0.0097
ptu_Latn,0.0097,0.0045,0.0097
zpv_Latn,0.0194,0.0021,0.0194
sim_Latn,0.0097,0.0003,0.0097
toc_Latn,0.0,0.0,0.0
lom_Latn,0.0,0.0,0.0
gde_Latn,0.0194,0.0058,0.0194
sot_Latn,0.0291,0.0058,0.0291
mcq_Latn,0.0,0.0,0.0
epo_Latn,0.4369,0.1774,0.4369
lit_Latn,0.301,0.117,0.301
mpx_Latn,0.0097,0.0008,0.0097
upv_Latn,0.0097,0.001,0.0097
usa_Latn,0.0097,0.0003,0.0097
nnw_Latn,0.0,0.0,0.0
hak_Latn,0.0,0.0,0.0
zav_Latn,0.0097,0.0003,0.0097
guk_Ethi,0.0,0.0,0.0
aoi_Latn,0.0,0.0,0.0
nyn_Latn,0.0097,0.0052,0.0097
kkj_Latn,0.0097,0.0013,0.0097
kms_Latn,0.0194,0.001,0.0194
bth_Latn,0.0388,0.015,0.0388
mai_Deva,0.0291,0.0055,0.0291
bnj_Latn,0.0097,0.0024,0.0097
ape_Latn,0.0097,0.001,0.0097
gog_Latn,0.0194,0.006,0.0194
aeu_Latn,0.0,0.0,0.0
qve_Latn,0.0194,0.0047,0.0194
ncl_Latn,0.0194,0.0018,0.0194
cbv_Latn,0.0097,0.0016,0.0097
ifu_Latn,0.0097,0.0029,0.0097
bkd_Latn,0.0194,0.0063,0.0194
srq_Latn,0.0097,0.0039,0.0097
poi_Latn,0.0097,0.0045,0.0097
caa_Latn,0.0097,0.0013,0.0097
att_Latn,0.0194,0.0079,0.0194
hmo_Latn,0.0097,0.001,0.0097
pma_Latn,0.0097,0.0016,0.0097
spy_Latn,0.0097,0.0003,0.0097
adj_Latn,0.0,0.0,0.0
byr_Latn,0.0,0.0,0.0
pan_Guru,0.0097,0.001,0.0097
mil_Latn,0.0,0.0,0.0
ndj_Latn,0.0194,0.0052,0.0194
kvn_Latn,0.0097,0.0045,0.0097
run_Latn,0.0097,0.0031,0.0097
nma_Latn,0.0097,0.0003,0.0097
pad_Latn,0.0097,0.0005,0.0097
qxh_Latn,0.0194,0.0037,0.0194
mcp_Latn,0.0097,0.0039,0.0097
otm_Latn,0.0097,0.0005,0.0097
sil_Latn,0.0097,0.0024,0.0097
anv_Latn,0.0,0.0,0.0
lol_Latn,0.0194,0.001,0.0194
tob_Latn,0.0,0.0,0.0
bsn_Latn,0.0097,0.0005,0.0097
efi_Latn,0.0291,0.0047,0.0291
nho_Latn,0.0194,0.0084,0.0194
cwe_Latn,0.0097,0.0034,0.0097
sgb_Latn,0.0194,0.0063,0.0194
pis_Latn,0.0097,0.0026,0.0097
old_Latn,0.0097,0.0029,0.0097
cab_Latn,0.0194,0.0026,0.0194
bhp_Latn,0.0194,0.0024,0.0194
cbu_Latn,0.0,0.0,0.0
emi_Latn,0.0097,0.0013,0.0097
sbl_Latn,0.0097,0.0005,0.0097
dwr_Latn,0.0097,0.0018,0.0097
kki_Latn,0.0097,0.0034,0.0097
shp_Latn,0.0291,0.0087,0.0291
sxn_Latn,0.0194,0.0034,0.0194
aym_Latn,0.0194,0.0047,0.0194
azz_Latn,0.0097,0.0034,0.0097
lif_Limb,0.0,0.0,0.0
mbl_Latn,0.0097,0.0003,0.0097
lhi_Latn,0.0097,0.0018,0.0097
eve_Cyrl,0.0097,0.0003,0.0097
kng_Latn,0.0097,0.0005,0.0097
otn_Latn,0.0097,0.0005,0.0097
gdg_Latn,0.0291,0.0087,0.0291
msm_Latn,0.0194,0.0042,0.0194
pag_Latn,0.0291,0.011,0.0291
inb_Latn,0.0194,0.0079,0.0194
wap_Latn,0.0097,0.0003,0.0097
mej_Latn,0.0194,0.0058,0.0194
gai_Latn,0.0097,0.001,0.0097
yml_Latn,0.0,0.0,0.0
zpt_Latn,0.0194,0.0066,0.0194
kia_Latn,0.0097,0.0024,0.0097
cpc_Latn,0.0097,0.0034,0.0097
adi_Latn,0.0291,0.0089,0.0291
fry_Latn,0.0777,0.0239,0.0777
ded_Latn,0.0,0.0,0.0
ksc_Latn,0.0194,0.0113,0.0194
zia_Latn,0.0097,0.0026,0.0097
tuc_Latn,0.0097,0.0063,0.0097
tpm_Latn,0.0097,0.0016,0.0097
bov_Latn,0.0097,0.0031,0.0097
ces_Latn,0.4563,0.2068,0.4563
tsz_Latn,0.0194,0.0094,0.0194
arn_Latn,0.0097,0.0052,0.0097
ndi_Latn,0.0097,0.0003,0.0097
roo_Latn,0.0,0.0,0.0
iry_Latn,0.0194,0.0076,0.0194
mio_Latn,0.0097,0.0008,0.0097
kbc_Latn,0.0097,0.0021,0.0097
qup_Latn,0.0194,0.0071,0.0194
cac_Latn,0.0194,0.0045,0.0194
cbt_Latn,0.0097,0.0024,0.0097
pir_Latn,0.0,0.0,0.0
lac_Latn,0.0194,0.0047,0.0194
acn_Latn,0.0097,0.0029,0.0097
tbz_Latn,0.0,0.0,0.0
maz_Latn,0.0194,0.0013,0.0194
knf_Latn,0.0097,0.0024,0.0097
gug_Latn,0.0194,0.0045,0.0194
tyv_Cyrl,0.0097,0.0026,0.0097
mtj_Latn,0.0097,0.0039,0.0097
zat_Latn,0.0194,0.0031,0.0194
jam_Latn,0.0194,0.0084,0.0194
gah_Latn,0.0,0.0,0.0
zpu_Latn,0.0291,0.0045,0.0291
uig_Arab,0.0194,0.0031,0.0194
uvl_Latn,0.0097,0.0026,0.0097
lif_Deva,0.0,0.0,0.0
con_Latn,0.0194,0.0076,0.0194
bak_Cyrl,0.0291,0.0045,0.0291
cly_Latn,0.0194,0.0055,0.0194
tiy_Latn,0.0097,0.0018,0.0097
mcr_Latn,0.0097,0.0003,0.0097
hra_Latn,0.0194,0.0045,0.0194
ron_Latn,0.4951,0.2115,0.4951
cul_Latn,0.0,0.0,0.0
min_Latn,0.0291,0.0157,0.0291
wnc_Latn,0.0,0.0,0.0
ksb_Latn,0.0194,0.0021,0.0194
naf_Latn,0.0,0.0,0.0
nbq_Latn,0.0,0.0,0.0
ita_Latn,0.8252,0.4702,0.8252
cpb_Latn,0.0194,0.006,0.0194
adh_Latn,0.0194,0.006,0.0194
ory_Orya,0.0194,0.0031,0.0194
ind_Latn,0.6796,0.3285,0.6796
obo_Latn,0.0194,0.0018,0.0194
mur_Latn,0.0097,0.0008,0.0097
dig_Latn,0.0194,0.0052,0.0194
msk_Latn,0.0194,0.0084,0.0194
sop_Latn,0.0097,0.0003,0.0097
xav_Latn,0.0,0.0,0.0
lip_Latn,0.0097,0.0021,0.0097
mcu_Latn,0.0194,0.0031,0.0194
cuk_Latn,0.0194,0.0052,0.0194
uig_Latn,0.0097,0.001,0.0097
kff_Telu,0.0,0.0,0.0
yao_Latn,0.0097,0.0005,0.0097
ndo_Latn,0.0097,0.0045,0.0097
sur_Latn,0.0097,0.0037,0.0097
iba_Latn,0.0291,0.0108,0.0291
tue_Latn,0.0097,0.0003,0.0097
leu_Latn,0.0097,0.0021,0.0097
mop_Latn,0.0194,0.0024,0.0194
uli_Latn,0.0097,0.0026,0.0097
quw_Latn,0.0097,0.0026,0.0097
mmx_Latn,0.0194,0.0045,0.0194
wib_Latn,0.0,0.0,0.0
kum_Cyrl,0.0097,0.0021,0.0097
pol_Latn,0.4951,0.2175,0.4951
enx_Latn,0.0097,0.0031,0.0097
trc_Latn,0.0097,0.0008,0.0097
hye_Latn,0.0,0.0,0.0
mbj_Latn,0.0,0.0,0.0
zas_Latn,0.0194,0.0071,0.0194
njb_Latn,0.0097,0.0008,0.0097
bbj_Latn,0.0194,0.0042,0.0194
bqc_Latn,0.0097,0.0013,0.0097
rad_Latn,0.0097,0.0021,0.0097
pri_Latn,0.0097,0.0005,0.0097
hye_Armn,0.0583,0.016,0.0583
bvd_Latn,0.0097,0.0005,0.0097
soq_Latn,0.0097,0.0026,0.0097
qxl_Latn,0.0097,0.0018,0.0097
bus_Latn,0.0,0.0,0.0
ahk_Latn,0.0,0.0,0.0
dif_Latn,0.0194,0.0063,0.0194
ikk_Latn,0.0,0.0,0.0
bem_Latn,0.0194,0.0079,0.0194
gwi_Latn,0.0194,0.0055,0.0194
khm_Khmr,0.0097,0.0003,0.0097
ptp_Latn,0.0097,0.0021,0.0097
ame_Latn,0.0097,0.0047,0.0097
bsj_Latn,0.0,0.0,0.0
pwg_Latn,0.0,0.0,0.0
tof_Latn,0.0,0.0,0.0
nri_Latn,0.0097,0.0024,0.0097
ign_Latn,0.0194,0.0016,0.0194
ksd_Latn,0.0291,0.0126,0.0291
kvj_Latn,0.0097,0.0003,0.0097
mza_Latn,0.0097,0.0018,0.0097
sus_Latn,0.0097,0.0003,0.0097
mih_Latn,0.0097,0.0058,0.0097
tcc_Latn,0.0097,0.0018,0.0097
lcm_Latn,0.0097,0.0042,0.0097
yby_Latn,0.0,0.0,0.0
ntp_Latn,0.0,0.0,0.0
yan_Latn,0.0194,0.0063,0.0194
kgk_Latn,0.0,0.0,0.0
ctu_Latn,0.0194,0.0031,0.0194
ach_Latn,0.0097,0.0005,0.0097
nch_Latn,0.0097,0.0021,0.0097
yua_Latn,0.0194,0.0042,0.0194
hlt_Latn,0.0097,0.0005,0.0097
cbr_Latn,0.0194,0.0047,0.0194
qva_Latn,0.0291,0.0081,0.0291
giz_Latn,0.0194,0.0066,0.0194
sbk_Latn,0.0194,0.0042,0.0194
alz_Latn,0.0194,0.0042,0.0194
khy_Latn,0.0,0.0,0.0
bru_Latn,0.0,0.0,0.0
aom_Latn,0.0097,0.0031,0.0097
zar_Latn,0.0291,0.0024,0.0291
mqb_Latn,0.0,0.0,0.0
cnw_Latn,0.0194,0.0034,0.0194
snn_Latn,0.0097,0.0034,0.0097
pmf_Latn,0.0194,0.0018,0.0194
mle_Latn,0.0,0.0,0.0
lew_Latn,0.0097,0.0026,0.0097
mor_Latn,0.0,0.0,0.0
iws_Latn,0.0,0.0,0.0
yam_Latn,0.0097,0.0003,0.0097
abt_Latn,0.0,0.0,0.0
cui_Latn,0.0,0.0,0.0
tpi_Latn,0.0097,0.0026,0.0097
nnq_Latn,0.0097,0.0018,0.0097
cok_Latn,0.0097,0.001,0.0097
djr_Latn,0.0,0.0,0.0
nmf_Latn,0.0194,0.0026,0.0194
amh_Ethi,0.0,0.0,0.0
qxo_Latn,0.0097,0.0021,0.0097
gam_Latn,0.0,0.0,0.0
men_Latn,0.0194,0.0005,0.0194
tir_Ethi,0.0,0.0,0.0
mfy_Latn,0.0097,0.001,0.0097
amf_Latn,0.0194,0.0037,0.0194
szb_Latn,0.0194,0.001,0.0194
bcw_Latn,0.0,0.0,0.0
pfe_Latn,0.0097,0.0003,0.0097
mto_Latn,0.0097,0.0008,0.0097
jra_Latn,0.0097,0.0008,0.0097
rro_Latn,0.0194,0.0021,0.0194
ewo_Latn,0.0291,0.0115,0.0291
aon_Latn,0.0,0.0,0.0
khz_Latn,0.0097,0.001,0.0097
hub_Latn,0.0194,0.0084,0.0194
aly_Latn,0.0097,0.0018,0.0097
lhm_Latn,0.0097,0.0021,0.0097
gfk_Latn,0.0194,0.0071,0.0194
mbh_Latn,0.0097,0.0016,0.0097
cnt_Latn,0.0097,0.0003,0.0097
xsb_Latn,0.0291,0.0094,0.0291
gub_Latn,0.0,0.0,0.0
pck_Latn,0.0194,0.0039,0.0194
apb_Latn,0.0097,0.0013,0.0097
rmc_Latn,0.0194,0.0079,0.0194
gjn_Latn,0.0097,0.0005,0.0097
nsu_Latn,0.0194,0.0066,0.0194
aer_Latn,0.0097,0.0003,0.0097
kaq_Latn,0.0194,0.0039,0.0194
caf_Latn,0.0097,0.0039,0.0097
pon_Latn,0.0097,0.0005,0.0097
san_Deva,0.0485,0.0131,0.0485
kqo_Latn,0.0,0.0,0.0
yre_Latn,0.0,0.0,0.0
yal_Latn,0.0097,0.0008,0.0097
kaa_Cyrl,0.0388,0.0063,0.0388
ntr_Latn,0.0,0.0,0.0
tca_Latn,0.0,0.0,0.0
mos_Latn,0.0097,0.001,0.0097
adl_Latn,0.0194,0.0021,0.0194
gkp_Latn,0.0,0.0,0.0
ksf_Latn,0.0194,0.0005,0.0194
cco_Latn,0.0097,0.0034,0.0097
tuf_Latn,0.0194,0.0058,0.0194
nbu_Latn,0.0097,0.0003,0.0097
nhi_Latn,0.0194,0.0076,0.0194
gqr_Latn,0.0097,0.0003,0.0097
uvh_Latn,0.0,0.0,0.0
grt_Beng,0.0097,0.0003,0.0097
kjs_Latn,0.0097,0.0005,0.0097
cym_Latn,0.0485,0.0194,0.0485
zpq_Latn,0.0097,0.0013,0.0097
sld_Latn,0.0,0.0,0.0
prk_Latn,0.0097,0.0013,0.0097
qxn_Latn,0.0097,0.0066,0.0097
beo_Latn,0.0097,0.0018,0.0097
nnp_Latn,0.0097,0.0005,0.0097
pab_Latn,0.0194,0.0037,0.0194
mrw_Latn,0.0,0.0,0.0
guc_Latn,0.0097,0.0031,0.0097
xsr_Deva,0.0,0.0,0.0
mbi_Latn,0.0,0.0,0.0
tku_Latn,0.0194,0.0024,0.0194
xed_Latn,0.0,0.0,0.0
shu_Latn,0.0388,0.0068,0.0388
ilo_Latn,0.0388,0.0136,0.0388
cag_Latn,0.0194,0.0052,0.0194
dgi_Latn,0.0,0.0,0.0
ncj_Latn,0.0194,0.0029,0.0194
tgp_Latn,0.0291,0.0115,0.0291
dww_Latn,0.0097,0.0013,0.0097
qvc_Latn,0.0097,0.0005,0.0097
nst_Latn,0.0097,0.0026,0.0097
ldi_Latn,0.0097,0.0024,0.0097
crn_Latn,0.0097,0.0003,0.0097
glv_Latn,0.0194,0.0052,0.0194
hix_Latn,0.0,0.0,0.0
stn_Latn,0.0097,0.0003,0.0097
mzm_Latn,0.0,0.0,0.0
ngu_Latn,0.0194,0.0042,0.0194
are_Latn,0.0291,0.0066,0.0291
ong_Latn,0.0097,0.0003,0.0097
zos_Latn,0.0291,0.0016,0.0291
awk_Latn,0.0097,0.001,0.0097
agu_Latn,0.0194,0.0055,0.0194
nre_Latn,0.0097,0.0037,0.0097
lex_Latn,0.0194,0.0071,0.0194
toj_Latn,0.0194,0.0021,0.0194
arb_Arab,0.3204,0.1257,0.3204
czt_Latn,0.0097,0.0008,0.0097
nhg_Latn,0.0291,0.0115,0.0291
ruf_Latn,0.0097,0.0039,0.0097
ote_Latn,0.0,0.0,0.0
akp_Latn,0.0097,0.005,0.0097
noa_Latn,0.0097,0.0003,0.0097
urw_Latn,0.0,0.0,0.0
xsm_Latn,0.0,0.0,0.0
gum_Latn,0.0097,0.0037,0.0097
viv_Latn,0.0,0.0,0.0
mww_Latn,0.0,0.0,0.0
njo_Latn,0.0097,0.0016,0.0097
rai_Latn,0.0097,0.0005,0.0097
nyf_Latn,0.0097,0.0021,0.0097
xla_Latn,0.0097,0.001,0.0097
quz_Latn,0.0194,0.0055,0.0194
mnb_Latn,0.0194,0.0058,0.0194
qvm_Latn,0.0291,0.0066,0.0291
avt_Latn,0.0097,0.005,0.0097
auc_Latn,0.0,0.0,0.0
bmu_Latn,0.0097,0.0003,0.0097
trn_Latn,0.0097,0.001,0.0097
mkl_Latn,0.0,0.0,0.0
lai_Latn,0.0097,0.0029,0.0097
acd_Latn,0.0,0.0,0.0
ukr_Cyrl,0.466,0.1999,0.466
tew_Latn,0.0097,0.0008,0.0097
ssg_Latn,0.0194,0.0016,0.0194
spp_Latn,0.0,0.0,0.0
lug_Latn,0.0097,0.0039,0.0097
tui_Latn,0.0097,0.0018,0.0097
mzl_Latn,0.0097,0.0003,0.0097
kup_Latn,0.0097,0.0003,0.0097
uzb_Latn,0.0291,0.0052,0.0291
kvg_Latn,0.0097,0.0005,0.0097
ndc_Latn,0.0097,0.0066,0.0097
ken_Latn,0.0,0.0,0.0
mie_Latn,0.0194,0.0084,0.0194
slk_Latn,0.4078,0.1737,0.4078
oss_Cyrl,0.0097,0.0026,0.0097
dyu_Latn,0.0097,0.0003,0.0097
kor_Latn,0.0097,0.0003,0.0097
pam_Latn,0.0485,0.0163,0.0485
coe_Latn,0.0097,0.0021,0.0097
nmh_Latn,0.0097,0.001,0.0097
rug_Latn,0.0097,0.0003,0.0097
dik_Latn,0.0097,0.0013,0.0097
mpp_Latn,0.0097,0.0003,0.0097
wbm_Latn,0.0097,0.0013,0.0097
pdc_Latn,0.0291,0.0094,0.0291
amh_Latn,0.0,0.0,0.0
kik_Latn,0.0097,0.0016,0.0097
kkc_Latn,0.0,0.0,0.0
yon_Latn,0.0,0.0,0.0
fin_Latn,0.2233,0.0811,0.2233
mgh_Latn,0.0097,0.001,0.0097
mta_Latn,0.0,0.0,0.0
niy_Latn,0.0,0.0,0.0
njn_Latn,0.0097,0.0034,0.0097
mwv_Latn,0.0097,0.0026,0.0097
gul_Latn,0.1165,0.0449,0.1165
smt_Latn,0.0097,0.0021,0.0097
mbf_Latn,0.2233,0.0913,0.2233
maq_Latn,0.0194,0.0042,0.0194
snc_Latn,0.0097,0.001,0.0097
isl_Latn,0.0971,0.031,0.0971
kgf_Latn,0.0097,0.001,0.0097
ace_Latn,0.0194,0.0102,0.0194
jmc_Latn,0.0097,0.0003,0.0097
icr_Latn,0.0485,0.0215,0.0485
kto_Latn,0.0097,0.005,0.0097
kyu_Mymr,0.0,0.0,0.0
tro_Latn,0.0097,0.0016,0.0097
lwo_Latn,0.0,0.0,0.0
snd_Arab,0.0485,0.0155,0.0485
plw_Latn,0.0194,0.0026,0.0194
npl_Latn,0.0194,0.0073,0.0194
kbh_Latn,0.0194,0.0047,0.0194
ivb_Latn,0.0194,0.0068,0.0194
mps_Latn,0.0,0.0,0.0
cof_Latn,0.0194,0.0092,0.0194
ixl_Latn,0.0194,0.0024,0.0194
gdn_Latn,0.0,0.0,0.0
bps_Latn,0.0097,0.0031,0.0097
amk_Latn,0.0194,0.0052,0.0194
toh_Latn,0.0097,0.0045,0.0097
cya_Latn,0.0194,0.0055,0.0194
ium_Thai,0.0,0.0,0.0
way_Latn,0.0,0.0,0.0
nhe_Latn,0.0097,0.0018,0.0097
sps_Latn,0.0194,0.0016,0.0194
ssd_Latn,0.0097,0.0016,0.0097
ksj_Latn,0.0,0.0,0.0
nan_Latn,0.0,0.0,0.0
awi_Latn,0.0,0.0,0.0
byx_Latn,0.0,0.0,0.0
mlh_Latn,0.0,0.0,0.0
agw_Latn,0.0097,0.0024,0.0097
tat_Cyrl,0.0194,0.0018,0.0194
mif_Latn,0.0097,0.0003,0.0097
nwi_Latn,0.0194,0.0005,0.0194
myx_Latn,0.0097,0.0024,0.0097
blh_Latn,0.0,0.0,0.0
kus_Latn,0.0194,0.0037,0.0194
nwx_Deva,0.0,0.0,0.0
cfm_Latn,0.0194,0.0021,0.0194
fuv_Latn,0.0,0.0,0.0
mal_Mlym,0.0583,0.0142,0.0583
rmn_Latn,0.0194,0.0089,0.0194
acf_Latn,0.0388,0.0136,0.0388
mhy_Latn,0.0291,0.0165,0.0291
dru_Latn,0.0194,0.0016,0.0194
gom_Latn,0.0097,0.0031,0.0097
qvo_Latn,0.0097,0.0037,0.0097
npo_Latn,0.0194,0.0018,0.0194
plt_Latn,0.0194,0.0042,0.0194
ktb_Ethi,0.0,0.0,0.0
cak_Latn,0.0194,0.0047,0.0194
bar_Latn,0.068,0.0244,0.068
njm_Latn,0.0097,0.0005,0.0097
pua_Latn,0.0194,0.0094,0.0194
etu_Latn,0.0,0.0,0.0
yom_Latn,0.0,0.0,0.0
jae_Latn,0.0097,0.0008,0.0097
bul_Cyrl,0.5146,0.2317,0.5146
bwu_Latn,0.0097,0.0008,0.0097
ppo_Latn,0.0,0.0,0.0
wuv_Latn,0.0194,0.0087,0.0194
urd_Deva,0.1262,0.0373,0.1262
guo_Latn,0.0097,0.0039,0.0097
hch_Latn,0.0097,0.0003,0.0097
dop_Latn,0.0097,0.0003,0.0097
nhd_Latn,0.0194,0.0045,0.0194
bpr_Latn,0.0097,0.0018,0.0097
sig_Latn,0.0097,0.0003,0.0097
kor_Hang,0.4272,0.1527,0.4272
gaa_Latn,0.0388,0.0047,0.0388
log_Latn,0.0097,0.0005,0.0097
toi_Latn,0.0097,0.0042,0.0097
prf_Latn,0.0291,0.011,0.0291
kan_Knda,0.0291,0.0055,0.0291
mse_Latn,0.0194,0.0094,0.0194
myy_Latn,0.0194,0.0031,0.0194
ibo_Latn,0.0097,0.0039,0.0097
mig_Latn,0.0194,0.0042,0.0194
abx_Latn,0.0194,0.005,0.0194
yaa_Latn,0.0194,0.0026,0.0194
dur_Latn,0.0,0.0,0.0
big_Latn,0.0,0.0,0.0
tuk_Latn,0.0388,0.0045,0.0388
hns_Latn,0.0194,0.0052,0.0194
kqc_Latn,0.0194,0.0008,0.0194
plu_Latn,0.0097,0.0013,0.0097
qvn_Latn,0.0194,0.0076,0.0194
sas_Latn,0.0291,0.0118,0.0291
mna_Latn,0.0097,0.001,0.0097
quy_Latn,0.0194,0.0052,0.0194
sbd_Latn,0.0,0.0,0.0
mhx_Latn,0.0097,0.0021,0.0097
rmo_Latn,0.0194,0.0079,0.0194
vun_Latn,0.0097,0.0016,0.0097
laj_Latn,0.0097,0.0024,0.0097
isn_Latn,0.0194,0.0058,0.0194
apn_Latn,0.0,0.0,0.0
cmo_Latn,0.0097,0.0008,0.0097
gun_Latn,0.0194,0.0089,0.0194
urt_Latn,0.0097,0.001,0.0097
nob_Latn,0.6117,0.276,0.6117
sna_Latn,0.0097,0.0013,0.0097
mas_Latn,0.0194,0.0094,0.0194
kno_Latn,0.0,0.0,0.0
mbd_Latn,0.0097,0.0021,0.0097
lzh_Hani,0.2039,0.0669,0.2039
hun_Latn,0.3689,0.1328,0.3689
fil_Latn,0.2621,0.0924,0.2621
cha_Latn,0.0291,0.0163,0.0291
enq_Latn,0.0,0.0,0.0
poe_Latn,0.0097,0.0052,0.0097
ify_Latn,0.0291,0.011,0.0291
dgc_Latn,0.0291,0.0094,0.0291
kbm_Latn,0.0194,0.0016,0.0194
mnf_Latn,0.0,0.0,0.0
sat_Latn,0.0,0.0,0.0
qvi_Latn,0.0097,0.0029,0.0097
aey_Latn,0.0097,0.0005,0.0097
lam_Latn,0.0097,0.001,0.0097
tac_Latn,0.0,0.0,0.0
ycn_Latn,0.0097,0.0031,0.0097
bmq_Latn,0.0097,0.0016,0.0097
ktj_Latn,0.0,0.0,0.0
xsi_Latn,0.0,0.0,0.0
gui_Latn,0.0194,0.005,0.0194
mqj_Latn,0.0194,0.0079,0.0194
kjh_Cyrl,0.0194,0.0045,0.0194
mbc_Latn,0.0097,0.001,0.0097
btd_Latn,0.0194,0.0066,0.0194
for_Latn,0.0,0.0,0.0
snf_Latn,0.0097,0.0055,0.0097
jac_Latn,0.0194,0.0016,0.0194
hui_Latn,0.0097,0.0008,0.0097
bqj_Latn,0.0194,0.006,0.0194
bbc_Latn,0.0194,0.0055,0.0194
chf_Latn,0.0194,0.0052,0.0194
rus_Cyrl,0.7476,0.4057,0.7476
dow_Latn,0.0097,0.0042,0.0097
mee_Latn,0.0097,0.0016,0.0097
ton_Latn,0.0,0.0,0.0
amm_Latn,0.0,0.0,0.0
kin_Latn,0.0097,0.0029,0.0097
tuk_Arab,0.0097,0.0018,0.0097
esu_Latn,0.0194,0.0058,0.0194
soy_Latn,0.0,0.0,0.0
msb_Latn,0.0874,0.0312,0.0874
pah_Latn,0.0,0.0,0.0
rub_Latn,0.0,0.0,0.0
ava_Cyrl,0.0097,0.0005,0.0097
tgk_Cyrl,0.0291,0.006,0.0291
kek_Latn,0.0194,0.0066,0.0194
mjw_Latn,0.0194,0.0089,0.0194
cub_Latn,0.0097,0.0026,0.0097
hne_Deva,0.0291,0.0076,0.0291
zyp_Latn,0.0097,0.0008,0.0097
ter_Latn,0.0097,0.0029,0.0097
cce_Latn,0.0194,0.006,0.0194
fuq_Latn,0.0097,0.0016,0.0097
wos_Latn,0.0097,0.0003,0.0097
aca_Latn,0.0194,0.0047,0.0194
ozm_Latn,0.0097,0.0005,0.0097
nph_Latn,0.0097,0.0013,0.0097
qvh_Latn,0.0194,0.006,0.0194
bki_Latn,0.0,0.0,0.0
nca_Latn,0.0,0.0,0.0
pls_Latn,0.0194,0.0066,0.0194
kqe_Latn,0.0097,0.0026,0.0097
tnp_Latn,0.0097,0.0003,0.0097
ewe_Latn,0.0097,0.001,0.0097
udu_Latn,0.0097,0.0003,0.0097
fij_Latn,0.0,0.0,0.0
jbu_Latn,0.0097,0.0003,0.0097
mbb_Latn,0.0097,0.0005,0.0097
mau_Latn,0.0097,0.0016,0.0097
guh_Latn,0.0097,0.0042,0.0097
chv_Cyrl,0.0097,0.0013,0.0097
hag_Latn,0.0097,0.0003,0.0097
mpt_Latn,0.0,0.0,0.0
est_Latn,0.2427,0.0764,0.2427
too_Latn,0.0097,0.0039,0.0097
gag_Latn,0.1262,0.0472,0.1262
zsm_Latn,0.0971,0.0344,0.0971
bsc_Latn,0.0097,0.0005,0.0097
zpz_Latn,0.0097,0.0008,0.0097
kzf_Latn,0.0097,0.0058,0.0097
xtn_Latn,0.0194,0.0055,0.0194
wbi_Latn,0.0097,0.0029,0.0097
kyq_Latn,0.0,0.0,0.0
dov_Latn,0.0097,0.0052,0.0097
aze_Cyrl,0.0097,0.0013,0.0097
cjo_Latn,0.0097,0.0026,0.0097
bjv_Latn,0.0,0.0,0.0
vag_Latn,0.0097,0.0029,0.0097
tum_Latn,0.0097,0.0031,0.0097
kpz_Latn,0.0097,0.0018,0.0097
bzh_Latn,0.0194,0.0039,0.0194
zho_Hani,0.5631,0.2167,0.5631
jiv_Latn,0.0,0.0,0.0
mox_Latn,0.0097,0.001,0.0097
aai_Latn,0.0097,0.0021,0.0097
cuc_Latn,0.0097,0.0008,0.0097
krc_Cyrl,0.0194,0.0018,0.0194
mzh_Latn,0.0097,0.0039,0.0097
ngp_Latn,0.0097,0.006,0.0097
ndg_Latn,0.0291,0.0102,0.0291
box_Latn,0.0,0.0,0.0
alp_Latn,0.0291,0.0063,0.0291
khs_Latn,0.0097,0.0024,0.0097
xal_Cyrl,0.0,0.0,0.0
wsk_Latn,0.0097,0.0018,0.0097
mwq_Latn,0.0097,0.0013,0.0097
dnj_Latn,0.0,0.0,0.0
bav_Latn,0.0194,0.0021,0.0194
bba_Latn,0.0097,0.0018,0.0097
chd_Latn,0.0194,0.0102,0.0194
zga_Latn,0.0097,0.001,0.0097
kxc_Ethi,0.0,0.0,0.0
aji_Latn,0.0194,0.0058,0.0194
mav_Latn,0.0,0.0,0.0
bwq_Latn,0.0,0.0,0.0
knj_Latn,0.0194,0.0047,0.0194
ppk_Latn,0.0194,0.0084,0.0194
asm_Beng,0.0291,0.0076,0.0291
mkj_Latn,0.0194,0.0058,0.0194
cao_Latn,0.0097,0.0018,0.0097
sba_Latn,0.0097,0.0003,0.0097
csy_Latn,0.0097,0.0031,0.0097
bib_Latn,0.0097,0.0008,0.0097
tsw_Latn,0.0,0.0,0.0
mzk_Latn,0.0194,0.0042,0.0194
bxr_Cyrl,0.0097,0.0005,0.0097
mib_Latn,0.0194,0.0071,0.0194
yad_Latn,0.0097,0.0005,0.0097
sll_Latn,0.0,0.0,0.0
clu_Latn,0.068,0.022,0.068
nmo_Latn,0.0097,0.0016,0.0097
chu_Cyrl,0.4466,0.1994,0.4466
mvn_Latn,0.0097,0.0013,0.0097
xtm_Latn,0.0194,0.0068,0.0194
muy_Latn,0.0,0.0,0.0
amo_Latn,0.0097,0.001,0.0097
hwc_Latn,0.301,0.1244,0.301
lob_Latn,0.0097,0.0016,0.0097
knk_Latn,0.0097,0.0013,0.0097
maw_Latn,0.0,0.0,0.0
eri_Latn,0.0097,0.0031,0.0097
thk_Latn,0.0097,0.0018,0.0097
mwp_Latn,0.0,0.0,0.0
sxb_Latn,0.0097,0.0018,0.0097
mtg_Latn,0.0097,0.0003,0.0097
alq_Latn,0.0097,0.0018,0.0097
lmk_Latn,0.0194,0.001,0.0194
nya_Latn,0.0194,0.0047,0.0194
pww_Thai,0.0,0.0,0.0
yuj_Latn,0.0,0.0,0.0
sqi_Latn,0.1262,0.0491,0.1262
yss_Latn,0.0097,0.0018,0.0097
mxb_Latn,0.0194,0.0018,0.0194
swp_Latn,0.0194,0.0081,0.0194
bmr_Latn,0.0097,0.0016,0.0097
mic_Latn,0.0097,0.0016,0.0097
urk_Thai,0.0,0.0,0.0
gnw_Latn,0.0097,0.0026,0.0097
aak_Latn,0.0,0.0,0.0
nde_Latn,0.0097,0.0029,0.0097
omw_Latn,0.0097,0.0018,0.0097
tuo_Latn,0.0,0.0,0.0
kpx_Latn,0.0097,0.0003,0.0097
nak_Latn,0.0097,0.0026,0.0097
ade_Latn,0.0,0.0,0.0
xnn_Latn,0.0291,0.01,0.0291
bzj_Latn,0.0194,0.0092,0.0194
agr_Latn,0.0097,0.0039,0.0097
mfq_Latn,0.0,0.0,0.0
amn_Latn,0.0097,0.0003,0.0097
any_Latn,0.0097,0.0003,0.0097
mux_Latn,0.0,0.0,0.0
hae_Latn,0.0097,0.0031,0.0097
msa_Latn,0.0583,0.0213,0.0583
bef_Latn,0.0,0.0,0.0
bdd_Latn,0.0097,0.0052,0.0097
guw_Latn,0.0,0.0,0.0
lbj_Tibt,0.0,0.0,0.0
bgs_Latn,0.0097,0.0026,0.0097
kma_Latn,0.0097,0.0005,0.0097
smo_Latn,0.0097,0.0024,0.0097
knv_Latn,0.0097,0.0005,0.0097
maj_Latn,0.0097,0.0024,0.0097
cko_Latn,0.0,0.0,0.0
zad_Latn,0.0291,0.0071,0.0291
mwm_Latn,0.0,0.0,0.0
gyr_Latn,0.0291,0.006,0.0291
cas_Latn,0.0097,0.0003,0.0097
bkv_Latn,0.0097,0.0003,0.0097
yuw_Latn,0.0,0.0,0.0
gil_Latn,0.0097,0.0005,0.0097
mmo_Latn,0.0,0.0,0.0
ium_Laoo,0.0097,0.0003,0.0097
cwt_Latn,0.0097,0.0047,0.0097
las_Latn,0.0097,0.0003,0.0097
kdj_Latn,0.0291,0.0068,0.0291
nuy_Latn,0.0097,0.0008,0.0097
hil_Latn,0.1845,0.0648,0.1845
apw_Latn,0.0097,0.0016,0.0097
pib_Latn,0.0,0.0,0.0
dad_Latn,0.0097,0.0021,0.0097
wol_Latn,0.0194,0.0052,0.0194
eka_Latn,0.0097,0.0047,0.0097
sue_Latn,0.0,0.0,0.0
mzw_Latn,0.0097,0.0008,0.0097
ceb_Latn,0.1845,0.0685,0.1845
ghs_Latn,0.0097,0.0003,0.0097
mlp_Latn,0.0,0.0,0.0
qwh_Latn,0.0097,0.0047,0.0097
faa_Latn,0.0097,0.005,0.0097
mog_Latn,0.0194,0.0076,0.0194
nav_Latn,0.0,0.0,0.0
hnj_Latn,0.0,0.0,0.0
deu_Latn,0.4563,0.2191,0.4563
ksr_Latn,0.0,0.0,0.0
tur_Latn,0.2816,0.0994,0.2816
cjp_Latn,0.0194,0.0026,0.0194
zsr_Latn,0.0194,0.0058,0.0194
top_Latn,0.0097,0.0021,0.0097
gbo_Latn,0.0,0.0,0.0
mcb_Latn,0.0097,0.001,0.0097
esk_Latn,0.0194,0.0034,0.0194
ljp_Latn,0.0583,0.0186,0.0583
bvr_Latn,0.0194,0.0018,0.0194
dip_Latn,0.0194,0.0029,0.0194
xuo_Latn,0.0,0.0,0.0
mya_Mymr,0.0,0.0,0.0
zae_Latn,0.0194,0.0031,0.0194
mwl_Latn,0.2524,0.1212,0.2524
gso_Latn,0.0194,0.0081,0.0194
heh_Latn,0.0097,0.0042,0.0097
aoz_Latn,0.0291,0.0131,0.0291
rar_Latn,0.0194,0.0073,0.0194
tnn_Latn,0.0,0.0,0.0
mgr_Latn,0.0097,0.0005,0.0097
huv_Latn,0.0291,0.0039,0.0291
yim_Latn,0.0194,0.0013,0.0194
ubr_Latn,0.0194,0.0055,0.0194
mak_Latn,0.0194,0.0021,0.0194
bgr_Latn,0.0194,0.0031,0.0194
ebk_Latn,0.0194,0.0134,0.0194
ktu_Latn,0.0194,0.0024,0.0194
tqb_Latn,0.0,0.0,0.0
got_Latn,0.0194,0.0071,0.0194
tbk_Latn,0.0097,0.0013,0.0097
mmn_Latn,0.0194,0.0047,0.0194
kbr_Latn,0.0,0.0,0.0
nsa_Latn,0.0097,0.0018,0.0097
hot_Latn,0.0,0.0,0.0
yva_Latn,0.0097,0.001,0.0097
car_Latn,0.0097,0.0013,0.0097
kss_Latn,0.0,0.0,0.0
pne_Latn,0.0194,0.0052,0.0194
naw_Latn,0.0,0.0,0.0
atg_Latn,0.0,0.0,0.0
whk_Latn,0.0194,0.0031,0.0194
awa_Deva,0.0291,0.0089,0.0291
agn_Latn,0.0194,0.0076,0.0194
tem_Latn,0.0194,0.0026,0.0194
iri_Latn,0.0097,0.0003,0.0097
eza_Latn,0.0,0.0,0.0
kuj_Latn,0.0,0.0,0.0
hay_Latn,0.0194,0.0039,0.0194
guj_Gujr,0.0583,0.0178,0.0583
tih_Latn,0.0194,0.0073,0.0194
bud_Latn,0.0,0.0,0.0
dyo_Latn,0.0097,0.0018,0.0097
ary_Arab,0.0291,0.0071,0.0291
eus_Latn,0.0194,0.0063,0.0194
tlf_Latn,0.0,0.0,0.0
cta_Latn,0.0097,0.0005,0.0097
kpv_Cyrl,0.0194,0.0037,0.0194
apu_Latn,0.0,0.0,0.0
hin_Latn,0.0194,0.0042,0.0194
nfr_Latn,0.0194,0.005,0.0194
ife_Latn,0.0,0.0,0.0
caq_Latn,0.0,0.0,0.0
enm_Latn,0.534,0.3422,0.534
poy_Latn,0.0097,0.0068,0.0097
xon_Latn,0.0097,0.0008,0.0097
crx_Latn,0.0097,0.0029,0.0097
afr_Latn,0.5922,0.2495,0.5922
kbq_Latn,0.0097,0.0013,0.0097
qub_Latn,0.0194,0.0045,0.0194
aln_Latn,0.1359,0.0501,0.1359
huu_Latn,0.0097,0.0013,0.0097
cop_Copt,0.0,0.0,0.0
chz_Latn,0.0097,0.0016,0.0097
dhm_Latn,0.0097,0.0045,0.0097
wer_Latn,0.0,0.0,0.0
xsu_Latn,0.0,0.0,0.0
aeb_Arab,0.0388,0.0089,0.0388
fon_Latn,0.0097,0.0013,0.0097
mah_Latn,0.0194,0.0055,0.0194
btx_Latn,0.0291,0.015,0.0291
esi_Latn,0.0097,0.0021,0.0097
akh_Latn,0.0,0.0,0.0
bug_Latn,0.0194,0.0018,0.0194
tik_Latn,0.0097,0.0003,0.0097
pbc_Latn,0.0097,0.0024,0.0097
dje_Latn,0.0097,0.0013,0.0097
usp_Latn,0.0194,0.0073,0.0194
syb_Latn,0.0194,0.0066,0.0194
mvp_Latn,0.0291,0.0042,0.0291
mug_Latn,0.0194,0.0039,0.0194
arz_Arab,0.2039,0.0451,0.2039
kje_Latn,0.0194,0.0063,0.0194
mhr_Cyrl,0.0194,0.0031,0.0194
agm_Latn,0.0097,0.0021,0.0097
ojs_Cans,0.0,0.0,0.0
kpg_Latn,0.0194,0.0039,0.0194
nbc_Latn,0.0194,0.0037,0.0194
atd_Latn,0.0194,0.0024,0.0194
bjk_Latn,0.0194,0.0055,0.0194
ksp_Latn,0.0097,0.0013,0.0097
myb_Latn,0.0097,0.0052,0.0097
ndz_Latn,0.0097,0.0005,0.0097
srp_Cyrl,0.3495,0.1333,0.3495
sey_Latn,0.0194,0.0008,0.0194
kew_Latn,0.0097,0.0003,0.0097
kbp_Latn,0.0097,0.0018,0.0097
ium_Latn,0.0,0.0,0.0
quc_Latn,0.0097,0.0013,0.0097
hla_Latn,0.0097,0.0008,0.0097
yut_Latn,0.0,0.0,0.0
wiv_Latn,0.0194,0.0081,0.0194
bku_Latn,0.0194,0.0084,0.0194
lww_Latn,0.0,0.0,0.0
enl_Latn,0.0194,0.0055,0.0194
cap_Latn,0.0,0.0,0.0
apt_Latn,0.0097,0.0018,0.0097
vut_Latn,0.0,0.0,0.0
gla_Latn,0.0194,0.005,0.0194
kdi_Latn,0.0097,0.0026,0.0097
gej_Latn,0.0097,0.0045,0.0097
aia_Latn,0.0097,0.0013,0.0097
sml_Latn,0.0097,0.001,0.0097
gvc_Latn,0.0097,0.0008,0.0097
nia_Latn,0.0194,0.0042,0.0194
syc_Syrc,0.0097,0.0031,0.0097
tos_Latn,0.0,0.0,0.0
nki_Latn,0.0194,0.0031,0.0194
bfo_Latn,0.0097,0.0008,0.0097
dis_Latn,0.0194,0.0034,0.0194
pbb_Latn,0.0097,0.0045,0.0097
nng_Latn,0.0,0.0,0.0
bex_Latn,0.0,0.0,0.0
lid_Latn,0.0097,0.0008,0.0097
mca_Latn,0.0,0.0,0.0
crh_Cyrl,0.0194,0.0029,0.0194
irk_Latn,0.0097,0.0013,0.0097
aau_Latn,0.0097,0.0003,0.0097
kpf_Latn,0.0291,0.0092,0.0291
teo_Latn,0.0194,0.0076,0.0194
mkd_Cyrl,0.4272,0.1805,0.4272
loz_Latn,0.0194,0.0066,0.0194
mfh_Latn,0.0097,0.001,0.0097
nhy_Latn,0.0194,0.0063,0.0194
mua_Latn,0.0097,0.0013,0.0097
vmy_Latn,0.0194,0.0076,0.0194
tim_Latn,0.0,0.0,0.0
mcf_Latn,0.0097,0.0034,0.0097
xbr_Latn,0.0097,0.0005,0.0097
gdr_Latn,0.0097,0.0013,0.0097
ben_Beng,0.1068,0.0344,0.1068
gnn_Latn,0.0,0.0,0.0
cux_Latn,0.0194,0.0037,0.0194
miz_Latn,0.0097,0.0026,0.0097
tso_Latn,0.0194,0.0037,0.0194
zom_Latn,0.0194,0.0037,0.0194
ssx_Latn,0.0,0.0,0.0
hnn_Latn,0.0291,0.0102,0.0291
atb_Latn,0.0,0.0,0.0
nbe_Latn,0.0194,0.0039,0.0194
mlt_Latn,0.0291,0.0071,0.0291
lef_Latn,0.0097,0.0037,0.0097
heb_Hebr,0.2621,0.0987,0.2621
moc_Latn,0.0097,0.0018,0.0097
dtp_Latn,0.0097,0.0005,0.0097
qvs_Latn,0.0194,0.005,0.0194
kri_Latn,0.0097,0.0026,0.0097
trp_Latn,0.0097,0.0018,0.0097
pps_Latn,0.0194,0.0029,0.0194
smk_Latn,0.0194,0.0073,0.0194
tke_Latn,0.0194,0.0042,0.0194
uri_Latn,0.0,0.0,0.0
mrg_Latn,0.0097,0.0008,0.0097
nif_Latn,0.0,0.0,0.0
ban_Latn,0.0194,0.0042,0.0194
tnk_Latn,0.0097,0.0003,0.0097
khk_Latn,0.0097,0.0047,0.0097
bqp_Latn,0.0,0.0,0.0
mgw_Latn,0.0194,0.0037,0.0194
hus_Latn,0.0194,0.005,0.0194
sin_Sinh,0.0097,0.0005,0.0097
yka_Latn,0.0097,0.0031,0.0097
reg_Latn,0.0194,0.0055,0.0194
msy_Latn,0.0097,0.0013,0.0097
nhx_Latn,0.0194,0.0042,0.0194
nko_Latn,0.0097,0.0016,0.0097
kjb_Latn,0.0194,0.0055,0.0194
tlb_Latn,0.0097,0.0029,0.0097
mfi_Latn,0.0097,0.0008,0.0097
fad_Latn,0.0194,0.0031,0.0194
nas_Latn,0.0097,0.0003,0.0097
ceg_Latn,0.0097,0.001,0.0097
tsn_Latn,0.0194,0.0047,0.0194
xho_Latn,0.0097,0.0008,0.0097
lav_Latn,0.301,0.1026,0.301
sda_Latn,0.0194,0.0071,0.0194
mks_Latn,0.0097,0.0024,0.0097
tbo_Latn,0.0097,0.0003,0.0097
apr_Latn,0.0097,0.0008,0.0097
kwf_Latn,0.0097,0.0018,0.0097
swh_Latn,0.0291,0.0105,0.0291
daa_Latn,0.0194,0.0073,0.0194
neb_Latn,0.0,0.0,0.0
trq_Latn,0.0097,0.0024,0.0097
hop_Latn,0.0097,0.0003,0.0097
cav_Latn,0.0194,0.0076,0.0194
oji_Latn,0.0194,0.0045,0.0194
ifb_Latn,0.0097,0.0026,0.0097
kaa_Latn,0.0097,0.0029,0.0097
nse_Latn,0.0097,0.0031,0.0097
mda_Latn,0.0,0.0,0.0
nyy_Latn,0.0,0.0,0.0
bao_Latn,0.0097,0.0003,0.0097
bzi_Thai,0.0097,0.0003,0.0097
zaa_Latn,0.0194,0.01,0.0194
ksw_Mymr,0.0,0.0,0.0
gur_Latn,0.0097,0.0026,0.0097
xpe_Latn,0.0,0.0,0.0
ike_Cans,0.0,0.0,0.0
ztq_Latn,0.0194,0.0024,0.0194
pse_Latn,0.0291,0.0092,0.0291
des_Latn,0.0097,0.0005,0.0097
moa_Latn,0.0,0.0,0.0
ria_Latn,0.0097,0.0026,0.0097
tcs_Latn,0.0097,0.0005,0.0097
kbd_Cyrl,0.0,0.0,0.0
wnu_Latn,0.0097,0.0003,0.0097
boa_Latn,0.0,0.0,0.0
suc_Latn,0.0097,0.0021,0.0097
tpz_Latn,0.0097,0.0003,0.0097
mpm_Latn,0.0291,0.0066,0.0291
nnb_Latn,0.0,0.0,0.0
pap_Latn,0.0583,0.0278,0.0583
lia_Latn,0.0,0.0,0.0
slv_Latn,0.3301,0.1275,0.3301
mcd_Latn,0.0097,0.0024,0.0097
zpc_Latn,0.0194,0.0039,0.0194
amu_Latn,0.0194,0.0018,0.0194
gbi_Latn,0.0097,0.001,0.0097
cjv_Latn,0.0,0.0,0.0
wbp_Latn,0.0,0.0,0.0
zab_Latn,0.0291,0.011,0.0291
kxw_Latn,0.0,0.0,0.0
bel_Cyrl,0.2718,0.1191,0.2718
lmp_Latn,0.0,0.0,0.0
alj_Latn,0.0097,0.0013,0.0097
nzm_Latn,0.0194,0.001,0.0194
bre_Latn,0.0194,0.0042,0.0194
mal_Latn,0.0,0.0,0.0
izz_Latn,0.0097,0.0005,0.0097
kmg_Latn,0.0097,0.0013,0.0097
ubu_Latn,0.0,0.0,0.0
guq_Latn,0.0097,0.0008,0.0097
gvf_Latn,0.0097,0.0031,0.0097
swk_Latn,0.0194,0.0066,0.0194
fuh_Latn,0.0,0.0,0.0
taj_Deva,0.0097,0.0008,0.0097
nep_Deva,0.0485,0.0142,0.0485
tbl_Latn,0.0097,0.0018,0.0097
kdl_Latn,0.0097,0.0029,0.0097
jni_Latn,0.0097,0.0003,0.0097
agx_Cyrl,0.0097,0.0029,0.0097
kab_Latn,0.0097,0.0034,0.0097
uig_Cyrl,0.0194,0.0018,0.0194
quf_Latn,0.0194,0.006,0.0194
lgl_Latn,0.0097,0.0042,0.0097
ifa_Latn,0.0194,0.0055,0.0194
bhg_Latn,0.0194,0.005,0.0194
blw_Latn,0.0097,0.0042,0.0097
miy_Latn,0.0097,0.0008,0.0097
lee_Latn,0.0,0.0,0.0
cpu_Latn,0.0194,0.0037,0.0194
kck_Latn,0.0194,0.0063,0.0194
kxm_Thai,0.0,0.0,0.0
itv_Latn,0.0291,0.0089,0.0291
dar_Cyrl,0.0097,0.0008,0.0097
ziw_Latn,0.0097,0.0021,0.0097
ata_Latn,0.0,0.0,0.0
ghe_Deva,0.0097,0.0003,0.0097
naq_Latn,0.0,0.0,0.0
hto_Latn,0.0194,0.0029,0.0194
mfk_Latn,0.0,0.0,0.0
kiw_Latn,0.0097,0.0003,0.0097
wro_Latn,0.0194,0.0024,0.0194
nxd_Latn,0.0097,0.0016,0.0097
hrv_Latn,0.3204,0.1391,0.3204
wwa_Latn,0.0,0.0,0.0
dyi_Latn,0.0,0.0,0.0
zul_Latn,0.0194,0.0037,0.0194
cmn_Hani,0.7767,0.4492,0.7767
gup_Latn,0.0194,0.0021,0.0194
bgt_Latn,0.0194,0.0063,0.0194
mam_Latn,0.0097,0.0031,0.0097
yle_Latn,0.0,0.0,0.0
yor_Latn,0.0,0.0,0.0
bam_Latn,0.0194,0.0071,0.0194
zac_Latn,0.0194,0.0097,0.0194
myv_Cyrl,0.0097,0.0024,0.0097
dgz_Latn,0.0,0.0,0.0
cbc_Latn,0.0,0.0,0.0
cat_Latn,0.6019,0.2734,0.6019
krj_Latn,0.0777,0.031,0.0777
bkq_Latn,0.0194,0.0066,0.0194
kac_Latn,0.0,0.0,0.0
tdt_Latn,0.0194,0.0066,0.0194
lgm_Latn,0.0194,0.0008,0.0194
dts_Latn,0.0097,0.0055,0.0097
qug_Latn,0.0194,0.0024,0.0194
gle_Latn,0.0194,0.0047,0.0194
ctd_Latn,0.0194,0.0026,0.0194
rmq_Latn,0.0583,0.0213,0.0583
gor_Latn,0.0097,0.0013,0.0097
lat_Latn,0.699,0.334,0.699
kwd_Latn,0.0097,0.001,0.0097
ven_Latn,0.0097,0.0031,0.0097
asg_Latn,0.0097,0.0047,0.0097
bmh_Latn,0.0097,0.0018,0.0097
yaq_Latn,0.0097,0.0008,0.0097
cek_Latn,0.0097,0.0003,0.0097
bon_Latn,0.0,0.0,0.0
kub_Latn,0.0097,0.0005,0.0097
fra_Latn,0.835,0.4791,0.835
tee_Latn,0.0097,0.0003,0.0097
mfe_Latn,0.0388,0.0094,0.0388
zpl_Latn,0.0291,0.0052,0.0291
anm_Latn,0.0291,0.0018,0.0291
kyg_Latn,0.0,0.0,0.0
nmz_Latn,0.0097,0.0008,0.0097
alt_Cyrl,0.0291,0.0066,0.0291
lin_Latn,0.0194,0.0039,0.0194
mck_Latn,0.0097,0.0008,0.0097
bts_Latn,0.0194,0.0073,0.0194
mbt_Latn,0.0,0.0,0.0
bgz_Latn,0.0194,0.0055,0.0194
mar_Deva,0.0777,0.0226,0.0777
azb_Latn,0.1068,0.0338,0.1068
cnh_Latn,0.0097,0.0047,0.0097
urd_Latn,0.0485,0.0131,0.0485
zam_Latn,0.0,0.0,0.0
vie_Latn,0.534,0.2613,0.534
chq_Latn,0.0194,0.0026,0.0194
nyu_Latn,0.0194,0.0031,0.0194
crs_Latn,0.0388,0.0079,0.0388
kru_Deva,0.0097,0.0005,0.0097
kqs_Latn,0.0097,0.0003,0.0097
por_Latn,0.6893,0.397,0.6893
kwj_Latn,0.0,0.0,0.0
mxv_Latn,0.0097,0.0003,0.0097
cgc_Latn,0.0388,0.0118,0.0388
tbc_Latn,0.0097,0.0005,0.0097
sgz_Latn,0.0097,0.001,0.0097
kdc_Latn,0.0194,0.0024,0.0194
fai_Latn,0.0,0.0,0.0
ted_Latn,0.0,0.0,0.0
agg_Latn,0.0,0.0,0.0
biv_Latn,0.0097,0.0039,0.0097
vap_Latn,0.0097,0.0013,0.0097
lsm_Latn,0.0097,0.001,0.0097
ndp_Latn,0.0097,0.0047,0.0097
pkb_Latn,0.0097,0.0042,0.0097
tpt_Latn,0.0194,0.0018,0.0194
iqw_Latn,0.0,0.0,0.0
cut_Latn,0.0194,0.0037,0.0194
gnb_Latn,0.0097,0.001,0.0097
yap_Latn,0.0097,0.0042,0.0097
ses_Latn,0.0097,0.0037,0.0097
akb_Latn,0.0291,0.0102,0.0291
qxr_Latn,0.0194,0.001,0.0194
bum_Latn,0.0194,0.0073,0.0194
klv_Latn,0.0097,0.0003,0.0097
pbi_Latn,0.0097,0.0024,0.0097
tzh_Latn,0.0194,0.0066,0.0194
bfd_Latn,0.0097,0.0003,0.0097
nnl_Latn,0.0194,0.0021,0.0194
kyf_Latn,0.0,0.0,0.0
nhu_Latn,0.0097,0.0005,0.0097
kix_Latn,0.0097,0.0008,0.0097
zpm_Latn,0.0097,0.0016,0.0097
sja_Latn,0.0097,0.0016,0.0097
ald_Latn,0.0097,0.0003,0.0097
shi_Latn,0.0097,0.0063,0.0097
mwe_Latn,0.0194,0.0058,0.0194
wca_Latn,0.0,0.0,0.0
nij_Latn,0.0291,0.01,0.0291
vid_Latn,0.0097,0.0031,0.0097
nld_Latn,0.699,0.334,0.699
snp_Latn,0.0,0.0,0.0
mhi_Latn,0.0194,0.0108,0.0194
swe_Latn,0.5534,0.2535,0.5534
bnp_Latn,0.0194,0.0058,0.0194
tuk_Cyrl,0.0291,0.0016,0.0291
fuf_Latn,0.0,0.0,0.0
emp_Latn,0.0097,0.0037,0.0097
tte_Latn,0.0,0.0,0.0
eng_Latn,1.0,1.0,1.0
sab_Latn,0.0194,0.0018,0.0194
kal_Latn,0.0097,0.0039,0.0097
oym_Latn,0.0,0.0,0.0
gid_Latn,0.0194,0.0039,0.0194
tgl_Latn,0.2427,0.0819,0.2427
quh_Latn,0.0194,0.0039,0.0194
jvn_Latn,0.0388,0.0157,0.0388
nno_Latn,0.2621,0.1026,0.2621
aii_Syrc,0.0,0.0,0.0
imo_Latn,0.0097,0.0016,0.0097
bci_Latn,0.0194,0.0071,0.0194
waj_Latn,0.0,0.0,0.0
dob_Latn,0.0097,0.0008,0.0097
ssw_Latn,0.0194,0.0052,0.0194
prs_Arab,0.1845,0.0627,0.1845
pmx_Latn,0.0194,0.0039,0.0194
biu_Latn,0.0194,0.0026,0.0194
agd_Latn,0.0,0.0,0.0
sun_Latn,0.0485,0.0144,0.0485
nds_Latn,0.0485,0.0218,0.0485
myk_Latn,0.0,0.0,0.0
stq_Latn,0.0583,0.0213,0.0583
hig_Latn,0.0097,0.0003,0.0097
mxt_Latn,0.0194,0.0026,0.0194
tav_Latn,0.0097,0.0003,0.0097
cth_Latn,0.0194,0.0031,0.0194
acu_Latn,0.0194,0.0029,0.0194
tgo_Latn,0.0194,0.0045,0.0194
crq_Latn,0.0097,0.0008,0.0097
kao_Latn,0.0097,0.0016,0.0097
cax_Latn,0.0194,0.0055,0.0194
ncu_Latn,0.0,0.0,0.0
plg_Latn,0.0097,0.0005,0.0097
yrk_Cyrl,0.0194,0.0031,0.0194
nii_Latn,0.0097,0.0003,0.0097
zao_Latn,0.0388,0.0076,0.0388
jav_Latn,0.0485,0.0155,0.0485
shj_Latn,0.0097,0.0045,0.0097
maa_Latn,0.0194,0.0081,0.0194
nop_Latn,0.0097,0.0008,0.0097
dks_Latn,0.0194,0.0031,0.0194
nlg_Latn,0.0291,0.0063,0.0291
bch_Latn,0.0097,0.0029,0.0097
nhw_Latn,0.0097,0.001,0.0097
meq_Latn,0.0,0.0,0.0
ann_Latn,0.0097,0.0026,0.0097
kiz_Latn,0.0097,0.0039,0.0097
zpo_Latn,0.0194,0.0055,0.0194
som_Latn,0.0,0.0,0.0
xrb_Latn,0.0,0.0,0.0
ikw_Latn,0.0194,0.0045,0.0194
beq_Latn,0.0097,0.0034,0.0097
cot_Latn,0.0,0.0,0.0
tzj_Latn,0.0194,0.005,0.0194
ckt_Cyrl,0.0097,0.0018,0.0097
blz_Latn,0.0194,0.0097,0.0194
kua_Latn,0.0097,0.0029,0.0097
bom_Latn,0.0,0.0,0.0
mjc_Latn,0.0194,0.0058,0.0194
mit_Latn,0.0097,0.0013,0.0097
jic_Latn,0.0097,0.0013,0.0097
rim_Latn,0.0194,0.011,0.0194
crm_Cans,0.0,0.0,0.0
cso_Latn,0.0097,0.0018,0.0097
leh_Latn,0.0097,0.0003,0.0097
gkn_Latn,0.0097,0.0005,0.0097
var_Latn,0.0097,0.0003,0.0097
spa_Latn,0.7087,0.3876,0.7087
sri_Latn,0.0097,0.0003,0.0097
uzb_Cyrl,0.0291,0.0039,0.0291
kqp_Latn,0.0097,0.0047,0.0097
nct_Latn,0.0194,0.0008,0.0194
sgw_Ethi,0.0097,0.0005,0.0097
kan_Latn,0.0097,0.001,0.0097
taw_Latn,0.0,0.0,0.0
ckb_Arab,0.0097,0.0016,0.0097
ffm_Latn,0.0,0.0,0.0
nus_Latn,0.0,0.0,0.0
hif_Latn,0.0194,0.0045,0.0194
stp_Latn,0.0,0.0,0.0
dan_Latn,0.5631,0.2745,0.5631
swg_Latn,0.1845,0.0719,0.1845
mri_Latn,0.0194,0.0005,0.0194
sme_Latn,0.0194,0.0024,0.0194
kmk_Latn,0.0194,0.0081,0.0194
shk_Latn,0.0,0.0,0.0
mtp_Latn,0.0097,0.0003,0.0097
chr_Latn,0.0097,0.0021,0.0097
bhl_Latn,0.0,0.0,0.0
cbi_Latn,0.0194,0.0013,0.0194
yuz_Latn,0.0097,0.0034,0.0097
enb_Latn,0.0,0.0,0.0
srn_Latn,0.0291,0.0176,0.0291
sag_Latn,0.0194,0.0034,0.0194
qvz_Latn,0.0194,0.0016,0.0194
nsm_Latn,0.0097,0.0016,0.0097
rkb_Latn,0.0,0.0,0.0
kgp_Latn,0.0,0.0,0.0
mhl_Latn,0.0097,0.0005,0.0097
tbg_Latn,0.0,0.0,0.0
rnl_Latn,0.0097,0.0037,0.0097
kqy_Ethi,0.0,0.0,0.0
pio_Latn,0.0097,0.0037,0.0097
apz_Latn,0.0,0.0,0.0
bmb_Latn,0.0097,0.0034,0.0097
guz_Latn,0.0097,0.001,0.0097
mqy_Latn,0.0194,0.0071,0.0194
cnl_Latn,0.0097,0.0003,0.0097
zty_Latn,0.0097,0.0005,0.0097
lhu_Latn,0.0,0.0,0.0
zai_Latn,0.0291,0.0129,0.0291
kyc_Latn,0.0097,0.0005,0.0097
zca_Latn,0.0194,0.0073,0.0194
muh_Latn,0.0097,0.001,0.0097
nog_Cyrl,0.0291,0.0018,0.0291
tlj_Latn,0.0097,0.0026,0.0097
ell_Grek,0.2427,0.0937,0.2427
mco_Latn,0.0,0.0,0.0
cmo_Khmr,0.0,0.0,0.0
hau_Latn,0.0194,0.0018,0.0194
boj_Latn,0.0097,0.0018,0.0097
gng_Latn,0.0097,0.0005,0.0097
fal_Latn,0.0097,0.0047,0.0097
jid_Latn,0.0194,0.0089,0.0194
sco_Latn,0.165,0.0706,0.165
bis_Latn,0.0194,0.0045,0.0194
nbl_Latn,0.0097,0.0029,0.0097
dah_Latn,0.0,0.0,0.0
kat_Geor,0.0291,0.0071,0.0291
fub_Latn,0.0194,0.0021,0.0194
acr_Latn,0.0194,0.0042,0.0194
tbf_Latn,0.0194,0.0031,0.0194
taq_Latn,0.0097,0.0016,0.0097
qul_Latn,0.0194,0.0037,0.0194
ifk_Latn,0.0194,0.0081,0.0194
nin_Latn,0.0097,0.0005,0.0097
maf_Latn,0.0097,0.0018,0.0097
hak_Hani,0.3689,0.1504,0.3689
kmm_Latn,0.0291,0.0018,0.0291
azg_Latn,0.0097,0.005,0.0097
gvl_Latn,0.0097,0.0008,0.0097
ura_Latn,0.0,0.0,0.0
bdh_Latn,0.0,0.0,0.0
mpg_Latn,0.0097,0.0026,0.0097
cle_Latn,0.0097,0.0003,0.0097
rup_Latn,0.0388,0.0152,0.0388
nnh_Latn,0.0,0.0,0.0
che_Cyrl,0.0097,0.0003,0.0097
hat_Latn,0.0388,0.0097,0.0388
cor_Latn,0.0291,0.01,0.0291
djk_Latn,0.0097,0.0013,0.0097
ots_Latn,0.0097,0.0029,0.0097
mcn_Latn,0.0291,0.0031,0.0291
zpi_Latn,0.0194,0.0045,0.0194
bsp_Latn,0.0,0.0,0.0
pdt_Latn,0.0485,0.021,0.0485
zyb_Latn,0.0097,0.0003,0.0097
dug_Latn,0.0194,0.0047,0.0194
tam_Taml,0.0485,0.0105,0.0485
lsi_Latn,0.0,0.0,0.0
tha_Thai,0.233,0.0661,0.233
tsg_Latn,0.0097,0.0013,0.0097
tpp_Latn,0.0097,0.005,0.0097
ngc_Latn,0.0194,0.0026,0.0194
nys_Latn,0.0097,0.0029,0.0097
bbr_Latn,0.0097,0.0037,0.0097
nim_Latn,0.0,0.0,0.0
njz_Latn,0.0,0.0,0.0
urb_Latn,0.0097,0.0003,0.0097
not_Latn,0.0,0.0,0.0
nlc_Latn,0.0097,0.0026,0.0097
gux_Latn,0.0097,0.001,0.0097
aim_Latn,0.0097,0.0016,0.0097
ajz_Latn,0.0097,0.0018,0.0097
snw_Latn,0.0097,0.0045,0.0097
tar_Latn,0.0097,0.0003,0.0097
kde_Latn,0.0097,0.001,0.0097
lbk_Latn,0.0291,0.0123,0.0291
rmy_Latn,0.0291,0.016,0.0291
mxp_Latn,0.0097,0.0003,0.0097
aso_Latn,0.0,0.0,0.0
npi_Deva,0.0485,0.0134,0.0485
twu_Latn,0.0194,0.0031,0.0194
dgr_Latn,0.0,0.0,0.0
cbk_Latn,0.1359,0.0604,0.1359
ivv_Latn,0.0291,0.0076,0.0291
nso_Latn,0.0097,0.0052,0.0097
lem_Latn,0.0,0.0,0.0
kpj_Latn,0.0097,0.0003,0.0097
hmr_Latn,0.0097,0.0013,0.0097
lus_Latn,0.0097,0.0026,0.0097
kud_Latn,0.0097,0.0045,0.0097
ian_Latn,0.0097,0.0005,0.0097
arp_Latn,0.0097,0.0052,0.0097
kez_Latn,0.0097,0.0005,0.0097
shn_Mymr,0.0,0.0,0.0
kaz_Cyrl,0.0388,0.01,0.0388
miq_Latn,0.0097,0.0024,0.0097
tcz_Latn,0.0194,0.0045,0.0194
tif_Latn,0.0,0.0,0.0
ake_Latn,0.0,0.0,0.0
tzo_Latn,0.0097,0.005,0.0097
nhr_Latn,0.0,0.0,0.0
bss_Latn,0.0097,0.0013,0.0097
met_Latn,0.0097,0.0016,0.0097
gaw_Latn,0.0194,0.0029,0.0194
loq_Latn,0.0097,0.0013,0.0097
tlh_Latn,0.0874,0.0168,0.0874
gag_Cyrl,0.0194,0.0055,0.0194
btt_Latn,0.0,0.0,0.0
kmo_Latn,0.0,0.0,0.0
mbs_Latn,0.0097,0.0016,0.0097
izr_Latn,0.0097,0.0005,0.0097
mad_Latn,0.0194,0.0094,0.0194
nou_Latn,0.0097,0.0026,0.0097
gvn_Latn,0.0194,0.0013,0.0194
ayr_Latn,0.0097,0.0039,0.0097
aze_Latn,0.0874,0.0318,0.0874
mwc_Latn,0.0097,0.0037,0.0097
zaj_Latn,0.0194,0.0042,0.0194
hvn_Latn,0.0097,0.0031,0.0097
tna_Latn,0.0194,0.0047,0.0194
kha_Latn,0.0097,0.0026,0.0097
sbs_Latn,0.0194,0.0058,0.0194
npy_Latn,0.0097,0.0042,0.0097
urd_Arab,0.1359,0.0341,0.1359
crt_Latn,0.0097,0.0008,0.0097
nsn_Latn,0.0097,0.0026,0.0097
srm_Latn,0.0194,0.0031,0.0194
ojb_Latn,0.0097,0.0003,0.0097
ttc_Latn,0.0097,0.0016,0.0097
apy_Latn,0.0,0.0,0.0
eko_Latn,0.0097,0.0005,0.0097
mxq_Latn,0.0,0.0,0.0
wob_Latn,0.0,0.0,0.0
suz_Deva,0.0,0.0,0.0
gnd_Latn,0.0,0.0,0.0
kue_Latn,0.0,0.0,0.0
suk_Latn,0.0097,0.0037,0.0097
ons_Latn,0.0194,0.0021,0.0194
tvk_Latn,0.0097,0.0008,0.0097
due_Latn,0.0291,0.0079,0.0291
tab_Cyrl,0.0,0.0,0.0
csk_Latn,0.0194,0.0008,0.0194
fao_Latn,0.068,0.0234,0.068
meu_Latn,0.0194,0.0037,0.0194
bcl_Latn,0.0777,0.0262,0.0777
buk_Latn,0.0097,0.0003,0.0097
otq_Latn,0.0,0.0,0.0
kog_Latn,0.0,0.0,0.0
ese_Latn,0.0,0.0,0.0
