code,Qwen/Qwen3-0.6B_max,Qwen/Qwen3-0.6B_mean,avg
nde_Latn,0.0097,0.0017,0.0097
omw_Latn,0.0097,0.0003,0.0097
urk_Thai,0.0,0.0,0.0
mic_Latn,0.0097,0.0007,0.0097
aak_Latn,0.0097,0.0003,0.0097
gnw_Latn,0.0097,0.0007,0.0097
ade_Latn,0.0097,0.0023,0.0097
xnn_Latn,0.0097,0.0084,0.0097
bzj_Latn,0.0194,0.0077,0.0194
agr_Latn,0.0097,0.0013,0.0097
tuo_Latn,0.0,0.0,0.0
kpx_Latn,0.0097,0.0003,0.0097
nak_Latn,0.0097,0.002,0.0097
mux_Latn,0.0,0.0,0.0
mfq_Latn,0.0097,0.0003,0.0097
amn_Latn,0.0194,0.002,0.0194
any_Latn,0.0097,0.0003,0.0097
hae_Latn,0.0097,0.0003,0.0097
bef_Latn,0.0,0.0,0.0
msa_Latn,0.0485,0.008,0.0485
maw_Latn,0.0097,0.0003,0.0097
knk_Latn,0.0097,0.001,0.0097
eri_Latn,0.0097,0.0013,0.0097
thk_Latn,0.0,0.0,0.0
lmk_Latn,0.0194,0.003,0.0194
alq_Latn,0.0194,0.0027,0.0194
nya_Latn,0.0097,0.002,0.0097
mwp_Latn,0.0097,0.001,0.0097
sxb_Latn,0.0097,0.0007,0.0097
mtg_Latn,0.0097,0.0027,0.0097
pww_Thai,0.0,0.0,0.0
yuj_Latn,0.0097,0.0007,0.0097
sqi_Latn,0.0485,0.0084,0.0485
yss_Latn,0.0097,0.006,0.0097
mxb_Latn,0.0097,0.0013,0.0097
swp_Latn,0.0097,0.004,0.0097
bmr_Latn,0.0097,0.0017,0.0097
bib_Latn,0.0097,0.0007,0.0097
csy_Latn,0.0194,0.0013,0.0194
mib_Latn,0.0097,0.0047,0.0097
bxr_Cyrl,0.0097,0.002,0.0097
yad_Latn,0.0,0.0,0.0
tsw_Latn,0.0194,0.0047,0.0194
mzk_Latn,0.0194,0.008,0.0194
nmo_Latn,0.0097,0.0033,0.0097
clu_Latn,0.0388,0.0121,0.0388
chu_Cyrl,0.2233,0.0529,0.2233
sll_Latn,0.0097,0.0003,0.0097
amo_Latn,0.0194,0.003,0.0194
lob_Latn,0.0,0.0,0.0
hwc_Latn,0.3495,0.1332,0.3495
mvn_Latn,0.0194,0.0037,0.0194
muy_Latn,0.0,0.0,0.0
xtm_Latn,0.0097,0.0047,0.0097
bav_Latn,0.0097,0.003,0.0097
mwq_Latn,0.0097,0.0003,0.0097
dnj_Latn,0.0,0.0,0.0
bba_Latn,0.0097,0.0013,0.0097
chd_Latn,0.0291,0.0047,0.0291
alp_Latn,0.0097,0.0017,0.0097
xal_Cyrl,0.0097,0.003,0.0097
khs_Latn,0.0,0.0,0.0
wsk_Latn,0.0097,0.001,0.0097
aji_Latn,0.0097,0.0033,0.0097
bwq_Latn,0.0,0.0,0.0
knj_Latn,0.0291,0.0044,0.0291
mav_Latn,0.0,0.0,0.0
ppk_Latn,0.0291,0.0067,0.0291
zga_Latn,0.0097,0.0023,0.0097
kxc_Ethi,0.0,0.0,0.0
mkj_Latn,0.0194,0.01,0.0194
asm_Beng,0.0194,0.0023,0.0194
sba_Latn,0.0097,0.001,0.0097
cao_Latn,0.0097,0.0017,0.0097
est_Latn,0.0291,0.0084,0.0291
chv_Cyrl,0.0097,0.001,0.0097
hag_Latn,0.0,0.0,0.0
mpt_Latn,0.0,0.0,0.0
wbi_Latn,0.0097,0.001,0.0097
xtn_Latn,0.0097,0.0037,0.0097
kzf_Latn,0.0194,0.006,0.0194
dov_Latn,0.0097,0.0003,0.0097
kyq_Latn,0.0097,0.0003,0.0097
aze_Cyrl,0.0,0.0,0.0
cjo_Latn,0.0,0.0,0.0
gag_Latn,0.0485,0.0174,0.0485
too_Latn,0.0194,0.004,0.0194
bsc_Latn,0.0097,0.002,0.0097
zsm_Latn,0.068,0.0218,0.068
zpz_Latn,0.0097,0.004,0.0097
zho_Hani,0.2913,0.0964,0.2913
bzh_Latn,0.0194,0.0013,0.0194
jiv_Latn,0.0,0.0,0.0
mox_Latn,0.0097,0.002,0.0097
bjv_Latn,0.0097,0.0003,0.0097
vag_Latn,0.0097,0.0017,0.0097
tum_Latn,0.0194,0.0023,0.0194
kpz_Latn,0.0194,0.0013,0.0194
mzh_Latn,0.0097,0.0023,0.0097
krc_Cyrl,0.0097,0.001,0.0097
ngp_Latn,0.0194,0.0013,0.0194
ndg_Latn,0.0097,0.0013,0.0097
box_Latn,0.0097,0.0003,0.0097
aai_Latn,0.0097,0.0027,0.0097
cuc_Latn,0.0097,0.0033,0.0097
aca_Latn,0.0097,0.0017,0.0097
fuq_Latn,0.0097,0.0007,0.0097
wos_Latn,0.0097,0.001,0.0097
bki_Latn,0.0097,0.0003,0.0097
nca_Latn,0.0194,0.0013,0.0194
pls_Latn,0.0194,0.008,0.0194
kqe_Latn,0.0097,0.002,0.0097
ozm_Latn,0.0097,0.0007,0.0097
nph_Latn,0.0097,0.001,0.0097
qvh_Latn,0.0097,0.005,0.0097
ewe_Latn,0.0097,0.0013,0.0097
tnp_Latn,0.0,0.0,0.0
udu_Latn,0.0,0.0,0.0
fij_Latn,0.0097,0.0003,0.0097
jbu_Latn,0.0,0.0,0.0
guh_Latn,0.0097,0.0003,0.0097
mbb_Latn,0.0097,0.0013,0.0097
mau_Latn,0.0097,0.001,0.0097
mee_Latn,0.0097,0.0007,0.0097
ton_Latn,0.0097,0.001,0.0097
amm_Latn,0.0,0.0,0.0
kin_Latn,0.0194,0.0067,0.0194
dow_Latn,0.0097,0.0007,0.0097
msb_Latn,0.0194,0.0074,0.0194
pah_Latn,0.0097,0.0003,0.0097
rub_Latn,0.0097,0.0013,0.0097
tuk_Arab,0.0,0.0,0.0
esu_Latn,0.0291,0.004,0.0291
soy_Latn,0.0,0.0,0.0
tgk_Cyrl,0.0,0.0,0.0
mjw_Latn,0.0097,0.005,0.0097
kek_Latn,0.0097,0.002,0.0097
cub_Latn,0.0,0.0,0.0
ava_Cyrl,0.0,0.0,0.0
cce_Latn,0.0097,0.0027,0.0097
hne_Deva,0.0097,0.0013,0.0097
zyp_Latn,0.0097,0.0007,0.0097
ter_Latn,0.0097,0.0007,0.0097
kbm_Latn,0.0097,0.0003,0.0097
qvi_Latn,0.0097,0.0023,0.0097
mnf_Latn,0.0,0.0,0.0
sat_Latn,0.0097,0.0013,0.0097
aey_Latn,0.0097,0.0003,0.0097
poe_Latn,0.0097,0.0057,0.0097
enq_Latn,0.0194,0.0013,0.0194
dgc_Latn,0.0194,0.01,0.0194
ify_Latn,0.0194,0.0104,0.0194
bmq_Latn,0.0097,0.0017,0.0097
ktj_Latn,0.0,0.0,0.0
tac_Latn,0.0097,0.0007,0.0097
lam_Latn,0.0097,0.001,0.0097
ycn_Latn,0.0097,0.0007,0.0097
btd_Latn,0.0291,0.0074,0.0291
mbc_Latn,0.0,0.0,0.0
kjh_Cyrl,0.0097,0.0023,0.0097
snf_Latn,0.0097,0.0023,0.0097
for_Latn,0.0097,0.0007,0.0097
xsi_Latn,0.0,0.0,0.0
gui_Latn,0.0194,0.0027,0.0194
mqj_Latn,0.0194,0.0054,0.0194
bbc_Latn,0.0194,0.007,0.0194
chf_Latn,0.0194,0.0074,0.0194
rus_Cyrl,0.6408,0.2323,0.6408
jac_Latn,0.0097,0.003,0.0097
hui_Latn,0.0,0.0,0.0
bqj_Latn,0.0097,0.0023,0.0097
sas_Latn,0.0194,0.0064,0.0194
mna_Latn,0.0097,0.0007,0.0097
qvn_Latn,0.0194,0.0044,0.0194
sbd_Latn,0.0,0.0,0.0
quy_Latn,0.0194,0.006,0.0194
kqc_Latn,0.0194,0.002,0.0194
plu_Latn,0.0194,0.0023,0.0194
apn_Latn,0.0,0.0,0.0
mhx_Latn,0.0,0.0,0.0
vun_Latn,0.0097,0.0007,0.0097
rmo_Latn,0.0097,0.007,0.0097
laj_Latn,0.0194,0.002,0.0194
isn_Latn,0.0097,0.0013,0.0097
kno_Latn,0.0,0.0,0.0
sna_Latn,0.0097,0.002,0.0097
mas_Latn,0.0194,0.0054,0.0194
mbd_Latn,0.0097,0.0023,0.0097
lzh_Hani,0.2039,0.084,0.2039
gun_Latn,0.0194,0.0037,0.0194
cmo_Latn,0.0,0.0,0.0
urt_Latn,0.0097,0.002,0.0097
nob_Latn,0.4466,0.1202,0.4466
cha_Latn,0.0194,0.0037,0.0194
hun_Latn,0.0971,0.0194,0.0971
fil_Latn,0.0583,0.0174,0.0583
sig_Latn,0.0097,0.0003,0.0097
bpr_Latn,0.0097,0.0023,0.0097
toi_Latn,0.0097,0.0017,0.0097
log_Latn,0.0097,0.001,0.0097
gaa_Latn,0.0194,0.0044,0.0194
kor_Hang,0.233,0.0442,0.233
dop_Latn,0.0097,0.0007,0.0097
nhd_Latn,0.0194,0.0013,0.0194
kan_Knda,0.0,0.0,0.0
mse_Latn,0.0097,0.001,0.0097
prf_Latn,0.0291,0.0104,0.0291
mig_Latn,0.0097,0.0003,0.0097
abx_Latn,0.0194,0.002,0.0194
yaa_Latn,0.0,0.0,0.0
myy_Latn,0.0097,0.004,0.0097
ibo_Latn,0.0194,0.002,0.0194
big_Latn,0.0,0.0,0.0
tuk_Latn,0.0097,0.0013,0.0097
hns_Latn,0.0,0.0,0.0
dur_Latn,0.0,0.0,0.0
acf_Latn,0.0097,0.0013,0.0097
rmn_Latn,0.0097,0.0027,0.0097
mhy_Latn,0.0194,0.0154,0.0194
dru_Latn,0.0097,0.0023,0.0097
gom_Latn,0.0097,0.0017,0.0097
fuv_Latn,0.0097,0.0013,0.0097
mal_Mlym,0.0097,0.0003,0.0097
ktb_Ethi,0.0097,0.0007,0.0097
plt_Latn,0.0097,0.002,0.0097
cak_Latn,0.0097,0.0023,0.0097
qvo_Latn,0.0194,0.0017,0.0194
npo_Latn,0.0097,0.0003,0.0097
etu_Latn,0.0,0.0,0.0
pua_Latn,0.0097,0.0054,0.0097
jae_Latn,0.0,0.0,0.0
yom_Latn,0.0097,0.0007,0.0097
bul_Cyrl,0.4757,0.0934,0.4757
bar_Latn,0.0388,0.0151,0.0388
njm_Latn,0.0,0.0,0.0
hch_Latn,0.0097,0.0003,0.0097
guo_Latn,0.0097,0.0003,0.0097
bwu_Latn,0.0194,0.004,0.0194
ppo_Latn,0.0097,0.0017,0.0097
wuv_Latn,0.0194,0.0067,0.0194
urd_Deva,0.0388,0.0057,0.0388
ixl_Latn,0.0097,0.0064,0.0097
gdn_Latn,0.0,0.0,0.0
mps_Latn,0.0097,0.001,0.0097
cof_Latn,0.0097,0.001,0.0097
ium_Thai,0.0097,0.0003,0.0097
way_Latn,0.0,0.0,0.0
nhe_Latn,0.0097,0.001,0.0097
bps_Latn,0.0194,0.0037,0.0194
amk_Latn,0.0194,0.0044,0.0194
toh_Latn,0.0194,0.003,0.0194
cya_Latn,0.0194,0.0044,0.0194
byx_Latn,0.0194,0.0037,0.0194
mlh_Latn,0.0097,0.0003,0.0097
agw_Latn,0.0194,0.0044,0.0194
tat_Cyrl,0.0097,0.001,0.0097
sps_Latn,0.0194,0.0007,0.0194
ksj_Latn,0.0097,0.0033,0.0097
ssd_Latn,0.0097,0.001,0.0097
awi_Latn,0.0,0.0,0.0
nan_Latn,0.0097,0.0013,0.0097
myx_Latn,0.0097,0.0017,0.0097
blh_Latn,0.0097,0.0017,0.0097
kus_Latn,0.0194,0.003,0.0194
cfm_Latn,0.0097,0.0044,0.0097
nwx_Deva,0.0097,0.0003,0.0097
mif_Latn,0.0,0.0,0.0
nwi_Latn,0.0097,0.0027,0.0097
mta_Latn,0.0097,0.0007,0.0097
niy_Latn,0.0097,0.0003,0.0097
njn_Latn,0.0097,0.0033,0.0097
mwv_Latn,0.0194,0.0057,0.0194
kkc_Latn,0.0,0.0,0.0
yon_Latn,0.0097,0.0023,0.0097
mgh_Latn,0.0097,0.0003,0.0097
fin_Latn,0.1068,0.0181,0.1068
smt_Latn,0.0097,0.0013,0.0097
mbf_Latn,0.1359,0.0495,0.1359
maq_Latn,0.0097,0.001,0.0097
snc_Latn,0.0,0.0,0.0
gul_Latn,0.1553,0.0506,0.1553
kto_Latn,0.0097,0.003,0.0097
icr_Latn,0.0291,0.0124,0.0291
kyu_Mymr,0.0,0.0,0.0
tro_Latn,0.0097,0.0084,0.0097
isl_Latn,0.0485,0.0144,0.0485
kgf_Latn,0.0194,0.0013,0.0194
jmc_Latn,0.0097,0.0017,0.0097
ace_Latn,0.0194,0.0097,0.0194
npl_Latn,0.0194,0.0077,0.0194
kbh_Latn,0.0097,0.0077,0.0097
ivb_Latn,0.0097,0.0047,0.0097
snd_Arab,0.0,0.0,0.0
lwo_Latn,0.0,0.0,0.0
plw_Latn,0.0194,0.005,0.0194
ssg_Latn,0.0194,0.0013,0.0194
spp_Latn,0.0194,0.0017,0.0194
tui_Latn,0.0194,0.0037,0.0194
lug_Latn,0.0097,0.0003,0.0097
ukr_Cyrl,0.3398,0.071,0.3398
tew_Latn,0.0194,0.0067,0.0194
ken_Latn,0.0097,0.001,0.0097
mie_Latn,0.0194,0.0067,0.0194
kup_Latn,0.0194,0.002,0.0194
uzb_Latn,0.0097,0.001,0.0097
mzl_Latn,0.0,0.0,0.0
kvg_Latn,0.0097,0.0017,0.0097
ndc_Latn,0.0097,0.001,0.0097
coe_Latn,0.0097,0.0017,0.0097
pam_Latn,0.0194,0.0104,0.0194
rug_Latn,0.0,0.0,0.0
nmh_Latn,0.0194,0.0037,0.0194
dik_Latn,0.0097,0.0027,0.0097
mpp_Latn,0.0,0.0,0.0
slk_Latn,0.1942,0.0475,0.1942
oss_Cyrl,0.0097,0.0007,0.0097
kor_Latn,0.0,0.0,0.0
dyu_Latn,0.0097,0.0033,0.0097
amh_Latn,0.0097,0.0003,0.0097
kik_Latn,0.0097,0.0007,0.0097
wbm_Latn,0.0097,0.002,0.0097
pdc_Latn,0.0194,0.0047,0.0194
noa_Latn,0.0,0.0,0.0
xsm_Latn,0.0,0.0,0.0
urw_Latn,0.0097,0.0003,0.0097
gum_Latn,0.0097,0.0003,0.0097
nyf_Latn,0.0097,0.0013,0.0097
rai_Latn,0.0097,0.001,0.0097
viv_Latn,0.0194,0.001,0.0194
mww_Latn,0.0097,0.0007,0.0097
njo_Latn,0.0097,0.006,0.0097
avt_Latn,0.0097,0.0033,0.0097
auc_Latn,0.0097,0.0007,0.0097
xla_Latn,0.0097,0.002,0.0097
quz_Latn,0.0291,0.0017,0.0291
qvm_Latn,0.0097,0.006,0.0097
mnb_Latn,0.0194,0.003,0.0194
mkl_Latn,0.0097,0.0013,0.0097
lai_Latn,0.0097,0.0017,0.0097
acd_Latn,0.0,0.0,0.0
bmu_Latn,0.0,0.0,0.0
trn_Latn,0.0097,0.0007,0.0097
mzm_Latn,0.0097,0.0003,0.0097
ngu_Latn,0.0194,0.002,0.0194
are_Latn,0.0194,0.0087,0.0194
zos_Latn,0.0097,0.003,0.0097
ong_Latn,0.0097,0.002,0.0097
agu_Latn,0.0097,0.0007,0.0097
lex_Latn,0.0194,0.0047,0.0194
nre_Latn,0.0097,0.0003,0.0097
awk_Latn,0.0097,0.001,0.0097
nhg_Latn,0.0097,0.0037,0.0097
toj_Latn,0.0097,0.0007,0.0097
arb_Arab,0.1748,0.0298,0.1748
czt_Latn,0.0,0.0,0.0
ote_Latn,0.0097,0.0003,0.0097
akp_Latn,0.0097,0.0027,0.0097
ruf_Latn,0.0097,0.0003,0.0097
xsr_Deva,0.0097,0.0007,0.0097
mbi_Latn,0.0,0.0,0.0
tku_Latn,0.0097,0.002,0.0097
mrw_Latn,0.0097,0.0013,0.0097
guc_Latn,0.0097,0.0017,0.0097
ilo_Latn,0.0194,0.0044,0.0194
xed_Latn,0.0097,0.001,0.0097
shu_Latn,0.0097,0.0027,0.0097
tgp_Latn,0.0291,0.0137,0.0291
qvc_Latn,0.0,0.0,0.0
dww_Latn,0.0,0.0,0.0
crn_Latn,0.0097,0.0013,0.0097
ldi_Latn,0.0097,0.0023,0.0097
nst_Latn,0.0,0.0,0.0
cag_Latn,0.0097,0.002,0.0097
dgi_Latn,0.0097,0.0007,0.0097
ncj_Latn,0.0194,0.0087,0.0194
hix_Latn,0.0097,0.0007,0.0097
stn_Latn,0.0097,0.001,0.0097
glv_Latn,0.0291,0.0057,0.0291
yal_Latn,0.0097,0.0003,0.0097
kaa_Cyrl,0.0097,0.0003,0.0097
tca_Latn,0.0,0.0,0.0
ntr_Latn,0.0,0.0,0.0
yre_Latn,0.0,0.0,0.0
ksf_Latn,0.0097,0.0013,0.0097
nbu_Latn,0.0097,0.0003,0.0097
cco_Latn,0.0097,0.0023,0.0097
tuf_Latn,0.0,0.0,0.0
mos_Latn,0.0,0.0,0.0
gkp_Latn,0.0097,0.0007,0.0097
adl_Latn,0.0097,0.001,0.0097
kjs_Latn,0.0,0.0,0.0
grt_Beng,0.0097,0.0003,0.0097
cym_Latn,0.0194,0.0037,0.0194
zpq_Latn,0.0097,0.0013,0.0097
nhi_Latn,0.0291,0.0057,0.0291
gqr_Latn,0.0097,0.0013,0.0097
uvh_Latn,0.0,0.0,0.0
beo_Latn,0.0,0.0,0.0
nnp_Latn,0.0097,0.001,0.0097
pab_Latn,0.0097,0.0003,0.0097
sld_Latn,0.0,0.0,0.0
prk_Latn,0.0097,0.0027,0.0097
qxn_Latn,0.0194,0.0033,0.0194
aon_Latn,0.0097,0.002,0.0097
ewo_Latn,0.0485,0.0087,0.0485
khz_Latn,0.0097,0.0023,0.0097
hub_Latn,0.0194,0.0054,0.0194
aly_Latn,0.0194,0.0007,0.0194
pfe_Latn,0.0,0.0,0.0
mto_Latn,0.0097,0.0003,0.0097
rro_Latn,0.0097,0.001,0.0097
jra_Latn,0.0097,0.002,0.0097
cnt_Latn,0.0,0.0,0.0
xsb_Latn,0.0194,0.0037,0.0194
gub_Latn,0.0,0.0,0.0
pck_Latn,0.0194,0.0047,0.0194
gfk_Latn,0.0194,0.0033,0.0194
lhm_Latn,0.0,0.0,0.0
mbh_Latn,0.0097,0.0013,0.0097
rmc_Latn,0.0194,0.007,0.0194
apb_Latn,0.0097,0.0027,0.0097
pon_Latn,0.0,0.0,0.0
caf_Latn,0.0097,0.0007,0.0097
kqo_Latn,0.0,0.0,0.0
san_Deva,0.0097,0.0003,0.0097
aer_Latn,0.0097,0.002,0.0097
gjn_Latn,0.0097,0.002,0.0097
nsu_Latn,0.0194,0.0107,0.0194
kaq_Latn,0.0097,0.0007,0.0097
mle_Latn,0.0,0.0,0.0
lew_Latn,0.0291,0.0094,0.0291
iws_Latn,0.0,0.0,0.0
mor_Latn,0.0,0.0,0.0
pmf_Latn,0.0097,0.0013,0.0097
tpi_Latn,0.0194,0.0033,0.0194
yam_Latn,0.0097,0.0007,0.0097
cui_Latn,0.0097,0.001,0.0097
abt_Latn,0.0097,0.0003,0.0097
amh_Ethi,0.0097,0.0003,0.0097
qxo_Latn,0.0097,0.0017,0.0097
cok_Latn,0.0194,0.0033,0.0194
nnq_Latn,0.0097,0.0017,0.0097
djr_Latn,0.0,0.0,0.0
nmf_Latn,0.0,0.0,0.0
bcw_Latn,0.0097,0.001,0.0097
szb_Latn,0.0097,0.0013,0.0097
gam_Latn,0.0,0.0,0.0
men_Latn,0.0097,0.0007,0.0097
tir_Ethi,0.0,0.0,0.0
mfy_Latn,0.0,0.0,0.0
amf_Latn,0.0097,0.0003,0.0097
kgk_Latn,0.0,0.0,0.0
ach_Latn,0.0194,0.003,0.0194
ctu_Latn,0.0097,0.002,0.0097
qva_Latn,0.0194,0.004,0.0194
giz_Latn,0.0097,0.001,0.0097
sbk_Latn,0.0194,0.0033,0.0194
cbr_Latn,0.0097,0.001,0.0097
hlt_Latn,0.0097,0.002,0.0097
nch_Latn,0.0097,0.003,0.0097
yua_Latn,0.0194,0.0057,0.0194
zar_Latn,0.0194,0.0037,0.0194
alz_Latn,0.0194,0.0027,0.0194
khy_Latn,0.0097,0.002,0.0097
bru_Latn,0.0097,0.0007,0.0097
aom_Latn,0.0097,0.0013,0.0097
snn_Latn,0.0194,0.0087,0.0194
mqb_Latn,0.0194,0.002,0.0194
cnw_Latn,0.0097,0.002,0.0097
dif_Latn,0.0291,0.0064,0.0291
bem_Latn,0.0194,0.0037,0.0194
ikk_Latn,0.0097,0.0047,0.0097
gwi_Latn,0.0194,0.0047,0.0194
hye_Armn,0.0194,0.0047,0.0194
pri_Latn,0.0,0.0,0.0
qxl_Latn,0.0194,0.0044,0.0194
soq_Latn,0.0097,0.004,0.0097
bvd_Latn,0.0194,0.002,0.0194
bus_Latn,0.0097,0.0003,0.0097
ahk_Latn,0.0,0.0,0.0
ame_Latn,0.0097,0.0087,0.0097
ptp_Latn,0.0097,0.0033,0.0097
bsj_Latn,0.0097,0.0007,0.0097
tof_Latn,0.0,0.0,0.0
pwg_Latn,0.0097,0.0007,0.0097
khm_Khmr,0.0097,0.0007,0.0097
ign_Latn,0.0194,0.0017,0.0194
ksd_Latn,0.0194,0.01,0.0194
nri_Latn,0.0097,0.0044,0.0097
mih_Latn,0.0097,0.0037,0.0097
yby_Latn,0.0097,0.0007,0.0097
ntp_Latn,0.0,0.0,0.0
lcm_Latn,0.0097,0.0007,0.0097
tcc_Latn,0.0097,0.0047,0.0097
yan_Latn,0.0194,0.0064,0.0194
kvj_Latn,0.0097,0.0003,0.0097
mza_Latn,0.0097,0.0033,0.0097
sus_Latn,0.0097,0.0007,0.0097
wib_Latn,0.0,0.0,0.0
kum_Cyrl,0.0,0.0,0.0
enx_Latn,0.0194,0.007,0.0194
pol_Latn,0.3689,0.1031,0.3689
mmx_Latn,0.0194,0.0054,0.0194
quw_Latn,0.0194,0.007,0.0194
hye_Latn,0.0097,0.0007,0.0097
trc_Latn,0.0194,0.0044,0.0194
mbj_Latn,0.0097,0.0007,0.0097
bqc_Latn,0.0097,0.0003,0.0097
rad_Latn,0.0194,0.0017,0.0194
zas_Latn,0.0097,0.0007,0.0097
njb_Latn,0.0097,0.0007,0.0097
bbj_Latn,0.0194,0.006,0.0194
ind_Latn,0.6214,0.22,0.6214
mur_Latn,0.0097,0.0003,0.0097
obo_Latn,0.0194,0.0037,0.0194
ory_Orya,0.0097,0.0007,0.0097
xav_Latn,0.0,0.0,0.0
sop_Latn,0.0,0.0,0.0
lip_Latn,0.0097,0.004,0.0097
mcu_Latn,0.0194,0.0027,0.0194
dig_Latn,0.0097,0.003,0.0097
msk_Latn,0.0097,0.0013,0.0097
ndo_Latn,0.0097,0.0013,0.0097
iba_Latn,0.0194,0.01,0.0194
sur_Latn,0.0097,0.001,0.0097
cuk_Latn,0.0194,0.0077,0.0194
uig_Latn,0.0097,0.0033,0.0097
kff_Telu,0.0,0.0,0.0
yao_Latn,0.0097,0.0007,0.0097
leu_Latn,0.0194,0.0037,0.0194
mop_Latn,0.0097,0.0074,0.0097
uli_Latn,0.0194,0.0027,0.0194
tue_Latn,0.0194,0.003,0.0194
uig_Arab,0.0097,0.0003,0.0097
uvl_Latn,0.0097,0.002,0.0097
gah_Latn,0.0097,0.0013,0.0097
zpu_Latn,0.0097,0.0037,0.0097
tiy_Latn,0.0097,0.001,0.0097
mcr_Latn,0.0291,0.0017,0.0291
hra_Latn,0.0194,0.0037,0.0194
con_Latn,0.0291,0.006,0.0291
lif_Deva,0.0,0.0,0.0
bak_Cyrl,0.0097,0.0013,0.0097
cly_Latn,0.0194,0.0044,0.0194
wnc_Latn,0.0,0.0,0.0
ron_Latn,0.301,0.076,0.301
cul_Latn,0.0097,0.0003,0.0097
min_Latn,0.0291,0.0094,0.0291
ita_Latn,0.6602,0.2852,0.6602
cpb_Latn,0.0097,0.0017,0.0097
adh_Latn,0.0097,0.003,0.0097
ksb_Latn,0.0097,0.0007,0.0097
naf_Latn,0.0097,0.0003,0.0097
nbq_Latn,0.0097,0.0017,0.0097
cac_Latn,0.0194,0.0027,0.0194
cbt_Latn,0.0097,0.001,0.0097
qup_Latn,0.0097,0.0007,0.0097
kbc_Latn,0.0097,0.0003,0.0097
lac_Latn,0.0097,0.004,0.0097
tbz_Latn,0.0097,0.0003,0.0097
acn_Latn,0.0097,0.0003,0.0097
pir_Latn,0.0097,0.001,0.0097
gug_Latn,0.0194,0.001,0.0194
knf_Latn,0.0,0.0,0.0
maz_Latn,0.0097,0.005,0.0097
jam_Latn,0.0291,0.007,0.0291
tyv_Cyrl,0.0097,0.0013,0.0097
mtj_Latn,0.0194,0.0074,0.0194
zat_Latn,0.0097,0.0054,0.0097
msm_Latn,0.0194,0.0037,0.0194
pag_Latn,0.0291,0.0057,0.0291
otn_Latn,0.0194,0.0027,0.0194
gdg_Latn,0.0097,0.002,0.0097
mej_Latn,0.0194,0.008,0.0194
gai_Latn,0.0097,0.001,0.0097
yml_Latn,0.0097,0.0013,0.0097
kia_Latn,0.0097,0.0017,0.0097
zpt_Latn,0.0194,0.003,0.0194
inb_Latn,0.0097,0.0023,0.0097
wap_Latn,0.0097,0.0003,0.0097
ksc_Latn,0.0194,0.0077,0.0194
ded_Latn,0.0,0.0,0.0
fry_Latn,0.068,0.0084,0.068
zia_Latn,0.0097,0.0007,0.0097
tuc_Latn,0.0194,0.0077,0.0194
cpc_Latn,0.0097,0.002,0.0097
adi_Latn,0.0194,0.0044,0.0194
roo_Latn,0.0,0.0,0.0
iry_Latn,0.0097,0.005,0.0097
mio_Latn,0.0097,0.001,0.0097
tpm_Latn,0.0097,0.003,0.0097
bov_Latn,0.0097,0.003,0.0097
ndi_Latn,0.0097,0.002,0.0097
arn_Latn,0.0194,0.0037,0.0194
ces_Latn,0.3107,0.0676,0.3107
tsz_Latn,0.0097,0.0054,0.0097
pis_Latn,0.0097,0.003,0.0097
old_Latn,0.0097,0.001,0.0097
cwe_Latn,0.0097,0.002,0.0097
sgb_Latn,0.0097,0.002,0.0097
sbl_Latn,0.0097,0.0013,0.0097
dwr_Latn,0.0194,0.0057,0.0194
cab_Latn,0.0097,0.0007,0.0097
bhp_Latn,0.0097,0.0017,0.0097
emi_Latn,0.0097,0.0007,0.0097
cbu_Latn,0.0,0.0,0.0
sxn_Latn,0.0097,0.0044,0.0097
kki_Latn,0.0097,0.0003,0.0097
shp_Latn,0.0097,0.0023,0.0097
mbl_Latn,0.0097,0.0003,0.0097
lif_Limb,0.0,0.0,0.0
eve_Cyrl,0.0097,0.0013,0.0097
lhi_Latn,0.0,0.0,0.0
kng_Latn,0.0097,0.0017,0.0097
aym_Latn,0.0194,0.0027,0.0194
azz_Latn,0.0097,0.0074,0.0097
adj_Latn,0.0097,0.0007,0.0097
byr_Latn,0.0097,0.0013,0.0097
pan_Guru,0.0,0.0,0.0
pma_Latn,0.0097,0.001,0.0097
att_Latn,0.0097,0.0037,0.0097
hmo_Latn,0.0097,0.001,0.0097
spy_Latn,0.0,0.0,0.0
ndj_Latn,0.0097,0.002,0.0097
kvn_Latn,0.0194,0.0047,0.0194
mil_Latn,0.0097,0.0013,0.0097
qxh_Latn,0.0194,0.0064,0.0194
otm_Latn,0.0097,0.0023,0.0097
mcp_Latn,0.0097,0.0007,0.0097
nma_Latn,0.0,0.0,0.0
run_Latn,0.0097,0.003,0.0097
pad_Latn,0.0097,0.0003,0.0097
nho_Latn,0.0194,0.0057,0.0194
efi_Latn,0.0291,0.0033,0.0291
sil_Latn,0.0097,0.002,0.0097
tob_Latn,0.0194,0.004,0.0194
lol_Latn,0.0097,0.001,0.0097
anv_Latn,0.0,0.0,0.0
bsn_Latn,0.0097,0.0023,0.0097
nyn_Latn,0.0097,0.0017,0.0097
aoi_Latn,0.0,0.0,0.0
kkj_Latn,0.0,0.0,0.0
zav_Latn,0.0097,0.001,0.0097
guk_Ethi,0.0,0.0,0.0
mai_Deva,0.0097,0.0003,0.0097
kms_Latn,0.0097,0.0013,0.0097
bth_Latn,0.0194,0.0033,0.0194
gog_Latn,0.0097,0.0023,0.0097
bnj_Latn,0.0097,0.001,0.0097
ape_Latn,0.0097,0.0017,0.0097
cbv_Latn,0.0097,0.004,0.0097
ncl_Latn,0.0194,0.005,0.0194
ifu_Latn,0.0194,0.0027,0.0194
srq_Latn,0.0194,0.0013,0.0194
bkd_Latn,0.0097,0.001,0.0097
caa_Latn,0.0194,0.006,0.0194
poi_Latn,0.0194,0.01,0.0194
aeu_Latn,0.0,0.0,0.0
qve_Latn,0.0097,0.0007,0.0097
sah_Cyrl,0.0,0.0,0.0
ntu_Latn,0.0097,0.0007,0.0097
nwb_Latn,0.0,0.0,0.0
seh_Latn,0.0097,0.0023,0.0097
arl_Latn,0.0097,0.0007,0.0097
wmw_Latn,0.0097,0.002,0.0097
zlm_Latn,0.5631,0.162,0.5631
bim_Latn,0.0194,0.0033,0.0194
ojb_Cans,0.0097,0.0003,0.0097
luo_Latn,0.0194,0.008,0.0194
awb_Latn,0.0,0.0,0.0
far_Latn,0.0194,0.0057,0.0194
tel_Telu,0.0194,0.004,0.0194
cpa_Latn,0.0097,0.0003,0.0097
bzd_Latn,0.0097,0.005,0.0097
ptu_Latn,0.0194,0.0057,0.0194
zpv_Latn,0.0097,0.0017,0.0097
sim_Latn,0.0,0.0,0.0
lom_Latn,0.0097,0.0007,0.0097
toc_Latn,0.0,0.0,0.0
mva_Latn,0.0097,0.001,0.0097
war_Latn,0.0194,0.0127,0.0194
upv_Latn,0.0097,0.0007,0.0097
mpx_Latn,0.0097,0.0007,0.0097
usa_Latn,0.0097,0.0003,0.0097
hak_Latn,0.0097,0.001,0.0097
nnw_Latn,0.0097,0.0003,0.0097
gde_Latn,0.0097,0.0037,0.0097
sot_Latn,0.0194,0.0057,0.0194
mcq_Latn,0.0097,0.0003,0.0097
epo_Latn,0.0388,0.0157,0.0388
lit_Latn,0.0485,0.0194,0.0485
mdy_Ethi,0.0,0.0,0.0
kir_Cyrl,0.0,0.0,0.0
kne_Latn,0.0194,0.0087,0.0194
kmr_Latn,0.0097,0.0007,0.0097
gud_Latn,0.0,0.0,0.0
pcm_Latn,0.068,0.0291,0.068
cme_Latn,0.0097,0.0013,0.0097
ayo_Latn,0.0,0.0,0.0
gvs_Latn,0.0097,0.0003,0.0097
zaw_Latn,0.0194,0.011,0.0194
mti_Latn,0.0097,0.0003,0.0097
niq_Latn,0.0097,0.0023,0.0097
chk_Latn,0.0194,0.004,0.0194
nyo_Latn,0.0097,0.0037,0.0097
mnk_Latn,0.0097,0.0003,0.0097
twi_Latn,0.0194,0.008,0.0194
gya_Latn,0.0097,0.0057,0.0097
poh_Latn,0.0097,0.0077,0.0097
srp_Latn,0.2816,0.08,0.2816
tby_Latn,0.0097,0.0007,0.0097
ctp_Latn,0.0194,0.002,0.0194
gof_Latn,0.0097,0.0003,0.0097
hin_Deva,0.0485,0.0074,0.0485
pes_Arab,0.1165,0.0278,0.1165
isd_Latn,0.0097,0.0017,0.0097
suk_Latn,0.0097,0.0007,0.0097
kue_Latn,0.0,0.0,0.0
ons_Latn,0.0,0.0,0.0
suz_Deva,0.0097,0.0003,0.0097
gnd_Latn,0.0097,0.0007,0.0097
due_Latn,0.0097,0.0037,0.0097
tab_Cyrl,0.0,0.0,0.0
csk_Latn,0.0097,0.0007,0.0097
fao_Latn,0.0485,0.0064,0.0485
tvk_Latn,0.0,0.0,0.0
bcl_Latn,0.0388,0.0074,0.0388
meu_Latn,0.0194,0.007,0.0194
otq_Latn,0.0097,0.0003,0.0097
buk_Latn,0.0,0.0,0.0
kog_Latn,0.0097,0.0003,0.0097
ese_Latn,0.0097,0.001,0.0097
ayr_Latn,0.0097,0.0013,0.0097
nou_Latn,0.0097,0.0013,0.0097
gvn_Latn,0.0097,0.0027,0.0097
aze_Latn,0.0291,0.0087,0.0291
gag_Cyrl,0.0097,0.0007,0.0097
izr_Latn,0.0097,0.0003,0.0097
mbs_Latn,0.0097,0.0003,0.0097
btt_Latn,0.0097,0.0007,0.0097
kmo_Latn,0.0,0.0,0.0
mad_Latn,0.0291,0.0047,0.0291
tna_Latn,0.0194,0.005,0.0194
hvn_Latn,0.0194,0.0057,0.0194
kha_Latn,0.0097,0.0007,0.0097
mwc_Latn,0.0194,0.0037,0.0194
zaj_Latn,0.0097,0.0013,0.0097
ojb_Latn,0.0097,0.003,0.0097
srm_Latn,0.0097,0.001,0.0097
ttc_Latn,0.0097,0.001,0.0097
sbs_Latn,0.0194,0.0027,0.0194
npy_Latn,0.0097,0.0037,0.0097
nsn_Latn,0.0194,0.0027,0.0194
crt_Latn,0.0097,0.0013,0.0097
urd_Arab,0.0388,0.0027,0.0388
apy_Latn,0.0,0.0,0.0
eko_Latn,0.0097,0.0007,0.0097
wob_Latn,0.0,0.0,0.0
mxq_Latn,0.0097,0.001,0.0097
kpj_Latn,0.0097,0.0013,0.0097
lus_Latn,0.0097,0.002,0.0097
hmr_Latn,0.0097,0.0007,0.0097
lem_Latn,0.0,0.0,0.0
kez_Latn,0.0194,0.0013,0.0194
miq_Latn,0.0194,0.005,0.0194
kaz_Cyrl,0.0194,0.0033,0.0194
shn_Mymr,0.0,0.0,0.0
tcz_Latn,0.0097,0.0064,0.0097
kud_Latn,0.0097,0.002,0.0097
ian_Latn,0.0,0.0,0.0
arp_Latn,0.0097,0.005,0.0097
tzo_Latn,0.0097,0.002,0.0097
tif_Latn,0.0,0.0,0.0
ake_Latn,0.0,0.0,0.0
met_Latn,0.0097,0.0023,0.0097
bss_Latn,0.0097,0.0033,0.0097
loq_Latn,0.0097,0.0007,0.0097
gaw_Latn,0.0097,0.0007,0.0097
tlh_Latn,0.0874,0.0184,0.0874
nhr_Latn,0.0,0.0,0.0
bbr_Latn,0.0097,0.0023,0.0097
nim_Latn,0.0097,0.0064,0.0097
njz_Latn,0.0097,0.0003,0.0097
nys_Latn,0.0194,0.0023,0.0194
aim_Latn,0.0097,0.0003,0.0097
ajz_Latn,0.0097,0.0054,0.0097
snw_Latn,0.0097,0.0067,0.0097
urb_Latn,0.0097,0.0007,0.0097
not_Latn,0.0,0.0,0.0
nlc_Latn,0.0097,0.0023,0.0097
gux_Latn,0.0097,0.0007,0.0097
mxp_Latn,0.0,0.0,0.0
aso_Latn,0.0097,0.0003,0.0097
tar_Latn,0.0097,0.0003,0.0097
kde_Latn,0.0097,0.0023,0.0097
lbk_Latn,0.0194,0.008,0.0194
rmy_Latn,0.0194,0.0094,0.0194
ivv_Latn,0.0194,0.0044,0.0194
nso_Latn,0.0194,0.007,0.0194
twu_Latn,0.0097,0.0017,0.0097
npi_Deva,0.0097,0.0007,0.0097
dgr_Latn,0.0,0.0,0.0
cbk_Latn,0.1845,0.0593,0.1845
mcn_Latn,0.0097,0.0037,0.0097
ots_Latn,0.0097,0.0064,0.0097
mpg_Latn,0.0194,0.0027,0.0194
rup_Latn,0.0194,0.0064,0.0194
cle_Latn,0.0097,0.0023,0.0097
cor_Latn,0.0194,0.0097,0.0194
che_Cyrl,0.0,0.0,0.0
hat_Latn,0.0194,0.0044,0.0194
nnh_Latn,0.0194,0.0007,0.0194
djk_Latn,0.0097,0.002,0.0097
pdt_Latn,0.0194,0.0087,0.0194
zpi_Latn,0.0097,0.0017,0.0097
bsp_Latn,0.0097,0.0003,0.0097
zyb_Latn,0.0,0.0,0.0
dug_Latn,0.0194,0.002,0.0194
tsg_Latn,0.0194,0.0047,0.0194
tha_Thai,0.2816,0.0492,0.2816
lsi_Latn,0.0,0.0,0.0
ngc_Latn,0.0194,0.0013,0.0194
tpp_Latn,0.0097,0.0013,0.0097
tam_Taml,0.0097,0.0007,0.0097
tbf_Latn,0.0097,0.004,0.0097
acr_Latn,0.0194,0.0013,0.0194
taq_Latn,0.0097,0.0003,0.0097
dah_Latn,0.0097,0.0003,0.0097
kat_Geor,0.0097,0.0003,0.0097
fub_Latn,0.0291,0.0037,0.0291
ifk_Latn,0.0194,0.0107,0.0194
qul_Latn,0.0097,0.0003,0.0097
nin_Latn,0.0097,0.0013,0.0097
azg_Latn,0.0097,0.0084,0.0097
gvl_Latn,0.0097,0.0007,0.0097
ura_Latn,0.0,0.0,0.0
bdh_Latn,0.0097,0.0003,0.0097
maf_Latn,0.0097,0.0027,0.0097
hak_Hani,0.2233,0.0797,0.2233
kmm_Latn,0.0097,0.001,0.0097
tlj_Latn,0.0097,0.002,0.0097
ell_Grek,0.0874,0.011,0.0874
kyc_Latn,0.0097,0.0003,0.0097
zca_Latn,0.0097,0.001,0.0097
muh_Latn,0.0,0.0,0.0
nog_Cyrl,0.0097,0.0007,0.0097
hau_Latn,0.0097,0.0003,0.0097
cmo_Khmr,0.0,0.0,0.0
mco_Latn,0.0097,0.0007,0.0097
gng_Latn,0.0097,0.0013,0.0097
boj_Latn,0.0097,0.0013,0.0097
bis_Latn,0.0194,0.0037,0.0194
nbl_Latn,0.0097,0.0017,0.0097
fal_Latn,0.0194,0.0017,0.0194
jid_Latn,0.0097,0.0027,0.0097
sco_Latn,0.0583,0.0291,0.0583
qvz_Latn,0.0194,0.005,0.0194
sag_Latn,0.0194,0.005,0.0194
rkb_Latn,0.0,0.0,0.0
nsm_Latn,0.0097,0.0017,0.0097
bhl_Latn,0.0,0.0,0.0
yuz_Latn,0.0097,0.0023,0.0097
cbi_Latn,0.0,0.0,0.0
enb_Latn,0.0097,0.0007,0.0097
srn_Latn,0.0194,0.0117,0.0194
apz_Latn,0.0,0.0,0.0
pio_Latn,0.0097,0.0003,0.0097
kqy_Ethi,0.0,0.0,0.0
bmb_Latn,0.0194,0.003,0.0194
mhl_Latn,0.0097,0.0003,0.0097
kgp_Latn,0.0097,0.0003,0.0097
tbg_Latn,0.0,0.0,0.0
rnl_Latn,0.0097,0.0027,0.0097
zty_Latn,0.0097,0.0003,0.0097
lhu_Latn,0.0,0.0,0.0
guz_Latn,0.0097,0.0047,0.0097
mqy_Latn,0.0097,0.0017,0.0097
cnl_Latn,0.0097,0.002,0.0097
zai_Latn,0.0194,0.008,0.0194
sgw_Ethi,0.0097,0.0003,0.0097
kan_Latn,0.0,0.0,0.0
uzb_Cyrl,0.0,0.0,0.0
sri_Latn,0.0194,0.001,0.0194
kqp_Latn,0.0097,0.0017,0.0097
nct_Latn,0.0194,0.001,0.0194
hif_Latn,0.0097,0.0027,0.0097
stp_Latn,0.0097,0.002,0.0097
dan_Latn,0.466,0.1359,0.466
swg_Latn,0.0583,0.0114,0.0583
taw_Latn,0.0097,0.0007,0.0097
ckb_Arab,0.0388,0.008,0.0388
ffm_Latn,0.0097,0.0007,0.0097
nus_Latn,0.0097,0.0003,0.0097
kmk_Latn,0.0291,0.0033,0.0291
sme_Latn,0.0097,0.001,0.0097
mri_Latn,0.0097,0.0003,0.0097
mtp_Latn,0.0097,0.0003,0.0097
chr_Latn,0.0097,0.0064,0.0097
shk_Latn,0.0097,0.0003,0.0097
meq_Latn,0.0097,0.0007,0.0097
ann_Latn,0.0194,0.002,0.0194
zpo_Latn,0.0097,0.002,0.0097
kiz_Latn,0.0194,0.0017,0.0194
bch_Latn,0.0194,0.0054,0.0194
nhw_Latn,0.0097,0.0003,0.0097
beq_Latn,0.0194,0.003,0.0194
ikw_Latn,0.0,0.0,0.0
xrb_Latn,0.0097,0.0017,0.0097
cot_Latn,0.0,0.0,0.0
ckt_Cyrl,0.0097,0.001,0.0097
tzj_Latn,0.0097,0.0027,0.0097
som_Latn,0.0097,0.001,0.0097
mjc_Latn,0.0194,0.0077,0.0194
mit_Latn,0.0194,0.0023,0.0194
blz_Latn,0.0194,0.008,0.0194
kua_Latn,0.0194,0.0017,0.0194
bom_Latn,0.0097,0.0013,0.0097
var_Latn,0.0,0.0,0.0
spa_Latn,0.5049,0.1918,0.5049
crm_Cans,0.0097,0.0007,0.0097
rim_Latn,0.0097,0.0037,0.0097
jic_Latn,0.0097,0.0027,0.0097
gkn_Latn,0.0097,0.0003,0.0097
leh_Latn,0.0097,0.0013,0.0097
cso_Latn,0.0097,0.0007,0.0097
tav_Latn,0.0097,0.0013,0.0097
acu_Latn,0.0097,0.0017,0.0097
cth_Latn,0.0097,0.004,0.0097
stq_Latn,0.0194,0.0027,0.0194
hig_Latn,0.0194,0.0017,0.0194
mxt_Latn,0.0194,0.0084,0.0194
cax_Latn,0.0291,0.0084,0.0291
yrk_Cyrl,0.0097,0.002,0.0097
ncu_Latn,0.0097,0.0003,0.0097
plg_Latn,0.0194,0.0023,0.0194
tgo_Latn,0.0097,0.001,0.0097
crq_Latn,0.0097,0.0013,0.0097
kao_Latn,0.0097,0.0044,0.0097
jav_Latn,0.0291,0.0054,0.0291
shj_Latn,0.0097,0.001,0.0097
nii_Latn,0.0,0.0,0.0
zao_Latn,0.0097,0.0027,0.0097
nop_Latn,0.0097,0.0013,0.0097
dks_Latn,0.0097,0.002,0.0097
nlg_Latn,0.0194,0.0027,0.0194
maa_Latn,0.0291,0.0084,0.0291
nno_Latn,0.1748,0.0445,0.1748
jvn_Latn,0.0291,0.0047,0.0291
aii_Syrc,0.0,0.0,0.0
bci_Latn,0.0097,0.003,0.0097
imo_Latn,0.0097,0.0007,0.0097
dob_Latn,0.0097,0.0033,0.0097
waj_Latn,0.0097,0.0003,0.0097
agd_Latn,0.0097,0.0003,0.0097
prs_Arab,0.1165,0.0278,0.1165
ssw_Latn,0.0291,0.008,0.0291
pmx_Latn,0.0097,0.004,0.0097
biu_Latn,0.0097,0.0003,0.0097
sun_Latn,0.0388,0.0154,0.0388
nds_Latn,0.0485,0.009,0.0485
myk_Latn,0.0,0.0,0.0
mwe_Latn,0.0097,0.0007,0.0097
wca_Latn,0.0,0.0,0.0
vid_Latn,0.0097,0.0017,0.0097
nij_Latn,0.0194,0.0084,0.0194
ald_Latn,0.0,0.0,0.0
shi_Latn,0.0097,0.0007,0.0097
snp_Latn,0.0097,0.0017,0.0097
nld_Latn,0.5825,0.1697,0.5825
bnp_Latn,0.0291,0.0064,0.0291
swe_Latn,0.4563,0.1269,0.4563
tuk_Cyrl,0.0194,0.002,0.0194
fuf_Latn,0.0097,0.0013,0.0097
mhi_Latn,0.0194,0.006,0.0194
oym_Latn,0.0,0.0,0.0
kal_Latn,0.0097,0.0037,0.0097
sab_Latn,0.0097,0.0007,0.0097
tgl_Latn,0.0485,0.0184,0.0485
gid_Latn,0.0097,0.0013,0.0097
quh_Latn,0.0291,0.0067,0.0291
tte_Latn,0.0,0.0,0.0
emp_Latn,0.0194,0.0017,0.0194
eng_Latn,1.0,1.0,1.0
biv_Latn,0.0097,0.0013,0.0097
vap_Latn,0.0097,0.0003,0.0097
fai_Latn,0.0097,0.0003,0.0097
ted_Latn,0.0097,0.001,0.0097
agg_Latn,0.0097,0.001,0.0097
iqw_Latn,0.0097,0.002,0.0097
cut_Latn,0.0097,0.0013,0.0097
gnb_Latn,0.0097,0.0017,0.0097
yap_Latn,0.0097,0.0033,0.0097
ses_Latn,0.0097,0.0017,0.0097
ndp_Latn,0.0097,0.0003,0.0097
pkb_Latn,0.0194,0.0013,0.0194
lsm_Latn,0.0097,0.0017,0.0097
tpt_Latn,0.0194,0.0067,0.0194
tzh_Latn,0.0194,0.006,0.0194
pbi_Latn,0.0194,0.0013,0.0194
bfd_Latn,0.0194,0.002,0.0194
nnl_Latn,0.0097,0.001,0.0097
akb_Latn,0.0097,0.0033,0.0097
qxr_Latn,0.0097,0.0007,0.0097
bum_Latn,0.0097,0.0033,0.0097
klv_Latn,0.0097,0.0013,0.0097
zpm_Latn,0.0194,0.0013,0.0194
kix_Latn,0.0194,0.0013,0.0194
sja_Latn,0.0097,0.005,0.0097
kyf_Latn,0.0,0.0,0.0
nhu_Latn,0.0097,0.001,0.0097
mar_Deva,0.0097,0.0027,0.0097
bgz_Latn,0.0097,0.0007,0.0097
azb_Latn,0.0194,0.009,0.0194
cnh_Latn,0.0097,0.0064,0.0097
urd_Latn,0.0097,0.002,0.0097
mbt_Latn,0.0097,0.0013,0.0097
bts_Latn,0.0291,0.011,0.0291
nyu_Latn,0.0194,0.009,0.0194
zam_Latn,0.0,0.0,0.0
chq_Latn,0.0097,0.003,0.0097
vie_Latn,0.4757,0.1727,0.4757
kqs_Latn,0.0097,0.0003,0.0097
por_Latn,0.6893,0.2826,0.6893
crs_Latn,0.0291,0.0037,0.0291
kru_Deva,0.0,0.0,0.0
tbc_Latn,0.0,0.0,0.0
sgz_Latn,0.0097,0.0007,0.0097
kdc_Latn,0.0097,0.0013,0.0097
mxv_Latn,0.0097,0.0003,0.0097
kwj_Latn,0.0097,0.0003,0.0097
cgc_Latn,0.0194,0.0027,0.0194
cek_Latn,0.0,0.0,0.0
bon_Latn,0.0,0.0,0.0
kub_Latn,0.0,0.0,0.0
yaq_Latn,0.0,0.0,0.0
tee_Latn,0.0097,0.0033,0.0097
fra_Latn,0.7767,0.3331,0.7767
kyg_Latn,0.0,0.0,0.0
mfe_Latn,0.0291,0.008,0.0291
zpl_Latn,0.0194,0.011,0.0194
anm_Latn,0.0097,0.0007,0.0097
alt_Cyrl,0.0097,0.0013,0.0097
lin_Latn,0.0097,0.003,0.0097
mck_Latn,0.0194,0.0033,0.0194
nmz_Latn,0.0194,0.0027,0.0194
mam_Latn,0.0097,0.0003,0.0097
gup_Latn,0.0097,0.0027,0.0097
bgt_Latn,0.0097,0.0033,0.0097
zac_Latn,0.0194,0.0057,0.0194
bam_Latn,0.0097,0.003,0.0097
yle_Latn,0.0,0.0,0.0
yor_Latn,0.0097,0.001,0.0097
kac_Latn,0.0097,0.001,0.0097
tdt_Latn,0.0194,0.008,0.0194
lgm_Latn,0.0194,0.005,0.0194
qug_Latn,0.0097,0.0037,0.0097
dts_Latn,0.0,0.0,0.0
dgz_Latn,0.0,0.0,0.0
myv_Cyrl,0.0097,0.0003,0.0097
cbc_Latn,0.0,0.0,0.0
cat_Latn,0.4854,0.1466,0.4854
krj_Latn,0.0583,0.0094,0.0583
bkq_Latn,0.0194,0.0054,0.0194
kwd_Latn,0.0194,0.0013,0.0194
ven_Latn,0.0097,0.0057,0.0097
asg_Latn,0.0,0.0,0.0
bmh_Latn,0.0097,0.001,0.0097
rmq_Latn,0.0583,0.0208,0.0583
ctd_Latn,0.0194,0.0013,0.0194
gle_Latn,0.0097,0.0007,0.0097
lat_Latn,0.301,0.0857,0.301
gor_Latn,0.0194,0.003,0.0194
miy_Latn,0.0097,0.0003,0.0097
blw_Latn,0.0194,0.0033,0.0194
ziw_Latn,0.0,0.0,0.0
dar_Cyrl,0.0097,0.0007,0.0097
ata_Latn,0.0097,0.0003,0.0097
naq_Latn,0.0,0.0,0.0
ghe_Deva,0.0,0.0,0.0
lee_Latn,0.0097,0.0037,0.0097
cpu_Latn,0.0194,0.0023,0.0194
itv_Latn,0.0194,0.0064,0.0194
kxm_Thai,0.0097,0.002,0.0097
kck_Latn,0.0097,0.0027,0.0097
hto_Latn,0.0097,0.001,0.0097
kiw_Latn,0.0097,0.0003,0.0097
mfk_Latn,0.0097,0.0017,0.0097
wro_Latn,0.0194,0.0033,0.0194
nxd_Latn,0.0097,0.0007,0.0097
hrv_Latn,0.165,0.0408,0.165
dyi_Latn,0.0,0.0,0.0
wwa_Latn,0.0097,0.0007,0.0097
zul_Latn,0.0194,0.005,0.0194
cmn_Hani,0.6214,0.3047,0.6214
nzm_Latn,0.0194,0.0033,0.0194
alj_Latn,0.0097,0.0017,0.0097
lmp_Latn,0.0,0.0,0.0
bre_Latn,0.0194,0.0023,0.0194
kxw_Latn,0.0097,0.0027,0.0097
zab_Latn,0.0194,0.0094,0.0194
bel_Cyrl,0.0971,0.0208,0.0971
guq_Latn,0.0194,0.006,0.0194
gvf_Latn,0.0097,0.0023,0.0097
mal_Latn,0.0,0.0,0.0
kmg_Latn,0.0097,0.0003,0.0097
ubu_Latn,0.0,0.0,0.0
izz_Latn,0.0097,0.0003,0.0097
tbl_Latn,0.0097,0.0003,0.0097
nep_Deva,0.0,0.0,0.0
kdl_Latn,0.0097,0.0017,0.0097
jni_Latn,0.0097,0.002,0.0097
agx_Cyrl,0.0097,0.0013,0.0097
swk_Latn,0.0097,0.0027,0.0097
fuh_Latn,0.0097,0.0003,0.0097
taj_Deva,0.0,0.0,0.0
bhg_Latn,0.0097,0.002,0.0097
ifa_Latn,0.0194,0.004,0.0194
uig_Cyrl,0.0097,0.0003,0.0097
kab_Latn,0.0097,0.006,0.0097
quf_Latn,0.0097,0.0017,0.0097
lgl_Latn,0.0097,0.0037,0.0097
moa_Latn,0.0097,0.0003,0.0097
ria_Latn,0.0097,0.003,0.0097
des_Latn,0.0097,0.0037,0.0097
boa_Latn,0.0097,0.0003,0.0097
wnu_Latn,0.0097,0.0007,0.0097
suc_Latn,0.0194,0.003,0.0194
tpz_Latn,0.0097,0.0007,0.0097
tcs_Latn,0.0388,0.002,0.0388
kbd_Cyrl,0.0097,0.0003,0.0097
lia_Latn,0.0,0.0,0.0
slv_Latn,0.1165,0.0365,0.1165
mcd_Latn,0.0194,0.0017,0.0194
mpm_Latn,0.0194,0.007,0.0194
nnb_Latn,0.0097,0.001,0.0097
pap_Latn,0.0291,0.0117,0.0291
cjv_Latn,0.0097,0.0003,0.0097
wbp_Latn,0.0,0.0,0.0
zpc_Latn,0.0291,0.0054,0.0291
gbi_Latn,0.0097,0.0017,0.0097
amu_Latn,0.0194,0.0037,0.0194
apr_Latn,0.0194,0.0013,0.0194
swh_Latn,0.0097,0.0013,0.0097
daa_Latn,0.0097,0.0013,0.0097
kwf_Latn,0.0194,0.0057,0.0194
trq_Latn,0.0097,0.007,0.0097
neb_Latn,0.0,0.0,0.0
lav_Latn,0.068,0.0097,0.068
sda_Latn,0.0194,0.003,0.0194
mks_Latn,0.0097,0.0037,0.0097
tbo_Latn,0.0097,0.0007,0.0097
kaa_Latn,0.0097,0.0017,0.0097
nse_Latn,0.0194,0.002,0.0194
cav_Latn,0.0097,0.0057,0.0097
hop_Latn,0.0097,0.002,0.0097
oji_Latn,0.0291,0.0044,0.0291
ifb_Latn,0.0194,0.003,0.0194
zaa_Latn,0.0291,0.0097,0.0291
bzi_Thai,0.0,0.0,0.0
bao_Latn,0.0097,0.004,0.0097
mda_Latn,0.0097,0.0003,0.0097
nyy_Latn,0.0097,0.0037,0.0097
ztq_Latn,0.0097,0.0003,0.0097
pse_Latn,0.0485,0.0134,0.0485
ksw_Mymr,0.0,0.0,0.0
gur_Latn,0.0194,0.0023,0.0194
ike_Cans,0.0,0.0,0.0
xpe_Latn,0.0097,0.0007,0.0097
msy_Latn,0.0097,0.0023,0.0097
reg_Latn,0.0097,0.0047,0.0097
sin_Sinh,0.0,0.0,0.0
yka_Latn,0.0194,0.0033,0.0194
kjb_Latn,0.0291,0.008,0.0291
tlb_Latn,0.0097,0.0013,0.0097
mfi_Latn,0.0,0.0,0.0
nhx_Latn,0.0097,0.003,0.0097
nko_Latn,0.0,0.0,0.0
nas_Latn,0.0097,0.0003,0.0097
fad_Latn,0.0,0.0,0.0
xho_Latn,0.0194,0.004,0.0194
ceg_Latn,0.0097,0.0003,0.0097
tsn_Latn,0.0194,0.0017,0.0194
kri_Latn,0.0194,0.0047,0.0194
dtp_Latn,0.0097,0.0007,0.0097
qvs_Latn,0.0194,0.002,0.0194
trp_Latn,0.0097,0.0003,0.0097
mrg_Latn,0.0097,0.0003,0.0097
uri_Latn,0.0,0.0,0.0
pps_Latn,0.0194,0.001,0.0194
smk_Latn,0.0194,0.0013,0.0194
tke_Latn,0.0,0.0,0.0
tnk_Latn,0.0097,0.0023,0.0097
mgw_Latn,0.0097,0.001,0.0097
khk_Latn,0.0097,0.0003,0.0097
bqp_Latn,0.0097,0.0003,0.0097
hus_Latn,0.0097,0.0017,0.0097
nif_Latn,0.0097,0.0003,0.0097
ban_Latn,0.0194,0.0033,0.0194
nhy_Latn,0.0194,0.0094,0.0194
mua_Latn,0.0194,0.0054,0.0194
loz_Latn,0.0194,0.0077,0.0194
mfh_Latn,0.0097,0.0027,0.0097
tim_Latn,0.0097,0.0007,0.0097
xbr_Latn,0.0,0.0,0.0
mcf_Latn,0.0097,0.0003,0.0097
ben_Beng,0.0485,0.0047,0.0485
gdr_Latn,0.0097,0.0017,0.0097
vmy_Latn,0.0291,0.005,0.0291
tso_Latn,0.0194,0.005,0.0194
zom_Latn,0.0097,0.0023,0.0097
gnn_Latn,0.0,0.0,0.0
cux_Latn,0.0097,0.0003,0.0097
miz_Latn,0.0097,0.0054,0.0097
mlt_Latn,0.0194,0.004,0.0194
heb_Hebr,0.1262,0.0234,0.1262
lef_Latn,0.0097,0.005,0.0097
moc_Latn,0.0097,0.005,0.0097
ssx_Latn,0.0097,0.001,0.0097
hnn_Latn,0.0097,0.001,0.0097
nbe_Latn,0.0097,0.0033,0.0097
atb_Latn,0.0097,0.0033,0.0097
nki_Latn,0.0097,0.0037,0.0097
tos_Latn,0.0,0.0,0.0
lid_Latn,0.0097,0.0033,0.0097
mca_Latn,0.0097,0.0013,0.0097
dis_Latn,0.0194,0.0037,0.0194
bfo_Latn,0.0097,0.0017,0.0097
pbb_Latn,0.0097,0.001,0.0097
nng_Latn,0.0097,0.0007,0.0097
bex_Latn,0.0097,0.0007,0.0097
crh_Cyrl,0.0,0.0,0.0
irk_Latn,0.0097,0.0013,0.0097
aau_Latn,0.0097,0.0044,0.0097
teo_Latn,0.0194,0.0107,0.0194
mkd_Cyrl,0.2427,0.0529,0.2427
kpf_Latn,0.0097,0.0037,0.0097
yut_Latn,0.0,0.0,0.0
hla_Latn,0.0194,0.0047,0.0194
wiv_Latn,0.0194,0.004,0.0194
bku_Latn,0.0097,0.002,0.0097
cap_Latn,0.0194,0.004,0.0194
lww_Latn,0.0097,0.0003,0.0097
enl_Latn,0.0097,0.0017,0.0097
quc_Latn,0.0097,0.0003,0.0097
ium_Latn,0.0097,0.0017,0.0097
kbp_Latn,0.0,0.0,0.0
gla_Latn,0.0097,0.0054,0.0097
vut_Latn,0.0097,0.0003,0.0097
kdi_Latn,0.0097,0.001,0.0097
apt_Latn,0.0097,0.0023,0.0097
gvc_Latn,0.0194,0.002,0.0194
gej_Latn,0.0097,0.007,0.0097
aia_Latn,0.0097,0.0017,0.0097
sml_Latn,0.0194,0.002,0.0194
syc_Syrc,0.0,0.0,0.0
nia_Latn,0.0097,0.0013,0.0097
pbc_Latn,0.0097,0.004,0.0097
usp_Latn,0.0097,0.0054,0.0097
dje_Latn,0.0097,0.006,0.0097
akh_Latn,0.0,0.0,0.0
esi_Latn,0.0097,0.0067,0.0097
bug_Latn,0.0097,0.001,0.0097
tik_Latn,0.0097,0.001,0.0097
kje_Latn,0.0194,0.0064,0.0194
arz_Arab,0.0777,0.008,0.0777
syb_Latn,0.0291,0.007,0.0291
mvp_Latn,0.0194,0.0064,0.0194
mug_Latn,0.0194,0.0027,0.0194
kpg_Latn,0.0194,0.0033,0.0194
ojs_Cans,0.0,0.0,0.0
atd_Latn,0.0194,0.001,0.0194
nbc_Latn,0.0097,0.0013,0.0097
bjk_Latn,0.0097,0.0033,0.0097
ksp_Latn,0.0097,0.0017,0.0097
mhr_Cyrl,0.0097,0.001,0.0097
agm_Latn,0.0,0.0,0.0
kew_Latn,0.0,0.0,0.0
sey_Latn,0.0097,0.004,0.0097
myb_Latn,0.0097,0.0013,0.0097
ndz_Latn,0.0097,0.001,0.0097
srp_Cyrl,0.1845,0.0398,0.1845
kpv_Cyrl,0.0,0.0,0.0
nfr_Latn,0.0097,0.0033,0.0097
apu_Latn,0.0,0.0,0.0
hin_Latn,0.0097,0.004,0.0097
cta_Latn,0.0097,0.0003,0.0097
xon_Latn,0.0097,0.0037,0.0097
crx_Latn,0.0097,0.001,0.0097
afr_Latn,0.2621,0.0683,0.2621
qub_Latn,0.0097,0.0027,0.0097
kbq_Latn,0.0097,0.0003,0.0097
ife_Latn,0.0,0.0,0.0
poy_Latn,0.0097,0.001,0.0097
enm_Latn,0.4757,0.2367,0.4757
caq_Latn,0.0194,0.0013,0.0194
chz_Latn,0.0097,0.0003,0.0097
aln_Latn,0.0388,0.0084,0.0388
huu_Latn,0.0097,0.0013,0.0097
cop_Copt,0.0,0.0,0.0
mah_Latn,0.0194,0.0017,0.0194
fon_Latn,0.0097,0.001,0.0097
btx_Latn,0.0388,0.0181,0.0388
dhm_Latn,0.0097,0.0044,0.0097
xsu_Latn,0.0,0.0,0.0
aeb_Arab,0.0097,0.0007,0.0097
wer_Latn,0.0,0.0,0.0
agn_Latn,0.0291,0.0057,0.0291
awa_Deva,0.0097,0.0017,0.0097
tem_Latn,0.0097,0.0037,0.0097
kss_Latn,0.0,0.0,0.0
pne_Latn,0.0194,0.0074,0.0194
naw_Latn,0.0,0.0,0.0
atg_Latn,0.0,0.0,0.0
whk_Latn,0.0097,0.0044,0.0097
kuj_Latn,0.0097,0.001,0.0097
iri_Latn,0.0194,0.002,0.0194
eza_Latn,0.0097,0.001,0.0097
tih_Latn,0.0097,0.0064,0.0097
bud_Latn,0.0097,0.0003,0.0097
dyo_Latn,0.0194,0.0067,0.0194
hay_Latn,0.0194,0.0033,0.0194
guj_Gujr,0.0097,0.0007,0.0097
ary_Arab,0.0097,0.0007,0.0097
tlf_Latn,0.0,0.0,0.0
eus_Latn,0.0097,0.003,0.0097
tnn_Latn,0.0,0.0,0.0
rar_Latn,0.0194,0.0017,0.0194
aoz_Latn,0.0097,0.0037,0.0097
mgr_Latn,0.0097,0.001,0.0097
huv_Latn,0.0097,0.0017,0.0097
xuo_Latn,0.0194,0.0007,0.0194
zae_Latn,0.0194,0.002,0.0194
mwl_Latn,0.2524,0.0763,0.2524
mya_Mymr,0.0,0.0,0.0
heh_Latn,0.0097,0.0023,0.0097
gso_Latn,0.0097,0.0057,0.0097
bgr_Latn,0.0097,0.0023,0.0097
ebk_Latn,0.0194,0.006,0.0194
yim_Latn,0.0097,0.0007,0.0097
ubr_Latn,0.0097,0.008,0.0097
mak_Latn,0.0194,0.0027,0.0194
got_Latn,0.0097,0.002,0.0097
tbk_Latn,0.0097,0.0017,0.0097
ktu_Latn,0.0097,0.0007,0.0097
tqb_Latn,0.0,0.0,0.0
car_Latn,0.0097,0.002,0.0097
yva_Latn,0.0097,0.001,0.0097
hot_Latn,0.0097,0.0007,0.0097
kbr_Latn,0.0097,0.0017,0.0097
mmn_Latn,0.0097,0.0003,0.0097
nsa_Latn,0.0097,0.0013,0.0097
sue_Latn,0.0,0.0,0.0
mzw_Latn,0.0194,0.0017,0.0194
ceb_Latn,0.0485,0.01,0.0485
hnj_Latn,0.0,0.0,0.0
nav_Latn,0.0,0.0,0.0
ksr_Latn,0.0,0.0,0.0
deu_Latn,0.2136,0.0616,0.2136
tur_Latn,0.1748,0.0355,0.1748
ghs_Latn,0.0,0.0,0.0
mlp_Latn,0.0097,0.0003,0.0097
mog_Latn,0.0194,0.008,0.0194
qwh_Latn,0.0194,0.004,0.0194
faa_Latn,0.0097,0.0003,0.0097
zsr_Latn,0.0194,0.002,0.0194
top_Latn,0.0194,0.0027,0.0194
gbo_Latn,0.0,0.0,0.0
cjp_Latn,0.0,0.0,0.0
dip_Latn,0.0097,0.0017,0.0097
mcb_Latn,0.0097,0.0003,0.0097
esk_Latn,0.0097,0.004,0.0097
ljp_Latn,0.0388,0.0211,0.0388
bvr_Latn,0.0097,0.004,0.0097
smo_Latn,0.0194,0.0017,0.0194
kma_Latn,0.0097,0.0007,0.0097
maj_Latn,0.0097,0.0017,0.0097
knv_Latn,0.0097,0.0003,0.0097
bdd_Latn,0.0097,0.0013,0.0097
guw_Latn,0.0097,0.0013,0.0097
bgs_Latn,0.0097,0.0013,0.0097
lbj_Tibt,0.0097,0.0003,0.0097
cko_Latn,0.0097,0.0007,0.0097
zad_Latn,0.0194,0.0027,0.0194
mwm_Latn,0.0,0.0,0.0
gil_Latn,0.0097,0.0007,0.0097
mmo_Latn,0.0,0.0,0.0
ium_Laoo,0.0097,0.0003,0.0097
cas_Latn,0.0097,0.0027,0.0097
gyr_Latn,0.0097,0.002,0.0097
bkv_Latn,0.0097,0.001,0.0097
yuw_Latn,0.0,0.0,0.0
pib_Latn,0.0,0.0,0.0
hil_Latn,0.0583,0.0134,0.0583
apw_Latn,0.0,0.0,0.0
wol_Latn,0.0194,0.0057,0.0194
dad_Latn,0.0097,0.0007,0.0097
eka_Latn,0.0194,0.0037,0.0194
las_Latn,0.0097,0.0013,0.0097
cwt_Latn,0.0,0.0,0.0
kdj_Latn,0.0194,0.0054,0.0194
nuy_Latn,0.0097,0.006,0.0097
