code,script,fertility,fertility_decoder,tokens_per_char,alignment,num_tokenizers
ace_Arab,Arab,71.56,80.25,0.6043,0.0451,4
ace_Latn,Latn,51.955,55.23,0.3564,0.2944,4
acm_Arab,Arab,43.413,48.775,0.3579,0.8216,4
acq_Arab,Arab,43.26,48.25,0.3583,0.8327,4
aeb_Arab,Arab,43.157,47.825,0.3611,0.7081,4
afr_Latn,Latn,45.078,50.135,0.293,0.8957,4
ajp_Arab,Arab,40.56,45.27,0.3645,0.8201,4
aka_Latn,Latn,72.107,76.335,0.4817,0.208,4
als_Latn,Latn,53.407,64.015,0.3358,0.7199,4
amh_Ethi,Ethi,103.968,164.955,1.1364,0.3033,4
apc_Arab,Arab,42.402,47.015,0.3634,0.7884,4
arb_Arab,Arab,43.195,48.21,0.3514,0.8642,4
arb_Latn,Latn,64.735,68.28,0.4074,0.1514,4
ars_Arab,Arab,43.428,48.295,0.3534,0.8592,4
ary_Arab,Arab,46.617,51.325,0.3712,0.5968,4
arz_Arab,Arab,43.19,48.36,0.3573,0.7762,4
asm_Beng,Beng,116.47,170.24,0.8493,0.3996,4
ast_Latn,Latn,43.715,45.75,0.296,0.8323,4
awa_Deva,Deva,71.995,100.09,0.5233,0.5275,4
ayr_Latn,Latn,59.597,63.165,0.3977,0.1261,4
azb_Arab,Arab,59.745,69.77,0.4644,0.2872,4
azj_Latn,Latn,55.782,73.785,0.3483,0.6088,4
bak_Cyrl,Cyrl,84.79,101.4,0.5701,0.3725,4
bam_Latn,Latn,62.843,67.585,0.4576,0.1543,4
ban_Latn,Latn,43.043,48.525,0.278,0.443,4
bel_Cyrl,Cyrl,67.032,84.535,0.4134,0.6323,4
bem_Latn,Latn,60.752,64.625,0.349,0.1997,4
ben_Beng,Beng,103.627,161.215,0.7312,0.5532,4
bho_Deva,Deva,80.578,109.835,0.5408,0.466,4
bjn_Arab,Arab,70.84,78.44,0.5458,0.0365,4
bjn_Latn,Latn,44.017,48.745,0.3019,0.5331,4
bod_Tibt,Tibt,152.25,280.05,0.924,0.087,4
bos_Latn,Latn,45.373,53.485,0.3161,0.9057,4
bug_Latn,Latn,50.853,54.805,0.343,0.257,4
bul_Cyrl,Cyrl,50.528,62.955,0.3373,0.9113,4
cat_Latn,Latn,46.028,50.655,0.2888,0.94,4
ceb_Latn,Latn,52.113,55.275,0.3081,0.5764,4
ces_Latn,Latn,45.017,51.715,0.3307,0.8951,4
cjk_Latn,Latn,52.835,56.34,0.3526,0.1366,4
ckb_Arab,Arab,94.81,112.26,0.6624,0.2839,4
crh_Latn,Latn,48.515,53.57,0.3327,0.479,4
cym_Latn,Latn,52.362,59.915,0.3566,0.5371,4
dan_Latn,Latn,42.082,47.805,0.2848,0.9503,4
deu_Latn,Latn,42.73,46.43,0.2566,0.9641,4
dik_Latn,Latn,72.32,76.85,0.5158,0.16,4
dyu_Latn,Latn,55.665,58.04,0.3907,0.1218,4
dzo_Tibt,Tibt,169.398,306.685,0.9341,0.0257,4
ell_Grek,Grek,76.52,105.3,0.4558,0.7056,4
epo_Latn,Latn,46.058,52.625,0.3238,0.8221,4
est_Latn,Latn,44.4,52.9,0.3231,0.7324,4
eus_Latn,Latn,47.57,56.1,0.3078,0.5737,4
ewe_Latn,Latn,65.648,69.265,0.5071,0.156,4
fao_Latn,Latn,54.08,60.75,0.3679,0.5,4
fij_Latn,Latn,60.832,64.135,0.3571,0.1974,4
fin_Latn,Latn,48.027,58.445,0.3155,0.764,4
fon_Latn,Latn,88.64,96.75,0.5941,0.1325,4
fra_Latn,Latn,44.612,46.905,0.2653,0.9596,4
fur_Latn,Latn,52.392,53.995,0.3305,0.5592,4
fuv_Latn,Latn,48.343,50.775,0.3804,0.1733,4
gaz_Latn,Latn,61.333,66.075,0.3747,0.1186,4
gla_Latn,Latn,63.27,69.78,0.3641,0.3378,4
gle_Latn,Latn,57.14,65.54,0.3543,0.4178,4
glg_Latn,Latn,40.418,44.875,0.2562,0.9636,4
grn_Latn,Latn,59.697,62.305,0.3952,0.2547,4
guj_Gujr,Gujr,130.645,213.4,0.9549,0.5188,4
hat_Latn,Latn,47.47,50.05,0.3605,0.5158,4
hau_Latn,Latn,49.93,56.04,0.3372,0.3618,4
heb_Hebr,Hebr,56.24,75.03,0.5146,0.8464,4
hin_Deva,Deva,71.55,102.22,0.5072,0.6974,4
hne_Deva,Deva,71.718,98.625,0.5254,0.4926,4
hrv_Latn,Latn,44.89,52.9,0.3179,0.8982,4
hun_Latn,Latn,51.415,63.62,0.335,0.8036,4
hye_Armn,Armn,128.332,210.975,0.7919,0.5775,4
ibo_Latn,Latn,66.968,67.255,0.4734,0.2717,4
ilo_Latn,Latn,54.587,58.055,0.3212,0.3623,4
ind_Latn,Latn,38.095,45.47,0.2464,0.9653,4
isl_Latn,Latn,51.115,61.98,0.3647,0.5918,4
ita_Latn,Latn,43.255,47.77,0.2551,0.9624,4
jav_Latn,Latn,43.513,49.635,0.2989,0.6401,4
jpn_Jpan,Jpan,41.028,44.095,0.654,0.8372,4
kab_Latn,Latn,62.115,64.84,0.446,0.0891,4
kac_Latn,Latn,66.868,69.205,0.3626,0.1385,4
kam_Latn,Latn,53.0,55.4,0.392,0.1747,4
kan_Knda,Knda,135.385,227.02,0.9269,0.4775,4
kas_Arab,Arab,81.977,100.045,0.5877,0.2516,4
kas_Deva,Deva,79.708,101.675,0.6125,0.2056,4
kat_Geor,Geor,133.235,221.47,0.8507,0.5161,4
kaz_Cyrl,Cyrl,62.347,87.625,0.4303,0.5485,4
kbp_Latn,Latn,111.347,122.115,0.6879,0.1111,4
kea_Latn,Latn,46.422,49.085,0.3351,0.525,4
khk_Cyrl,Cyrl,66.705,94.06,0.448,0.4542,4
khm_Khmr,Khmr,141.983,229.095,0.8167,0.3694,4
kik_Latn,Latn,69.453,70.995,0.4384,0.1872,4
kin_Latn,Latn,57.967,61.045,0.3694,0.2687,4
kir_Cyrl,Cyrl,59.987,82.725,0.4117,0.4948,4
kmb_Latn,Latn,57.895,62.27,0.3674,0.1409,4
kmr_Latn,Latn,53.883,62.665,0.3863,0.39,4
knc_Arab,Arab,108.073,105.455,0.7757,0.0319,4
knc_Latn,Latn,72.915,78.21,0.4181,0.1449,4
kon_Latn,Latn,53.745,56.59,0.3406,0.2088,4
kor_Hang,Hang,41.41,45.47,0.5951,0.7841,4
lao_Laoo,Laoo,129.34,213.67,0.9009,0.3995,4
lij_Latn,Latn,56.888,57.935,0.3623,0.5517,4
lim_Latn,Latn,53.05,56.1,0.3398,0.5634,4
lin_Latn,Latn,52.152,54.545,0.3422,0.2276,4
lit_Latn,Latn,49.492,60.835,0.3506,0.754,4
lmo_Latn,Latn,56.188,57.595,0.3443,0.5201,4
ltg_Latn,Latn,57.285,63.38,0.4032,0.3311,4
ltz_Latn,Latn,56.477,58.425,0.3484,0.5676,4
lua_Latn,Latn,50.645,53.48,0.3359,0.2068,4
lug_Latn,Latn,52.582,55.595,0.3688,0.1927,4
luo_Latn,Latn,51.168,52.875,0.3444,0.19,4
lus_Latn,Latn,53.688,54.835,0.3438,0.2266,4
lvs_Latn,Latn,55.31,69.49,0.3738,0.7677,4
mag_Deva,Deva,72.56,99.14,0.5342,0.5197,4
mai_Deva,Deva,75.233,100.335,0.5524,0.4598,4
mal_Mlym,Mlym,141.105,236.45,0.879,0.4438,4
mar_Deva,Deva,75.552,110.355,0.5212,0.5645,4
min_Arab,Arab,77.188,85.805,0.5592,0.032,4
min_Latn,Latn,47.505,52.05,0.3092,0.47,4
mkd_Cyrl,Cyrl,52.57,65.86,0.3491,0.8743,4
mlt_Latn,Latn,63.645,65.49,0.4138,0.4993,4
mni_Beng,Beng,131.16,178.76,0.8938,0.0923,4
mos_Latn,Latn,57.805,60.13,0.4497,0.1365,4
mri_Latn,Latn,63.26,66.74,0.4045,0.3062,4
mya_Mymr,Mymr,178.235,299.35,1.0193,0.3068,4
nld_Latn,Latn,41.515,45.84,0.2622,0.9291,4
nno_Latn,Latn,43.657,48.345,0.2985,0.8897,4
nob_Latn,Latn,40.605,45.93,0.2834,0.9427,4
npi_Deva,Deva,70.172,102.825,0.5117,0.5603,4
nso_Latn,Latn,58.13,61.02,0.3673,0.2745,4
nus_Latn,Latn,100.218,111.765,0.6414,0.084,4
nya_Latn,Latn,54.242,58.285,0.3526,0.2789,4
oci_Latn,Latn,50.207,52.355,0.3135,0.7857,4
ory_Orya,Orya,183.642,321.045,1.2675,0.4286,4
pag_Latn,Latn,45.992,47.795,0.3057,0.3893,4
pan_Guru,Guru,133.922,216.345,0.9566,0.472,4
pap_Latn,Latn,47.655,50.53,0.3158,0.5911,4
pbt_Arab,Arab,61.782,80.235,0.4629,0.4827,4
pes_Arab,Arab,47.37,59.38,0.3601,0.8079,4
plt_Latn,Latn,58.43,65.23,0.3369,0.2942,4
pol_Latn,Latn,47.255,54.74,0.3098,0.8869,4
por_Latn,Latn,39.27,42.59,0.2551,0.986,4
prs_Arab,Arab,46.06,57.44,0.3638,0.8032,4
quy_Latn,Latn,56.16,60.18,0.368,0.1947,4
ron_Latn,Latn,47.562,54.435,0.2956,0.9271,4
run_Latn,Latn,63.12,66.36,0.3735,0.2408,4
rus_Cyrl,Cyrl,45.415,51.92,0.2918,0.9374,4
sag_Latn,Latn,64.75,67.16,0.4032,0.1703,4
san_Deva,Deva,80.24,110.24,0.564,0.3672,4
sat_Olck,Olck,176.915,301.32,1.2359,0.0089,4
scn_Latn,Latn,54.042,57.075,0.3587,0.5241,4
shn_Mymr,Mymr,254.202,365.005,1.2454,0.092,4
sin_Sinh,Sinh,137.458,230.135,0.9651,0.376,4
slk_Latn,Latn,46.41,55.18,0.3343,0.8748,4
slv_Latn,Latn,45.8,54.1,0.3196,0.8459,4
smo_Latn,Latn,67.237,68.985,0.3861,0.2797,4
sna_Latn,Latn,56.733,60.495,0.3607,0.2536,4
snd_Arab,Arab,62.158,82.545,0.4907,0.5156,4
som_Latn,Latn,54.242,63.755,0.3334,0.3008,4
sot_Latn,Latn,61.945,65.15,0.359,0.2873,4
spa_Latn,Latn,41.635,44.68,0.2459,0.9622,4
srd_Latn,Latn,53.735,56.43,0.3333,0.551,4
srp_Cyrl,Cyrl,54.123,68.515,0.38,0.8632,4
ssw_Latn,Latn,55.987,60.485,0.3663,0.2228,4
sun_Latn,Latn,45.677,52.395,0.3134,0.5858,4
swe_Latn,Latn,40.413,45.725,0.2823,0.9568,4
swh_Latn,Latn,46.615,55.61,0.3167,0.5575,4
szl_Latn,Latn,57.185,61.16,0.3931,0.5556,4
tam_Taml,Taml,122.507,199.995,0.7416,0.4576,4
taq_Latn,Latn,61.96,65.11,0.4647,0.1548,4
taq_Tfng,Tfng,138.835,218.01,1.0472,0.016,4
tat_Cyrl,Cyrl,72.17,86.72,0.5065,0.4509,4
tel_Telu,Telu,131.96,221.79,0.931,0.4514,4
tgk_Cyrl,Cyrl,74.875,82.68,0.4882,0.4035,4
tgl_Latn,Latn,52.232,57.985,0.2987,0.7101,4
tha_Thai,Thai,53.477,70.815,0.3853,0.7372,4
tir_Ethi,Ethi,120.205,175.56,1.2278,0.1217,4
tpi_Latn,Latn,58.575,59.94,0.3169,0.3794,4
tsn_Latn,Latn,59.685,62.68,0.3572,0.2438,4
tso_Latn,Latn,61.155,64.41,0.3625,0.1925,4
tuk_Latn,Latn,64.2,67.46,0.4036,0.3445,4
tum_Latn,Latn,70.853,76.405,0.3662,0.2019,4
tur_Latn,Latn,39.255,44.49,0.266,0.7983,4
twi_Latn,Latn,61.802,64.935,0.4665,0.2326,4
tzm_Tfng,Tfng,134.465,218.43,1.0736,0.0128,4
uig_Arab,Arab,77.085,110.93,0.5422,0.3694,4
ukr_Cyrl,Cyrl,50.822,61.955,0.3531,0.881,4
umb_Latn,Latn,57.405,60.67,0.38,0.1304,4
urd_Arab,Arab,65.265,90.35,0.4694,0.6477,4
uzn_Latn,Latn,53.468,63.595,0.3305,0.5385,4
vec_Latn,Latn,47.377,49.585,0.3305,0.6962,4
vie_Latn,Latn,40.25,41.9,0.2687,0.9441,4
war_Latn,Latn,51.91,54.79,0.2977,0.5102,4
wol_Latn,Latn,52.572,54.615,0.3908,0.2071,4
xho_Latn,Latn,53.73,58.85,0.3666,0.2931,4
ydd_Hebr,Hebr,85.735,119.99,0.5692,0.4081,4
yor_Latn,Latn,74.903,77.825,0.5577,0.204,4
yue_Hant,Hant,33.195,35.81,0.7624,0.927,4
zho_Hans,Hans,33.627,34.805,0.7016,0.9332,4
zho_Hant,Hant,34.16,37.03,0.7736,0.9193,4
zsm_Latn,Latn,38.865,47.01,0.2473,0.9425,4
zul_Latn,Latn,57.013,62.935,0.3664,0.2833,4
