code,avg,avg_mean,min,max,num_models
kyu_Mymr,0.0017,0.0001,0.0,0.0097,17
cmo_Khmr,0.0017,0.0001,0.0,0.0097,17
ahk_Latn,0.0017,0.0002,0.0,0.0097,17
gnn_Latn,0.0017,0.0001,0.0,0.0097,17
auc_Latn,0.0023,0.0002,0.0,0.0097,17
cop_Copt,0.0023,0.0001,0.0,0.0097,17
kqo_Latn,0.0023,0.0001,0.0,0.0097,17
wbp_Latn,0.0023,0.0004,0.0,0.0097,17
hix_Latn,0.0023,0.0002,0.0,0.0097,17
kqy_Ethi,0.0029,0.0003,0.0,0.0194,17
aeu_Latn,0.0029,0.0003,0.0,0.0097,17
ojs_Cans,0.0029,0.0005,0.0,0.0097,17
aoi_Latn,0.0034,0.0003,0.0,0.0097,17
gub_Latn,0.0034,0.0003,0.0,0.0097,17
lif_Limb,0.0034,0.0003,0.0,0.0097,17
amm_Latn,0.0034,0.0004,0.0,0.0097,17
crm_Cans,0.0034,0.0004,0.0,0.0097,17
tqb_Latn,0.0034,0.0003,0.0,0.0097,17
pww_Thai,0.004,0.0003,0.0,0.0194,17
kss_Latn,0.004,0.0003,0.0,0.0097,17
lhu_Latn,0.004,0.0003,0.0,0.0291,17
rkb_Latn,0.004,0.0005,0.0,0.0097,17
ssx_Latn,0.004,0.0003,0.0,0.0097,17
gbo_Latn,0.0046,0.0006,0.0,0.0097,17
apz_Latn,0.0046,0.0004,0.0,0.0097,17
lhi_Latn,0.0046,0.0003,0.0,0.0097,17
lhm_Latn,0.0046,0.0005,0.0,0.0097,17
dnj_Latn,0.0046,0.0002,0.0,0.0097,17
guk_Ethi,0.0051,0.001,0.0,0.0194,17
apn_Latn,0.0051,0.0009,0.0,0.0194,17
ike_Cans,0.0051,0.0007,0.0,0.0194,17
ted_Latn,0.0051,0.0004,0.0,0.0388,17
ium_Laoo,0.0057,0.0006,0.0,0.0194,17
djr_Latn,0.0057,0.0006,0.0,0.0194,17
mbl_Latn,0.0057,0.0008,0.0,0.0097,17
akh_Latn,0.0057,0.001,0.0,0.0194,17
ktj_Latn,0.0057,0.0004,0.0,0.0291,17
kno_Latn,0.0057,0.0005,0.0,0.0388,17
mcf_Latn,0.0057,0.0008,0.0,0.0194,17
xav_Latn,0.0057,0.0005,0.0,0.0194,17
usa_Latn,0.0057,0.0005,0.0,0.0097,17
zyb_Latn,0.0057,0.0004,0.0,0.0097,17
ake_Latn,0.0063,0.0009,0.0,0.0291,17
ese_Latn,0.0063,0.0007,0.0,0.0097,17
bef_Latn,0.0063,0.0009,0.0,0.0194,17
omw_Latn,0.0063,0.0007,0.0,0.0097,17
tbg_Latn,0.0063,0.0009,0.0,0.0194,17
nwb_Latn,0.0063,0.0006,0.0,0.0194,17
awb_Latn,0.0063,0.001,0.0,0.0194,17
kyg_Latn,0.0063,0.0007,0.0,0.0194,17
mor_Latn,0.0068,0.0015,0.0,0.0194,17
lif_Deva,0.0068,0.0011,0.0,0.0291,17
cjo_Latn,0.0068,0.0009,0.0,0.0194,17
kxc_Ethi,0.0068,0.0009,0.0,0.0291,17
for_Latn,0.0068,0.001,0.0,0.0194,17
tif_Latn,0.0068,0.0009,0.0,0.0291,17
hak_Latn,0.0074,0.001,0.0,0.0194,17
faa_Latn,0.0074,0.0011,0.0,0.0291,17
yle_Latn,0.0074,0.0007,0.0,0.0194,17
urk_Thai,0.0074,0.0013,0.0,0.0291,17
agm_Latn,0.0074,0.0008,0.0,0.0194,17
cbt_Latn,0.0074,0.001,0.0,0.0194,17
urb_Latn,0.0074,0.0011,0.0,0.0194,17
var_Latn,0.0074,0.0014,0.0,0.0194,17
beo_Latn,0.008,0.0014,0.0,0.0388,17
ium_Thai,0.008,0.0008,0.0,0.0291,17
spy_Latn,0.008,0.0009,0.0,0.0291,17
amh_Latn,0.008,0.0008,0.0,0.0291,17
kog_Latn,0.008,0.0008,0.0,0.0291,17
mle_Latn,0.008,0.0015,0.0,0.0291,17
blh_Latn,0.008,0.0014,0.0,0.0291,17
neb_Latn,0.008,0.0012,0.0,0.0388,17
kkc_Latn,0.008,0.0012,0.0,0.0485,17
khs_Latn,0.008,0.001,0.0,0.0194,17
boa_Latn,0.0086,0.0009,0.0,0.0485,17
soy_Latn,0.0086,0.0014,0.0,0.0291,17
mal_Latn,0.0086,0.0013,0.0,0.0194,17
way_Latn,0.0086,0.0013,0.0,0.0291,17
ktb_Ethi,0.0086,0.0018,0.0,0.0291,17
ksw_Mymr,0.0086,0.0021,0.0,0.1262,17
gud_Latn,0.0086,0.0015,0.0,0.0485,17
mtp_Latn,0.0086,0.0009,0.0,0.0291,17
cul_Latn,0.0086,0.001,0.0,0.0291,17
cot_Latn,0.0086,0.0019,0.0,0.0291,17
aak_Latn,0.0086,0.0007,0.0,0.0291,17
kor_Latn,0.0086,0.0015,0.0,0.0194,17
ura_Latn,0.0086,0.0015,0.0,0.0291,17
bhl_Latn,0.0086,0.0009,0.0,0.0388,17
apy_Latn,0.0086,0.0011,0.0,0.0291,17
lom_Latn,0.0086,0.0013,0.0,0.0388,17
pib_Latn,0.0091,0.0019,0.0,0.0291,17
gdn_Latn,0.0091,0.001,0.0,0.0485,17
wwa_Latn,0.0091,0.0013,0.0,0.0388,17
mpt_Latn,0.0091,0.0014,0.0,0.0291,17
tca_Latn,0.0091,0.0011,0.0,0.0291,17
byr_Latn,0.0091,0.0019,0.0,0.0194,17
aso_Latn,0.0091,0.0014,0.0,0.0194,17
big_Latn,0.0091,0.0011,0.0,0.0291,17
waj_Latn,0.0091,0.001,0.0,0.0388,17
hch_Latn,0.0091,0.001,0.0,0.0291,17
lww_Latn,0.0091,0.0019,0.0,0.0291,17
mmo_Latn,0.0091,0.0017,0.0,0.0485,17
xsu_Latn,0.0091,0.0016,0.0,0.0291,17
mav_Latn,0.0091,0.002,0.0,0.0291,17
enb_Latn,0.0097,0.002,0.0,0.0485,17
kbd_Cyrl,0.0097,0.0012,0.0,0.0291,17
wer_Latn,0.0097,0.0017,0.0,0.0485,17
wca_Latn,0.0097,0.0013,0.0,0.0291,17
ubu_Latn,0.0097,0.0013,0.0,0.0291,17
fai_Latn,0.0097,0.0016,0.0,0.0388,17
tnp_Latn,0.0097,0.0013,0.0,0.0194,17
yuw_Latn,0.0097,0.0016,0.0,0.0485,17
lwo_Latn,0.0097,0.0015,0.0,0.0388,17
mcq_Latn,0.0097,0.0008,0.0,0.0291,17
nnw_Latn,0.0097,0.0013,0.0,0.0291,17
chr_Latn,0.0103,0.0037,0.0,0.0291,17
ife_Latn,0.0103,0.0015,0.0,0.0485,17
cjv_Latn,0.0103,0.0019,0.0,0.0291,17
agd_Latn,0.0103,0.001,0.0,0.0388,17
tlf_Latn,0.0103,0.0012,0.0,0.0388,17
ata_Latn,0.0103,0.0015,0.0,0.0388,17
kxm_Thai,0.0103,0.0015,0.0,0.0291,17
gah_Latn,0.0103,0.002,0.0,0.0388,17
bki_Latn,0.0108,0.0016,0.0,0.0291,17
ntu_Latn,0.0108,0.0019,0.0,0.0291,17
yby_Latn,0.0108,0.0011,0.0,0.0388,17
agg_Latn,0.0108,0.0012,0.0,0.0485,17
kyf_Latn,0.0108,0.0017,0.0,0.068,17
uri_Latn,0.0108,0.0013,0.0,0.0485,17
apu_Latn,0.0108,0.0016,0.0,0.0291,17
wob_Latn,0.0108,0.0017,0.0,0.0388,17
enq_Latn,0.0108,0.0017,0.0,0.0291,17
mdy_Ethi,0.0114,0.0016,0.0,0.1165,17
naf_Latn,0.0114,0.0018,0.0,0.0583,17
stp_Latn,0.0114,0.0021,0.0,0.0291,17
lem_Latn,0.0114,0.0019,0.0,0.0485,17
mic_Latn,0.0114,0.002,0.0,0.0388,17
mzm_Latn,0.0114,0.0017,0.0,0.0485,17
mux_Latn,0.0114,0.0015,0.0,0.0583,17
lia_Latn,0.0114,0.0023,0.0,0.0388,17
udu_Latn,0.0114,0.0013,0.0,0.0291,17
dgz_Latn,0.0114,0.002,0.0,0.0485,17
mcb_Latn,0.0114,0.0022,0.0,0.0291,17
mcr_Latn,0.0114,0.002,0.0,0.0291,17
mnf_Latn,0.0114,0.0021,0.0,0.0388,17
bcw_Latn,0.0114,0.0016,0.0,0.0485,17
yre_Latn,0.0114,0.002,0.0,0.0291,17
mil_Latn,0.012,0.0027,0.0,0.0485,17
mfq_Latn,0.012,0.0016,0.0,0.0388,17
ntp_Latn,0.012,0.0025,0.0,0.0388,17
yaq_Latn,0.012,0.0019,0.0,0.0485,17
bnj_Latn,0.012,0.0031,0.0,0.0194,17
ghs_Latn,0.012,0.0018,0.0,0.0291,17
dob_Latn,0.012,0.0036,0.0,0.0291,17
moa_Latn,0.012,0.0015,0.0,0.0388,17
xla_Latn,0.012,0.0027,0.0,0.0291,17
bjv_Latn,0.012,0.0021,0.0,0.0388,17
tac_Latn,0.012,0.0024,0.0,0.0388,17
nnh_Latn,0.012,0.0022,0.0,0.0291,17
xuo_Latn,0.0126,0.0018,0.0,0.0777,17
snp_Latn,0.0126,0.0019,0.0,0.0388,17
tte_Latn,0.0126,0.0021,0.0,0.0485,17
bkv_Latn,0.0126,0.003,0.0,0.0291,17
mda_Latn,0.0126,0.0017,0.0,0.0388,17
nif_Latn,0.0126,0.0019,0.0,0.0777,17
nii_Latn,0.0126,0.0029,0.0,0.0291,17
yml_Latn,0.0126,0.004,0.0,0.0291,17
muy_Latn,0.0126,0.0027,0.0,0.0388,17
kyc_Latn,0.0126,0.0032,0.0,0.0291,17
lob_Latn,0.0126,0.0027,0.0,0.0583,17
cbu_Latn,0.0126,0.002,0.0,0.0291,17
wnc_Latn,0.0126,0.0013,0.0,0.0388,17
iws_Latn,0.0126,0.0017,0.0,0.068,17
jiv_Latn,0.0126,0.002,0.0,0.0388,17
tnn_Latn,0.0131,0.0019,0.0,0.0583,17
kpx_Latn,0.0131,0.0023,0.0,0.0291,17
ter_Latn,0.0131,0.002,0.0,0.0388,17
niy_Latn,0.0131,0.0016,0.0,0.0583,17
yam_Latn,0.0131,0.0018,0.0,0.0485,17
ncu_Latn,0.0131,0.0016,0.0,0.0485,17
oym_Latn,0.0131,0.0015,0.0,0.0388,17
mbj_Latn,0.0131,0.0021,0.0,0.0485,17
ian_Latn,0.0131,0.0024,0.0,0.0388,17
tbz_Latn,0.0131,0.0029,0.0,0.1068,17
lsi_Latn,0.0131,0.0023,0.0,0.0388,17
kvg_Latn,0.0137,0.0031,0.0,0.0291,17
hye_Latn,0.0137,0.0022,0.0,0.0485,17
xsr_Deva,0.0137,0.0019,0.0,0.0388,17
taw_Latn,0.0137,0.0031,0.0,0.0388,17
ppo_Latn,0.0137,0.002,0.0,0.068,17
bzi_Thai,0.0137,0.0024,0.0,0.0485,17
grt_Beng,0.0137,0.0024,0.0,0.0291,17
mox_Latn,0.0137,0.0035,0.0,0.0388,17
lmp_Latn,0.0137,0.0023,0.0,0.0485,17
any_Latn,0.0137,0.0021,0.0,0.068,17
bdh_Latn,0.0137,0.0027,0.0,0.0485,17
ksf_Latn,0.0137,0.002,0.0,0.0583,17
dar_Cyrl,0.0137,0.0025,0.0,0.0388,17
tar_Latn,0.0137,0.0021,0.0,0.0485,17
not_Latn,0.0137,0.0029,0.0,0.0583,17
tvk_Latn,0.0137,0.0027,0.0,0.0388,17
mwp_Latn,0.0137,0.0027,0.0,0.0388,17
kmo_Latn,0.0137,0.0022,0.0,0.0485,17
sld_Latn,0.0137,0.0022,0.0,0.0485,17
shk_Latn,0.0137,0.0023,0.0,0.0583,17
btt_Latn,0.0143,0.0033,0.0,0.0388,17
nas_Latn,0.0143,0.0018,0.0,0.0388,17
sll_Latn,0.0143,0.0028,0.0,0.0485,17
gai_Latn,0.0143,0.0029,0.0,0.0485,17
yad_Latn,0.0143,0.0026,0.0,0.0388,17
zty_Latn,0.0143,0.0028,0.0,0.0291,17
pma_Latn,0.0143,0.0023,0.0,0.0485,17
abt_Latn,0.0143,0.0019,0.0,0.0583,17
knv_Latn,0.0143,0.0022,0.0,0.0777,17
bru_Latn,0.0143,0.0024,0.0,0.0583,17
wib_Latn,0.0143,0.0027,0.0,0.068,17
lee_Latn,0.0143,0.004,0.0,0.0388,17
ava_Cyrl,0.0148,0.0028,0.0,0.0388,17
otq_Latn,0.0148,0.0017,0.0,0.068,17
bmh_Latn,0.0148,0.0042,0.0,0.0388,17
plu_Latn,0.0148,0.0041,0.0,0.0485,17
che_Cyrl,0.0148,0.0028,0.0,0.0388,17
xbr_Latn,0.0148,0.0027,0.0,0.0583,17
mrg_Latn,0.0148,0.004,0.0,0.0388,17
tsw_Latn,0.0148,0.0029,0.0,0.0583,17
xpe_Latn,0.0148,0.0029,0.0,0.0388,17
kup_Latn,0.0148,0.0027,0.0,0.0485,17
gkp_Latn,0.0148,0.003,0.0,0.0485,17
kvj_Latn,0.0154,0.0032,0.0,0.0485,17
yon_Latn,0.0154,0.0034,0.0,0.0485,17
nst_Latn,0.0154,0.0039,0.0,0.0388,17
tee_Latn,0.0154,0.0036,0.0,0.0485,17
atg_Latn,0.0154,0.0032,0.0,0.068,17
hot_Latn,0.0154,0.0027,0.0,0.0777,17
sig_Latn,0.0154,0.0028,0.0,0.0583,17
nhu_Latn,0.0154,0.0031,0.0,0.0388,17
njz_Latn,0.0154,0.0032,0.0,0.0485,17
kpj_Latn,0.0154,0.0028,0.0097,0.0583,17
atb_Latn,0.0154,0.0032,0.0,0.0485,17
tik_Latn,0.016,0.0021,0.0,0.0485,17
ndz_Latn,0.016,0.0028,0.0,0.0388,17
kbr_Latn,0.016,0.0026,0.0,0.0583,17
viv_Latn,0.016,0.0035,0.0,0.0485,17
emp_Latn,0.016,0.0043,0.0,0.0485,17
gvs_Latn,0.016,0.0037,0.0,0.0388,17
ptp_Latn,0.016,0.0046,0.0,0.0583,17
imo_Latn,0.016,0.0022,0.0,0.068,17
ksr_Latn,0.016,0.0026,0.0,0.0485,17
mhx_Latn,0.016,0.0029,0.0,0.0388,17
mbc_Latn,0.016,0.003,0.0,0.0485,17
csk_Latn,0.016,0.003,0.0,0.0485,17
knf_Latn,0.016,0.0038,0.0,0.068,17
aon_Latn,0.0165,0.0032,0.0,0.0485,17
apr_Latn,0.0165,0.0036,0.0,0.0388,17
mlp_Latn,0.0165,0.0032,0.0,0.0388,17
pir_Latn,0.0165,0.0028,0.0,0.0485,17
sat_Latn,0.0165,0.0028,0.0,0.0485,17
muh_Latn,0.0165,0.0033,0.0,0.0388,17
nbq_Latn,0.0165,0.0039,0.0,0.0388,17
ann_Latn,0.0165,0.0051,0.0,0.0485,17
bdd_Latn,0.0165,0.0047,0.0,0.0388,17
awi_Latn,0.0165,0.0034,0.0,0.0485,17
ium_Latn,0.0166,0.0051,0.0,0.1456,17
byx_Latn,0.0166,0.0036,0.0,0.0583,17
tab_Cyrl,0.0166,0.0023,0.0,0.068,17
tnk_Latn,0.0166,0.0031,0.0,0.0777,17
zav_Latn,0.0166,0.0027,0.0,0.068,17
xrb_Latn,0.0166,0.0027,0.0,0.0583,17
etu_Latn,0.0166,0.0036,0.0,0.0583,17
mxq_Latn,0.0166,0.0031,0.0,0.068,17
tpz_Latn,0.0166,0.0031,0.0,0.0583,17
dyi_Latn,0.0166,0.0023,0.0,0.068,17
kyq_Latn,0.0166,0.0032,0.0,0.0777,17
mkl_Latn,0.0166,0.003,0.0,0.0583,17
kxw_Latn,0.0166,0.0034,0.0,0.0583,17
cek_Latn,0.0171,0.0032,0.0,0.0583,17
pbi_Latn,0.0171,0.0052,0.0097,0.0388,17
acd_Latn,0.0171,0.0035,0.0,0.0485,17
ycn_Latn,0.0171,0.0043,0.0,0.0485,17
mpx_Latn,0.0171,0.0043,0.0,0.0583,17
wnu_Latn,0.0171,0.0037,0.0,0.0485,17
kiw_Latn,0.0171,0.0028,0.0,0.068,17
kbq_Latn,0.0171,0.003,0.0,0.0485,17
xsm_Latn,0.0171,0.0025,0.0,0.0777,17
tof_Latn,0.0171,0.0034,0.0,0.0777,17
maw_Latn,0.0171,0.0028,0.0,0.068,17
uvh_Latn,0.0177,0.0032,0.0,0.0485,17
bfo_Latn,0.0177,0.005,0.0,0.0485,17
tim_Latn,0.0177,0.0028,0.0,0.0777,17
ald_Latn,0.0177,0.0034,0.0,0.0777,17
bmu_Latn,0.0177,0.0019,0.0,0.068,17
ojb_Latn,0.0177,0.0025,0.0,0.068,17
kan_Latn,0.0177,0.0028,0.0,0.0583,17
hui_Latn,0.0177,0.0057,0.0,0.0971,17
bex_Latn,0.0177,0.0031,0.0,0.0874,17
gnd_Latn,0.0177,0.0033,0.0,0.0485,17
shj_Latn,0.0177,0.0047,0.0,0.068,17
bsp_Latn,0.0177,0.0029,0.0,0.0971,17
taq_Latn,0.0177,0.0026,0.0,0.068,17
log_Latn,0.0177,0.0029,0.0,0.068,17
roo_Latn,0.0177,0.0022,0.0,0.0583,17
cco_Latn,0.0177,0.0042,0.0,0.0485,17
dah_Latn,0.0177,0.0025,0.0,0.0874,17
vut_Latn,0.0177,0.003,0.0,0.068,17
hig_Latn,0.0177,0.0043,0.0,0.0485,17
zam_Latn,0.0177,0.0028,0.0,0.1068,17
upv_Latn,0.0183,0.0032,0.0,0.0777,17
awk_Latn,0.0183,0.0039,0.0,0.068,17
sim_Latn,0.0183,0.0037,0.0,0.0485,17
ojb_Cans,0.0183,0.0023,0.0,0.0874,17
ctp_Latn,0.0183,0.0042,0.0,0.0583,17
mqb_Latn,0.0183,0.0031,0.0,0.0874,17
trc_Latn,0.0183,0.0036,0.0,0.0583,17
lbj_Tibt,0.0183,0.0016,0.0,0.2524,17
cso_Latn,0.0183,0.0035,0.0,0.0583,17
ded_Latn,0.0183,0.0034,0.0,0.0777,17
ken_Latn,0.0183,0.0038,0.0,0.068,17
tbo_Latn,0.0183,0.0038,0.0,0.0485,17
nop_Latn,0.0183,0.0038,0.0,0.0485,17
noa_Latn,0.0183,0.0033,0.0,0.0485,17
dop_Latn,0.0188,0.0027,0.0,0.1262,17
soq_Latn,0.0188,0.0058,0.0,0.0583,17
yuj_Latn,0.0188,0.0027,0.0,0.068,17
nng_Latn,0.0188,0.0029,0.0,0.0485,17
boj_Latn,0.0188,0.0041,0.0,0.068,17
aii_Syrc,0.0188,0.004,0.0,0.1262,17
mbi_Latn,0.0188,0.0028,0.0,0.0583,17
box_Latn,0.0188,0.0033,0.0,0.068,17
dgr_Latn,0.0188,0.0026,0.0,0.068,17
xed_Latn,0.0188,0.005,0.0,0.0583,17
gkn_Latn,0.0188,0.0042,0.0,0.0583,17
asg_Latn,0.0188,0.005,0.0,0.0971,17
dur_Latn,0.0188,0.0032,0.0,0.068,17
dts_Latn,0.0188,0.0036,0.0,0.068,17
cwt_Latn,0.0188,0.0063,0.0,0.0583,17
cuc_Latn,0.0188,0.0038,0.0,0.0583,17
coe_Latn,0.0188,0.0043,0.0,0.0485,17
nak_Latn,0.0188,0.004,0.0,0.0388,17
tbl_Latn,0.0188,0.0048,0.0,0.0388,17
wos_Latn,0.0188,0.0023,0.0,0.068,17
ozm_Latn,0.0188,0.0036,0.0,0.0874,17
zpz_Latn,0.0188,0.0043,0.0,0.0485,17
amn_Latn,0.0188,0.0042,0.0,0.0485,17
nca_Latn,0.0188,0.0042,0.0,0.0777,17
ntr_Latn,0.0188,0.0042,0.0,0.0583,17
yut_Latn,0.0188,0.0036,0.0,0.0971,17
gvf_Latn,0.0188,0.0036,0.0097,0.0583,17
gqr_Latn,0.0188,0.0038,0.0097,0.0583,17
cnl_Latn,0.0194,0.0029,0.0,0.068,17
bon_Latn,0.0194,0.0034,0.0,0.068,17
naw_Latn,0.0194,0.0025,0.0,0.0874,17
zpv_Latn,0.0194,0.0044,0.0,0.068,17
kwj_Latn,0.0194,0.0028,0.0,0.0874,17
gam_Latn,0.0194,0.003,0.0,0.0874,17
spp_Latn,0.0194,0.0031,0.0,0.068,17
mna_Latn,0.0194,0.004,0.0,0.0485,17
agx_Cyrl,0.0194,0.0055,0.0,0.0485,17
nuy_Latn,0.0194,0.0047,0.0,0.068,17
tav_Latn,0.0194,0.003,0.0,0.0777,17
xsi_Latn,0.02,0.003,0.0,0.0583,17
kew_Latn,0.02,0.0049,0.0,0.0777,17
bwq_Latn,0.02,0.0044,0.0,0.068,17
nhr_Latn,0.02,0.0026,0.0,0.1068,17
tuo_Latn,0.02,0.003,0.0,0.0777,17
kud_Latn,0.02,0.0056,0.0097,0.0485,17
urw_Latn,0.02,0.0037,0.0,0.0485,17
anv_Latn,0.02,0.0038,0.0,0.0874,17
kru_Deva,0.02,0.004,0.0,0.0583,17
myk_Latn,0.02,0.0035,0.0,0.1165,17
nma_Latn,0.02,0.0042,0.0,0.0583,17
cas_Latn,0.02,0.004,0.0,0.0777,17
ixl_Latn,0.02,0.0056,0.0,0.0485,17
thk_Latn,0.02,0.0045,0.0,0.1359,17
snn_Latn,0.02,0.005,0.0,0.068,17
cmo_Latn,0.02,0.0037,0.0,0.068,17
pad_Latn,0.02,0.0033,0.0,0.068,17
mcu_Latn,0.02,0.0055,0.0097,0.0485,17
xal_Cyrl,0.0205,0.0037,0.0,0.1359,17
ote_Latn,0.0205,0.0031,0.0,0.0874,17
ayo_Latn,0.0205,0.0039,0.0,0.068,17
vag_Latn,0.0205,0.0068,0.0097,0.0583,17
acn_Latn,0.0205,0.0045,0.0,0.0388,17
kgk_Latn,0.0205,0.0047,0.0,0.0777,17
gvc_Latn,0.0205,0.0042,0.0,0.068,17
arl_Latn,0.0205,0.0037,0.0,0.0485,17
cui_Latn,0.0205,0.0043,0.0,0.0777,17
ame_Latn,0.0205,0.0077,0.0097,0.068,17
nwi_Latn,0.0205,0.0037,0.0,0.0583,17
las_Latn,0.0206,0.0047,0.0,0.0777,17
cao_Latn,0.0206,0.0045,0.0,0.068,17
kgp_Latn,0.0206,0.0037,0.0,0.0583,17
kuj_Latn,0.0206,0.0033,0.0,0.1068,17
pfe_Latn,0.0206,0.0041,0.0,0.0777,17
cub_Latn,0.0206,0.005,0.0,0.068,17
ndi_Latn,0.0211,0.0033,0.0,0.068,17
njb_Latn,0.0211,0.0047,0.0,0.0777,17
nnp_Latn,0.0211,0.0043,0.0,0.0874,17
ttc_Latn,0.0211,0.0045,0.0097,0.0777,17
bbr_Latn,0.0211,0.0052,0.0097,0.0485,17
jra_Latn,0.0211,0.005,0.0,0.0583,17
ksp_Latn,0.0211,0.0062,0.0,0.068,17
cta_Latn,0.0211,0.0029,0.0,0.0583,17
tob_Latn,0.0211,0.004,0.0,0.0485,17
bvr_Latn,0.0211,0.0044,0.0,0.068,17
myb_Latn,0.0211,0.0068,0.0097,0.0583,17
kpz_Latn,0.0211,0.0056,0.0,0.068,17
klv_Latn,0.0217,0.0046,0.0097,0.0874,17
nsn_Latn,0.0217,0.0052,0.0,0.0874,17
bsn_Latn,0.0217,0.0043,0.0,0.0583,17
mlh_Latn,0.0217,0.0034,0.0,0.1068,17
ape_Latn,0.0217,0.0049,0.0,0.068,17
mcp_Latn,0.0217,0.0047,0.0,0.1068,17
mur_Latn,0.0217,0.0038,0.0,0.068,17
tuf_Latn,0.0217,0.0064,0.0,0.068,17
khy_Latn,0.0217,0.0064,0.0,0.0874,17
kjs_Latn,0.0217,0.0043,0.0,0.0583,17
sps_Latn,0.0217,0.0045,0.0,0.068,17
dgi_Latn,0.0217,0.0038,0.0,0.0874,17
kqp_Latn,0.0217,0.0059,0.0097,0.0583,17
aau_Latn,0.0217,0.0047,0.0,0.1068,17
mbt_Latn,0.0217,0.0054,0.0,0.1068,17
mva_Latn,0.0217,0.0052,0.0,0.0485,17
sbd_Latn,0.0217,0.004,0.0,0.0777,17
kaq_Latn,0.0217,0.005,0.0097,0.0485,17
des_Latn,0.0217,0.0052,0.0,0.0485,17
mhl_Latn,0.0217,0.0054,0.0,0.0777,17
mee_Latn,0.0217,0.0049,0.0,0.0583,17
tem_Latn,0.0217,0.0063,0.0,0.068,17
lac_Latn,0.0217,0.0066,0.0,0.0583,17
aer_Latn,0.0217,0.0042,0.0,0.068,17
kub_Latn,0.0217,0.0046,0.0,0.068,17
dwr_Latn,0.0217,0.0053,0.0097,0.068,17
crq_Latn,0.0223,0.0057,0.0,0.0583,17
yss_Latn,0.0223,0.0061,0.0,0.0583,17
mxv_Latn,0.0223,0.0043,0.0,0.0777,17
alq_Latn,0.0223,0.005,0.0,0.068,17
crt_Latn,0.0223,0.0057,0.0,0.0583,17
ong_Latn,0.0223,0.006,0.0,0.068,17
bzh_Latn,0.0223,0.005,0.0,0.0971,17
mps_Latn,0.0223,0.0046,0.0,0.1165,17
amf_Latn,0.0223,0.0055,0.0097,0.0485,17
kdl_Latn,0.0223,0.0072,0.0,0.0971,17
mza_Latn,0.0223,0.0056,0.0,0.068,17
apb_Latn,0.0223,0.0048,0.0,0.0583,17
gde_Latn,0.0223,0.0051,0.0,0.0971,17
aom_Latn,0.0223,0.005,0.0,0.0777,17
bvd_Latn,0.0223,0.005,0.0,0.0485,17
kbm_Latn,0.0223,0.0064,0.0,0.068,17
mif_Latn,0.0223,0.0039,0.0,0.0874,17
nav_Latn,0.0223,0.0035,0.0,0.0874,17
cok_Latn,0.0223,0.0034,0.0,0.0874,17
azg_Latn,0.0228,0.0078,0.0097,0.0874,17
kff_Telu,0.0228,0.0032,0.0,0.1165,17
nan_Latn,0.0228,0.0054,0.0,0.1553,17
nzm_Latn,0.0228,0.0051,0.0,0.0777,17
meq_Latn,0.0228,0.0045,0.0,0.0777,17
uvl_Latn,0.0228,0.0069,0.0097,0.0485,17
gng_Latn,0.0228,0.0059,0.0,0.068,17
bss_Latn,0.0228,0.0053,0.0,0.0777,17
mfi_Latn,0.0228,0.0041,0.0,0.0777,17
nlc_Latn,0.0228,0.005,0.0,0.068,17
pah_Latn,0.0228,0.0032,0.0,0.0777,17
chz_Latn,0.0228,0.004,0.0,0.1165,17
jbu_Latn,0.0228,0.0048,0.0,0.0777,17
gof_Latn,0.0228,0.0055,0.0097,0.068,17
cme_Latn,0.0228,0.0057,0.0097,0.0777,17
zpm_Latn,0.0228,0.0049,0.0,0.0777,17
izr_Latn,0.0228,0.0056,0.0,0.0583,17
mta_Latn,0.0228,0.0037,0.0,0.068,17
agu_Latn,0.0228,0.0062,0.0,0.0485,17
kkj_Latn,0.0228,0.0044,0.0,0.0583,17
kto_Latn,0.0228,0.0072,0.0097,0.0777,17
bib_Latn,0.0228,0.0045,0.0097,0.0971,17
lid_Latn,0.0228,0.0045,0.0,0.0874,17
bmr_Latn,0.0228,0.0061,0.0,0.0874,17
ctu_Latn,0.0228,0.0055,0.0,0.0583,17
bsj_Latn,0.0228,0.006,0.0,0.0583,17
snf_Latn,0.0228,0.0045,0.0,0.068,17
kwd_Latn,0.0228,0.0055,0.0,0.068,17
sil_Latn,0.0228,0.0046,0.0,0.0583,17
khk_Latn,0.0234,0.0065,0.0,0.0583,17
gaw_Latn,0.0234,0.0057,0.0,0.0971,17
bwu_Latn,0.0234,0.0061,0.0,0.0583,17
bao_Latn,0.0234,0.0049,0.0,0.0971,17
tro_Latn,0.0234,0.0056,0.0,0.0777,17
bpr_Latn,0.0234,0.0058,0.0,0.068,17
mfh_Latn,0.0234,0.0061,0.0,0.068,17
ckt_Cyrl,0.0234,0.0044,0.0,0.0971,17
kbc_Latn,0.0234,0.0048,0.0,0.1068,17
sgz_Latn,0.0234,0.0054,0.0,0.0777,17
tcc_Latn,0.0234,0.0073,0.0097,0.0777,17
miz_Latn,0.0234,0.0062,0.0,0.1068,17
mbh_Latn,0.0234,0.0053,0.0,0.0971,17
mcd_Latn,0.0234,0.0053,0.0,0.0777,17
bqp_Latn,0.024,0.0056,0.0,0.0777,17
mtg_Latn,0.024,0.0049,0.0,0.0777,17
bus_Latn,0.024,0.0052,0.0,0.0874,17
sri_Latn,0.024,0.0048,0.0,0.0971,17
guh_Latn,0.024,0.0051,0.0,0.0583,17
crn_Latn,0.024,0.003,0.0,0.1068,17
yva_Latn,0.024,0.0058,0.0,0.068,17
nin_Latn,0.024,0.0064,0.0,0.1068,17
bud_Latn,0.024,0.0049,0.0,0.0874,17
dru_Latn,0.024,0.0072,0.0,0.0583,17
mto_Latn,0.024,0.0039,0.0,0.0971,17
dow_Latn,0.024,0.007,0.0097,0.0777,17
tue_Latn,0.024,0.0045,0.0,0.1068,17
mmx_Latn,0.024,0.0083,0.0097,0.0583,17
cbc_Latn,0.024,0.0043,0.0,0.0971,17
kvn_Latn,0.024,0.0067,0.0,0.068,17
moc_Latn,0.024,0.0047,0.0097,0.0874,17
plg_Latn,0.024,0.004,0.0,0.0874,17
arp_Latn,0.024,0.0069,0.0097,0.068,17
bps_Latn,0.024,0.007,0.0097,0.0874,17
kma_Latn,0.024,0.0046,0.0,0.0971,17
bav_Latn,0.024,0.0057,0.0,0.0971,17
buk_Latn,0.024,0.004,0.0,0.0971,17
hto_Latn,0.024,0.0047,0.0,0.1068,17
myy_Latn,0.024,0.0079,0.0,0.0874,17
sue_Latn,0.024,0.0042,0.0,0.0874,17
gjn_Latn,0.0245,0.0051,0.0,0.0874,17
shi_Latn,0.0245,0.0057,0.0,0.1553,17
cya_Latn,0.0245,0.0067,0.0,0.0777,17
yal_Latn,0.0245,0.0062,0.0097,0.068,17
kix_Latn,0.0245,0.0047,0.0,0.0971,17
cbr_Latn,0.0245,0.007,0.0,0.0777,17
ndp_Latn,0.0245,0.0072,0.0097,0.0777,17
stn_Latn,0.0245,0.005,0.0,0.0777,17
dww_Latn,0.0245,0.006,0.0,0.068,17
bsc_Latn,0.0245,0.0052,0.0,0.1068,17
mwq_Latn,0.0245,0.0038,0.0,0.1068,17
daa_Latn,0.0245,0.0057,0.0,0.0777,17
kms_Latn,0.0245,0.0042,0.0,0.0777,17
otm_Latn,0.0246,0.0054,0.0,0.1068,17
hlt_Latn,0.0246,0.005,0.0,0.0874,17
urt_Latn,0.0246,0.005,0.0,0.0777,17
szb_Latn,0.0246,0.0057,0.0,0.0777,17
caq_Latn,0.0251,0.0062,0.0,0.1748,17
cnt_Latn,0.0251,0.005,0.0,0.0777,17
mpp_Latn,0.0251,0.0051,0.0,0.0971,17
ons_Latn,0.0251,0.0056,0.0,0.068,17
hag_Latn,0.0251,0.0046,0.0,0.1165,17
zia_Latn,0.0251,0.0048,0.0,0.0874,17
cbv_Latn,0.0251,0.0055,0.0,0.0874,17
amk_Latn,0.0251,0.0074,0.0,0.068,17
fad_Latn,0.0251,0.0054,0.0,0.0777,17
kgf_Latn,0.0251,0.0057,0.0,0.0971,17
jni_Latn,0.0251,0.0051,0.0,0.068,17
gid_Latn,0.0251,0.0072,0.0097,0.0874,17
yaa_Latn,0.0251,0.0061,0.0,0.1068,17
kue_Latn,0.0251,0.0043,0.0,0.1068,17
nmo_Latn,0.0251,0.0057,0.0,0.0971,17
nbu_Latn,0.0251,0.0049,0.0,0.0971,17
eri_Latn,0.0251,0.0072,0.0097,0.068,17
pri_Latn,0.0251,0.005,0.0,0.1068,17
cly_Latn,0.0251,0.0068,0.0,0.0777,17
acu_Latn,0.0257,0.0058,0.0,0.0971,17
dtp_Latn,0.0257,0.0045,0.0,0.0874,17
adl_Latn,0.0257,0.0056,0.0,0.0874,17
suz_Deva,0.0257,0.0051,0.0,0.1262,17
gdr_Latn,0.0257,0.0045,0.0,0.0874,17
tos_Latn,0.0257,0.0038,0.0,0.0971,17
cav_Latn,0.0257,0.0083,0.0,0.0777,17
tzo_Latn,0.0257,0.0061,0.0,0.0777,17
cpa_Latn,0.0257,0.0052,0.0,0.0874,17
ssd_Latn,0.0257,0.0052,0.0,0.0971,17
cko_Latn,0.0257,0.005,0.0,0.1068,17
aly_Latn,0.0257,0.0049,0.0,0.068,17
npo_Latn,0.0257,0.0052,0.0,0.0874,17
bmq_Latn,0.0257,0.0081,0.0,0.0583,17
rug_Latn,0.0257,0.0056,0.0,0.1456,17
pon_Latn,0.0257,0.0075,0.0,0.1748,17
jic_Latn,0.0257,0.0054,0.0,0.0874,17
zad_Latn,0.0263,0.0066,0.0,0.0777,17
knk_Latn,0.0263,0.0046,0.0,0.1942,17
iri_Latn,0.0263,0.0089,0.0,0.1068,17
nko_Latn,0.0263,0.0062,0.0,0.1165,17
aia_Latn,0.0263,0.006,0.0,0.0971,17
ade_Latn,0.0263,0.0046,0.0,0.1165,17
dis_Latn,0.0263,0.0054,0.0097,0.0971,17
mbb_Latn,0.0263,0.0048,0.0,0.0874,17
caf_Latn,0.0263,0.006,0.0,0.0874,17
kqs_Latn,0.0263,0.0057,0.0,0.068,17
guq_Latn,0.0263,0.0081,0.0097,0.0777,17
mbd_Latn,0.0263,0.0047,0.0,0.0971,17
cbi_Latn,0.0263,0.0054,0.0,0.1068,17
guc_Latn,0.0263,0.0073,0.0097,0.068,17
aey_Latn,0.0263,0.0047,0.0,0.068,17
att_Latn,0.0263,0.0094,0.0097,0.068,17
men_Latn,0.0263,0.0058,0.0097,0.068,17
mvn_Latn,0.0268,0.0079,0.0,0.068,17
mio_Latn,0.0268,0.0053,0.0,0.1068,17
dik_Latn,0.0268,0.0077,0.0097,0.165,17
gvl_Latn,0.0268,0.0056,0.0,0.0874,17
hla_Latn,0.0268,0.007,0.0,0.0777,17
mks_Latn,0.0268,0.0058,0.0,0.0874,17
shn_Mymr,0.0268,0.0024,0.0,0.3981,17
tgo_Latn,0.0268,0.0073,0.0,0.0971,17
mfk_Latn,0.0268,0.0048,0.0,0.1359,17
sur_Latn,0.0268,0.0058,0.0,0.0874,17
chq_Latn,0.0268,0.0054,0.0,0.1068,17
cap_Latn,0.0268,0.0048,0.0,0.068,17
miy_Latn,0.0268,0.0043,0.0,0.0971,17
nhw_Latn,0.0268,0.0064,0.0,0.0583,17
trp_Latn,0.0268,0.0058,0.0,0.1068,17
sba_Latn,0.0268,0.0067,0.0,0.1165,17
zsr_Latn,0.0268,0.0066,0.0,0.1068,17
zar_Latn,0.0268,0.0059,0.0,0.0777,17
mzw_Latn,0.0268,0.0066,0.0,0.0971,17
sab_Latn,0.0268,0.0063,0.0,0.0777,17
bfd_Latn,0.0268,0.004,0.0,0.1068,17
mwm_Latn,0.0268,0.0064,0.0,0.1553,17
jae_Latn,0.0268,0.0057,0.0,0.1068,17
bom_Latn,0.0268,0.0054,0.0,0.0971,17
naq_Latn,0.0274,0.0063,0.0,0.1068,17
bqj_Latn,0.0274,0.0087,0.0097,0.0777,17
sgw_Ethi,0.0274,0.0051,0.0,0.1553,17
emi_Latn,0.0274,0.0068,0.0097,0.1068,17
con_Latn,0.0274,0.0072,0.0,0.0874,17
loq_Latn,0.0274,0.007,0.0,0.1359,17
adj_Latn,0.0274,0.0045,0.0,0.1068,17
tby_Latn,0.0274,0.0072,0.0,0.0777,17
maq_Latn,0.0274,0.0065,0.0,0.0777,17
gum_Latn,0.0274,0.0062,0.0097,0.0971,17
gbi_Latn,0.0274,0.0069,0.0,0.0971,17
nmz_Latn,0.0274,0.0064,0.0,0.0971,17
ksj_Latn,0.0274,0.0053,0.0,0.1165,17
huu_Latn,0.0274,0.005,0.0,0.0971,17
sus_Latn,0.0274,0.0058,0.0,0.1068,17
gfk_Latn,0.0274,0.009,0.0097,0.0874,17
hub_Latn,0.0274,0.0085,0.0097,0.0583,17
trn_Latn,0.0274,0.0052,0.0097,0.0971,17
mxp_Latn,0.0274,0.0037,0.0,0.1262,17
hop_Latn,0.028,0.0048,0.0,0.1262,17
ria_Latn,0.028,0.0058,0.0,0.0777,17
taj_Deva,0.028,0.0048,0.0,0.1068,17
pab_Latn,0.028,0.0073,0.0097,0.0777,17
nyy_Latn,0.028,0.0082,0.0,0.1456,17
njm_Latn,0.028,0.006,0.0,0.1456,17
eka_Latn,0.028,0.0076,0.0097,0.0971,17
bku_Latn,0.028,0.0085,0.0097,0.0777,17
mti_Latn,0.028,0.0078,0.0,0.1068,17
pwg_Latn,0.028,0.0061,0.0,0.0971,17
met_Latn,0.028,0.0073,0.0,0.0971,17
crx_Latn,0.028,0.0055,0.0,0.0874,17
snc_Latn,0.028,0.0057,0.0,0.1553,17
nre_Latn,0.028,0.007,0.0,0.1456,17
maj_Latn,0.028,0.0047,0.0,0.1359,17
leu_Latn,0.028,0.0099,0.0097,0.0777,17
cut_Latn,0.0285,0.0081,0.0,0.0971,17
cuk_Latn,0.0285,0.0089,0.0,0.0874,17
otn_Latn,0.0285,0.006,0.0,0.0971,17
rad_Latn,0.0285,0.0062,0.0,0.1359,17
jac_Latn,0.0285,0.0075,0.0,0.0971,17
iqw_Latn,0.0285,0.0068,0.0,0.1068,17
sja_Latn,0.0285,0.0069,0.0,0.0777,17
atd_Latn,0.0285,0.0077,0.0,0.0874,17
kmg_Latn,0.0285,0.0063,0.0097,0.0971,17
zyp_Latn,0.0285,0.0065,0.0097,0.0971,17
mau_Latn,0.0285,0.0058,0.0,0.1068,17
nhe_Latn,0.0285,0.007,0.0,0.0583,17
tbc_Latn,0.0285,0.0071,0.0,0.1165,17
msy_Latn,0.0285,0.0065,0.0,0.0971,17
trq_Latn,0.0285,0.0069,0.0,0.1262,17
kpf_Latn,0.0285,0.0087,0.0097,0.1165,17
wap_Latn,0.0286,0.0039,0.0,0.0971,17
anm_Latn,0.0291,0.0066,0.0,0.1165,17
pmx_Latn,0.0291,0.0068,0.0097,0.0971,17
enl_Latn,0.0291,0.0074,0.0,0.1165,17
zpi_Latn,0.0291,0.0083,0.0097,0.0874,17
tui_Latn,0.0291,0.0096,0.0097,0.1553,17
dyo_Latn,0.0291,0.0082,0.0097,0.0777,17
biv_Latn,0.0291,0.0071,0.0,0.1068,17
gux_Latn,0.0291,0.0077,0.0,0.0971,17
esk_Latn,0.0291,0.0085,0.0097,0.1068,17
cth_Latn,0.0291,0.0098,0.0097,0.0777,17
nph_Latn,0.0291,0.0056,0.0097,0.1262,17
nch_Latn,0.0291,0.0076,0.0097,0.068,17
enx_Latn,0.0291,0.0071,0.0,0.1165,17
tiy_Latn,0.0291,0.0084,0.0097,0.0777,17
agr_Latn,0.0297,0.0084,0.0,0.0777,17
ajz_Latn,0.0297,0.0076,0.0097,0.1068,17
mop_Latn,0.0297,0.0084,0.0097,0.0874,17
lol_Latn,0.0297,0.0094,0.0,0.1262,17
nmh_Latn,0.0297,0.0066,0.0,0.1359,17
mjw_Latn,0.0297,0.0089,0.0097,0.0971,17
suc_Latn,0.0297,0.0066,0.0,0.1165,17
bkq_Latn,0.0297,0.0086,0.0,0.0971,17
lmk_Latn,0.0297,0.0067,0.0,0.1165,17
yim_Latn,0.0297,0.0074,0.0,0.0874,17
tpm_Latn,0.0297,0.0082,0.0,0.1456,17
car_Latn,0.0297,0.0063,0.0,0.1553,17
alp_Latn,0.0302,0.0103,0.0097,0.0874,17
lex_Latn,0.0303,0.0092,0.0097,0.0971,17
lgl_Latn,0.0303,0.0077,0.0,0.1262,17
zas_Latn,0.0303,0.0104,0.0097,0.0874,17
yrk_Cyrl,0.0303,0.0079,0.0,0.0971,17
eve_Cyrl,0.0303,0.0061,0.0,0.1068,17
tlb_Latn,0.0303,0.0081,0.0,0.1456,17
cle_Latn,0.0303,0.005,0.0,0.1262,17
avt_Latn,0.0303,0.0075,0.0097,0.1262,17
cof_Latn,0.0303,0.0099,0.0,0.068,17
ots_Latn,0.0303,0.0082,0.0097,0.1262,17
maz_Latn,0.0303,0.0063,0.0,0.0874,17
tpt_Latn,0.0303,0.0062,0.0,0.1165,17
bzd_Latn,0.0303,0.009,0.0097,0.1456,17
azz_Latn,0.0303,0.009,0.0097,0.0874,17
ses_Latn,0.0303,0.0088,0.0097,0.0971,17
kwf_Latn,0.0303,0.0066,0.0,0.1165,17
yuz_Latn,0.0303,0.0101,0.0,0.0777,17
toj_Latn,0.0303,0.0071,0.0097,0.0874,17
zca_Latn,0.0303,0.0074,0.0,0.1165,17
amu_Latn,0.0308,0.0055,0.0,0.1262,17
mpg_Latn,0.0308,0.0079,0.0,0.1359,17
mwe_Latn,0.0308,0.0076,0.0097,0.165,17
snw_Latn,0.0308,0.0082,0.0097,0.1262,17
gil_Latn,0.0308,0.0077,0.0,0.1748,17
nys_Latn,0.0308,0.0093,0.0097,0.1165,17
nou_Latn,0.0308,0.0073,0.0097,0.1068,17
zpq_Latn,0.0308,0.0064,0.0,0.0874,17
apw_Latn,0.0308,0.0059,0.0,0.0971,17
khz_Latn,0.0308,0.0075,0.0,0.1262,17
bjk_Latn,0.0308,0.0092,0.0097,0.0971,17
nbc_Latn,0.0308,0.0094,0.0097,0.1456,17
nxd_Latn,0.0308,0.0081,0.0097,0.1359,17
ikw_Latn,0.0308,0.0091,0.0,0.1359,17
mxb_Latn,0.0308,0.0059,0.0,0.1165,17
blw_Latn,0.0308,0.009,0.0097,0.0874,17
esi_Latn,0.0314,0.0087,0.0097,0.1165,17
mzl_Latn,0.0314,0.0042,0.0,0.1262,17
njo_Latn,0.0314,0.0072,0.0,0.1165,17
xon_Latn,0.0314,0.0096,0.0097,0.1068,17
maa_Latn,0.0314,0.0096,0.0097,0.1165,17
irk_Latn,0.0314,0.0074,0.0,0.1165,17
ign_Latn,0.0314,0.0059,0.0,0.1165,17
tew_Latn,0.0314,0.0062,0.0,0.1068,17
bqc_Latn,0.0314,0.0096,0.0,0.2233,17
kdj_Latn,0.0314,0.0102,0.0097,0.1262,17
kez_Latn,0.0314,0.005,0.0,0.1262,17
kbh_Latn,0.0314,0.0102,0.0097,0.0874,17
adi_Latn,0.0314,0.0088,0.0097,0.1165,17
cab_Latn,0.0314,0.0065,0.0,0.0777,17
ssg_Latn,0.0314,0.0062,0.0097,0.1165,17
gnw_Latn,0.0314,0.0069,0.0,0.1165,17
jid_Latn,0.032,0.0114,0.0097,0.1359,17
mse_Latn,0.032,0.0124,0.0097,0.0777,17
nsa_Latn,0.032,0.0073,0.0097,0.1068,17
zpo_Latn,0.032,0.0093,0.0097,0.0971,17
poh_Latn,0.032,0.0097,0.0097,0.0874,17
amo_Latn,0.032,0.0089,0.0097,0.1359,17
nnl_Latn,0.032,0.0078,0.0097,0.1165,17
obo_Latn,0.032,0.0077,0.0097,0.1165,17
kje_Latn,0.0325,0.0117,0.0097,0.0874,17
mjc_Latn,0.0325,0.0089,0.0,0.0874,17
poe_Latn,0.0325,0.0093,0.0097,0.1262,17
kal_Latn,0.0325,0.0088,0.0,0.0777,17
njn_Latn,0.0325,0.0086,0.0097,0.1359,17
zao_Latn,0.0325,0.0089,0.0,0.0874,17
pua_Latn,0.0325,0.0101,0.0097,0.0971,17
tsz_Latn,0.0325,0.0101,0.0097,0.0971,17
apt_Latn,0.0325,0.0082,0.0097,0.1845,17
bhg_Latn,0.0325,0.0102,0.0097,0.1068,17
tuc_Latn,0.0325,0.01,0.0097,0.1165,17
zae_Latn,0.0325,0.0073,0.0097,0.1359,17
mgh_Latn,0.0325,0.0092,0.0,0.1068,17
guo_Latn,0.0325,0.0069,0.0,0.1165,17
rro_Latn,0.0325,0.0098,0.0097,0.1359,17
nia_Latn,0.0325,0.0087,0.0,0.1068,17
lef_Latn,0.0326,0.0077,0.0,0.1359,17
srq_Latn,0.0326,0.0073,0.0,0.1262,17
dad_Latn,0.0331,0.009,0.0097,0.1359,17
gur_Latn,0.0331,0.0078,0.0,0.1068,17
knj_Latn,0.0331,0.0084,0.0,0.0971,17
toc_Latn,0.0331,0.0048,0.0,0.1845,17
nsm_Latn,0.0331,0.0078,0.0,0.1262,17
kek_Latn,0.0331,0.0074,0.0097,0.1068,17
mxt_Latn,0.0331,0.0095,0.0097,0.0777,17
far_Latn,0.0331,0.0088,0.0,0.0971,17
ceg_Latn,0.0331,0.006,0.0,0.0971,17
lcm_Latn,0.0331,0.0082,0.0097,0.1359,17
gwi_Latn,0.0331,0.0081,0.0097,0.1068,17
bgz_Latn,0.0331,0.0089,0.0097,0.1359,17
too_Latn,0.0331,0.0074,0.0,0.1068,17
srm_Latn,0.0331,0.0086,0.0097,0.0971,17
cak_Latn,0.0331,0.008,0.0,0.0971,17
hus_Latn,0.0337,0.0084,0.0097,0.1165,17
quc_Latn,0.0337,0.0092,0.0,0.1456,17
pbb_Latn,0.0337,0.0073,0.0,0.1165,17
shp_Latn,0.0337,0.0103,0.0097,0.0971,17
aai_Latn,0.0337,0.0075,0.0,0.1456,17
tbf_Latn,0.0337,0.0104,0.0,0.1068,17
usp_Latn,0.0337,0.0104,0.0097,0.1068,17
sey_Latn,0.0337,0.0069,0.0,0.1165,17
ncl_Latn,0.0337,0.0063,0.0097,0.0971,17
aji_Latn,0.0337,0.0097,0.0,0.1262,17
mnk_Latn,0.0337,0.0063,0.0,0.1748,17
djk_Latn,0.0337,0.0086,0.0,0.1068,17
huv_Latn,0.0337,0.0076,0.0,0.1456,17
twu_Latn,0.0342,0.0108,0.0097,0.1262,17
nfr_Latn,0.0342,0.0119,0.0097,0.1068,17
czt_Latn,0.0343,0.0066,0.0,0.1068,17
lip_Latn,0.0343,0.007,0.0,0.165,17
nct_Latn,0.0343,0.0079,0.0097,0.0971,17
cag_Latn,0.0343,0.0101,0.0097,0.1456,17
sml_Latn,0.0343,0.0059,0.0,0.1359,17
tku_Latn,0.0343,0.0065,0.0097,0.0874,17
bov_Latn,0.0343,0.0078,0.0097,0.1165,17
zaw_Latn,0.0343,0.0119,0.0097,0.1165,17
chd_Latn,0.0343,0.0086,0.0,0.1068,17
bbj_Latn,0.0343,0.011,0.0097,0.1068,17
rmo_Latn,0.0343,0.0117,0.0097,0.1262,17
pmf_Latn,0.0348,0.0067,0.0,0.1262,17
bch_Latn,0.0348,0.0108,0.0097,0.1456,17
zac_Latn,0.0348,0.0115,0.0097,0.0874,17
npy_Latn,0.0348,0.0122,0.0097,0.1262,17
mih_Latn,0.0348,0.0091,0.0097,0.1262,17
eko_Latn,0.0348,0.0093,0.0,0.1845,17
gso_Latn,0.0348,0.01,0.0097,0.1262,17
nbe_Latn,0.0348,0.009,0.0097,0.1359,17
mzk_Latn,0.0348,0.0099,0.0097,0.1359,17
kao_Latn,0.0348,0.0089,0.0097,0.1748,17
tna_Latn,0.0354,0.0096,0.0097,0.1262,17
ivb_Latn,0.0354,0.0083,0.0,0.1359,17
zat_Latn,0.0354,0.009,0.0,0.1262,17
mtj_Latn,0.0354,0.0096,0.0097,0.1165,17
cjp_Latn,0.0354,0.0083,0.0,0.1553,17
mco_Latn,0.0354,0.0061,0.0,0.165,17
pbc_Latn,0.0354,0.0085,0.0097,0.1359,17
mam_Latn,0.0354,0.0089,0.0,0.1359,17
vmy_Latn,0.0354,0.012,0.0097,0.1068,17
rnl_Latn,0.0354,0.009,0.0097,0.1456,17
akp_Latn,0.036,0.0093,0.0097,0.1456,17
dip_Latn,0.036,0.0084,0.0097,0.2136,17
gui_Latn,0.036,0.0114,0.0097,0.1068,17
xtn_Latn,0.036,0.0093,0.0,0.1165,17
tpp_Latn,0.036,0.0075,0.0,0.165,17
kjb_Latn,0.036,0.0108,0.0097,0.0971,17
mig_Latn,0.036,0.0064,0.0,0.165,17
zpu_Latn,0.036,0.0101,0.0,0.1165,17
maf_Latn,0.036,0.0118,0.0,0.1068,17
mwc_Latn,0.0365,0.0107,0.0097,0.1359,17
wro_Latn,0.0365,0.009,0.0097,0.1553,17
aim_Latn,0.0365,0.0089,0.0097,0.1748,17
cux_Latn,0.0365,0.0077,0.0,0.1262,17
ifu_Latn,0.0365,0.011,0.0097,0.0971,17
xtm_Latn,0.0365,0.0098,0.0,0.1068,17
yap_Latn,0.0365,0.01,0.0097,0.1359,17
mpm_Latn,0.0371,0.0106,0.0097,0.1165,17
zpc_Latn,0.0371,0.0096,0.0,0.1165,17
top_Latn,0.0371,0.0057,0.0,0.1845,17
poi_Latn,0.0371,0.0105,0.0097,0.1262,17
kqc_Latn,0.0371,0.0096,0.0097,0.1262,17
yka_Latn,0.0371,0.0077,0.0,0.165,17
aoz_Latn,0.0371,0.0166,0.0097,0.1165,17
mwv_Latn,0.0371,0.0101,0.0097,0.1456,17
cpc_Latn,0.0371,0.01,0.0097,0.1068,17
acr_Latn,0.0371,0.0091,0.0,0.1165,17
hvn_Latn,0.0377,0.0101,0.0097,0.1748,17
izz_Latn,0.0377,0.0076,0.0,0.1553,17
gor_Latn,0.0377,0.0108,0.0097,0.165,17
zga_Latn,0.0377,0.008,0.0,0.233,17
ldi_Latn,0.0377,0.0124,0.0097,0.1748,17
arn_Latn,0.0382,0.0097,0.0097,0.1262,17
cpb_Latn,0.0382,0.0108,0.0097,0.1262,17
ngc_Latn,0.0382,0.0114,0.0097,0.1262,17
cpu_Latn,0.0382,0.0098,0.0097,0.1359,17
ubr_Latn,0.0383,0.0121,0.0097,0.1359,17
sbl_Latn,0.0383,0.0076,0.0,0.1456,17
wsk_Latn,0.0383,0.0097,0.0097,0.165,17
aca_Latn,0.0383,0.0084,0.0,0.165,17
gyr_Latn,0.0383,0.0106,0.0097,0.0874,17
cac_Latn,0.0383,0.0106,0.0097,0.1068,17
mca_Latn,0.0383,0.0055,0.0,0.1456,17
bci_Latn,0.0383,0.0105,0.0097,0.1262,17
alj_Latn,0.0383,0.0118,0.0097,0.1262,17
nhi_Latn,0.0388,0.0115,0.0097,0.1359,17
mbs_Latn,0.0388,0.0091,0.0097,0.1845,17
gya_Latn,0.0388,0.0107,0.0097,0.1845,17
rai_Latn,0.0388,0.0106,0.0,0.1262,17
yua_Latn,0.0388,0.0118,0.0097,0.1068,17
mfy_Latn,0.0388,0.0085,0.0,0.1262,17
pps_Latn,0.0388,0.0085,0.0,0.1748,17
dks_Latn,0.0388,0.0094,0.0097,0.2039,17
mkj_Latn,0.0394,0.0146,0.0097,0.0971,17
mib_Latn,0.0394,0.0095,0.0097,0.1845,17
whk_Latn,0.0394,0.0101,0.0,0.1553,17
cax_Latn,0.0394,0.0108,0.0097,0.1068,17
eza_Latn,0.0394,0.0083,0.0,0.2233,17
kzf_Latn,0.0394,0.0101,0.0,0.1845,17
mej_Latn,0.04,0.0106,0.0097,0.1262,17
mie_Latn,0.04,0.0101,0.0097,0.165,17
ifa_Latn,0.04,0.0138,0.0097,0.1359,17
dje_Latn,0.04,0.0125,0.0097,0.1553,17
pio_Latn,0.04,0.0067,0.0,0.1165,17
mmn_Latn,0.04,0.0096,0.0,0.1845,17
fal_Latn,0.04,0.0145,0.0097,0.165,17
are_Latn,0.04,0.0124,0.0097,0.0971,17
bnp_Latn,0.04,0.0133,0.0194,0.1262,17
mit_Latn,0.04,0.0085,0.0097,0.1845,17
bba_Latn,0.04,0.0133,0.0097,0.3107,17
yan_Latn,0.04,0.0127,0.0097,0.1748,17
ztq_Latn,0.0405,0.0092,0.0,0.1748,17
oji_Latn,0.0405,0.0122,0.0194,0.1553,17
tcz_Latn,0.0405,0.0128,0.0097,0.1456,17
zos_Latn,0.0405,0.007,0.0,0.1456,17
chk_Latn,0.0405,0.0132,0.0097,0.2233,17
gup_Latn,0.0405,0.0088,0.0097,0.1359,17
ptu_Latn,0.0405,0.0114,0.0097,0.1456,17
syb_Latn,0.0405,0.0119,0.0097,0.1359,17
swp_Latn,0.0405,0.015,0.0097,0.1553,17
due_Latn,0.0405,0.0124,0.0097,0.1553,17
nri_Latn,0.0405,0.0108,0.0097,0.1553,17
bgt_Latn,0.0405,0.0121,0.0097,0.1456,17
zpl_Latn,0.0411,0.012,0.0097,0.1165,17
inb_Latn,0.0411,0.0111,0.0,0.2816,17
zab_Latn,0.0411,0.0134,0.0097,0.1262,17
sxn_Latn,0.0411,0.0091,0.0,0.1845,17
mqy_Latn,0.0411,0.0131,0.0097,0.1553,17
tzj_Latn,0.0411,0.0091,0.0,0.1456,17
agw_Latn,0.0411,0.0122,0.0097,0.1748,17
pne_Latn,0.0411,0.0119,0.0097,0.1262,17
ksc_Latn,0.0411,0.0165,0.0194,0.1262,17
esu_Latn,0.0411,0.0109,0.0097,0.1359,17
nhg_Latn,0.0417,0.0123,0.0097,0.1553,17
kha_Latn,0.0417,0.0097,0.0097,0.1165,17
qvz_Latn,0.0417,0.0095,0.0097,0.2233,17
mua_Latn,0.0417,0.0099,0.0,0.1942,17
kdi_Latn,0.0417,0.0101,0.0,0.2233,17
mzh_Latn,0.0417,0.0108,0.0097,0.1262,17
mas_Latn,0.0417,0.0134,0.0194,0.1456,17
nim_Latn,0.0422,0.0106,0.0,0.2621,17
nmf_Latn,0.0423,0.0118,0.0,0.2039,17
biu_Latn,0.0423,0.0113,0.0097,0.2233,17
rub_Latn,0.0423,0.0091,0.0,0.3398,17
zpt_Latn,0.0428,0.0112,0.0097,0.1553,17
plw_Latn,0.0428,0.0096,0.0097,0.1165,17
gvn_Latn,0.0428,0.0096,0.0,0.1262,17
ppk_Latn,0.0428,0.0143,0.0194,0.1359,17
mnb_Latn,0.0428,0.013,0.0097,0.1553,17
cnw_Latn,0.0428,0.0122,0.0097,0.1359,17
kus_Latn,0.0428,0.0138,0.0194,0.1165,17
bim_Latn,0.0428,0.015,0.0097,0.2427,17
vun_Latn,0.0434,0.0098,0.0,0.2524,17
tlj_Latn,0.0434,0.0064,0.0,0.3689,17
nus_Latn,0.0434,0.0066,0.0,0.6214,17
teo_Latn,0.0434,0.0156,0.0097,0.165,17
wbi_Latn,0.0434,0.0092,0.0,0.301,17
tbk_Latn,0.0434,0.0083,0.0,0.2039,17
dif_Latn,0.0434,0.0129,0.0097,0.1553,17
isd_Latn,0.0434,0.0142,0.0097,0.1942,17
nwx_Deva,0.044,0.0079,0.0,0.2039,17
hns_Latn,0.044,0.0119,0.0,0.0971,17
ify_Latn,0.0445,0.0143,0.0097,0.1262,17
syc_Syrc,0.0445,0.0109,0.0,0.2816,17
caa_Latn,0.0445,0.0099,0.0,0.1553,17
gnb_Latn,0.0445,0.009,0.0,0.2913,17
ton_Latn,0.0445,0.0099,0.0,0.2039,17
lew_Latn,0.0445,0.0124,0.0097,0.1942,17
mog_Latn,0.0445,0.0112,0.0097,0.1942,17
nsu_Latn,0.0445,0.015,0.0194,0.1456,17
nki_Latn,0.0451,0.0129,0.0097,0.1359,17
ewo_Latn,0.0451,0.0152,0.0194,0.1553,17
mug_Latn,0.0451,0.0107,0.0097,0.1942,17
chf_Latn,0.0451,0.0119,0.0097,0.1262,17
bgs_Latn,0.0451,0.0113,0.0097,0.2136,17
bhp_Latn,0.0451,0.0118,0.0097,0.2136,17
sda_Latn,0.0451,0.0149,0.0194,0.1942,17
niq_Latn,0.0451,0.0134,0.0097,0.1845,17
tke_Latn,0.0451,0.0132,0.0,0.165,17
myv_Cyrl,0.0451,0.0118,0.0,0.1262,17
qvc_Latn,0.0457,0.0085,0.0,0.3981,17
mhi_Latn,0.0457,0.016,0.0194,0.1553,17
ifb_Latn,0.0457,0.0133,0.0,0.1553,17
wiv_Latn,0.0457,0.0159,0.0097,0.1068,17
old_Latn,0.0462,0.0124,0.0097,0.233,17
kmk_Latn,0.0462,0.0146,0.0097,0.165,17
gom_Latn,0.0468,0.0141,0.0097,0.2136,17
kpv_Cyrl,0.0468,0.0121,0.0,0.165,17
nnq_Latn,0.0468,0.0125,0.0,0.2524,17
fuf_Latn,0.0474,0.0092,0.0,0.4078,17
bum_Latn,0.0474,0.017,0.0097,0.2039,17
vap_Latn,0.0474,0.0122,0.0,0.2136,17
nhx_Latn,0.0474,0.0115,0.0,0.1553,17
ncj_Latn,0.0474,0.0139,0.0097,0.1359,17
cha_Latn,0.0474,0.0156,0.0097,0.1165,17
mrw_Latn,0.0474,0.0118,0.0,0.2233,17
blz_Latn,0.0474,0.0164,0.0194,0.1262,17
gdg_Latn,0.0474,0.0152,0.0097,0.165,17
gej_Latn,0.0474,0.0135,0.0097,0.2913,17
miq_Latn,0.0474,0.0162,0.0097,0.2816,17
isn_Latn,0.0479,0.0158,0.0097,0.2621,17
gun_Latn,0.048,0.0138,0.0194,0.1456,17
smt_Latn,0.048,0.011,0.0097,0.2039,17
ifk_Latn,0.0485,0.0171,0.0194,0.1456,17
wuv_Latn,0.0485,0.0168,0.0097,0.1845,17
tih_Latn,0.0485,0.0164,0.0097,0.1942,17
uli_Latn,0.0485,0.0118,0.0097,0.1748,17
kbp_Latn,0.0485,0.009,0.0,0.4854,17
wbm_Latn,0.0491,0.015,0.0,0.5243,17
tzh_Latn,0.0491,0.0138,0.0097,0.1748,17
iry_Latn,0.0491,0.0169,0.0097,0.233,17
msm_Latn,0.0491,0.0115,0.0097,0.1748,17
ebk_Latn,0.0491,0.0161,0.0194,0.165,17
ghe_Deva,0.0497,0.008,0.0,0.2233,17
ndj_Latn,0.0497,0.0142,0.0,0.2816,17
pls_Latn,0.0497,0.0147,0.0097,0.165,17
prk_Latn,0.0497,0.0149,0.0,0.5243,17
qxl_Latn,0.0497,0.0117,0.0,0.301,17
kde_Latn,0.0497,0.013,0.0097,0.2816,17
mqj_Latn,0.0502,0.0154,0.0194,0.2039,17
kmm_Latn,0.0502,0.013,0.0097,0.2427,17
mcn_Latn,0.0508,0.0153,0.0097,0.2427,17
yao_Latn,0.0508,0.0125,0.0,0.2427,17
ivv_Latn,0.0508,0.013,0.0097,0.1942,17
tcs_Latn,0.0508,0.0123,0.0,0.1359,17
mak_Latn,0.0508,0.0098,0.0,0.2524,17
jmc_Latn,0.0508,0.0112,0.0,0.2913,17
reg_Latn,0.0514,0.0135,0.0,0.2816,17
laj_Latn,0.0514,0.0148,0.0097,0.3883,17
yom_Latn,0.0514,0.0139,0.0,0.233,17
mvp_Latn,0.0514,0.015,0.0194,0.1942,17
giz_Latn,0.0519,0.0162,0.0097,0.2621,17
rim_Latn,0.0519,0.0136,0.0097,0.2621,17
mah_Latn,0.0519,0.0178,0.0194,0.2427,17
nhy_Latn,0.052,0.0163,0.0194,0.2039,17
nlg_Latn,0.052,0.016,0.0097,0.1456,17
kia_Latn,0.052,0.0161,0.0097,0.2816,17
qvn_Latn,0.0525,0.0145,0.0097,0.301,17
kqe_Latn,0.0531,0.0151,0.0,0.2524,17
xnn_Latn,0.0531,0.0165,0.0097,0.1845,17
tgp_Latn,0.0531,0.02,0.0194,0.1748,17
mgw_Latn,0.0537,0.016,0.0,0.2913,17
qvs_Latn,0.0537,0.0112,0.0,0.3495,17
qvm_Latn,0.0537,0.0147,0.0097,0.2039,17
qxh_Latn,0.0542,0.0147,0.0097,0.3204,17
rmc_Latn,0.0542,0.0182,0.0194,0.165,17
sgb_Latn,0.0543,0.0126,0.0,0.2233,17
msk_Latn,0.0543,0.0139,0.0097,0.1553,17
poy_Latn,0.0548,0.0152,0.0097,0.2524,17
bkd_Latn,0.0548,0.0152,0.0097,0.2621,17
suk_Latn,0.0548,0.0128,0.0,0.3107,17
sbk_Latn,0.0548,0.0179,0.0097,0.2621,17
shu_Latn,0.0554,0.0164,0.0097,0.233,17
adh_Latn,0.0554,0.014,0.0097,0.4078,17
pck_Latn,0.0559,0.0163,0.0097,0.165,17
heh_Latn,0.056,0.0157,0.0097,0.3107,17
ffm_Latn,0.0565,0.0127,0.0,0.5049,17
kac_Latn,0.0565,0.0107,0.0,0.5728,17
toh_Latn,0.0565,0.0153,0.0097,0.2621,17
zai_Latn,0.0565,0.0194,0.0194,0.165,17
ctd_Latn,0.0565,0.0159,0.0097,0.3204,17
lbk_Latn,0.0565,0.0185,0.0194,0.1845,17
oss_Cyrl,0.0571,0.0148,0.0,0.3204,17
myx_Latn,0.0571,0.0136,0.0097,0.3592,17
lgm_Latn,0.0571,0.0165,0.0097,0.3689,17
sbs_Latn,0.0571,0.0166,0.0,0.3204,17
tuk_Arab,0.0571,0.0101,0.0,0.3786,17
qxo_Latn,0.0577,0.0122,0.0,0.3204,17
tsg_Latn,0.0582,0.0114,0.0,0.2427,17
ngu_Latn,0.0582,0.0158,0.0097,0.2039,17
rmn_Latn,0.0583,0.0208,0.0097,0.2136,17
kne_Latn,0.0588,0.0184,0.0194,0.2233,17
zaa_Latn,0.0594,0.015,0.0097,0.1942,17
qvh_Latn,0.0594,0.0153,0.0097,0.2621,17
qvi_Latn,0.0594,0.0133,0.0,0.3689,17
sme_Latn,0.0599,0.0176,0.0097,0.2621,17
lsm_Latn,0.0599,0.0139,0.0097,0.3981,17
mos_Latn,0.06,0.014,0.0,0.5437,17
bmb_Latn,0.0605,0.0155,0.0097,0.4078,17
sxb_Latn,0.0605,0.0133,0.0097,0.4175,17
mad_Latn,0.0605,0.0201,0.0097,0.2039,17
nho_Latn,0.0611,0.0174,0.0097,0.2039,17
glv_Latn,0.0611,0.0203,0.0194,0.2718,17
sop_Latn,0.0611,0.0158,0.0,0.466,17
guz_Latn,0.0611,0.0169,0.0097,0.3495,17
beq_Latn,0.0611,0.0154,0.0097,0.4175,17
itv_Latn,0.0611,0.0144,0.0,0.2136,17
agn_Latn,0.0617,0.017,0.0097,0.2039,17
hra_Latn,0.0617,0.0173,0.0097,0.301,17
qup_Latn,0.0617,0.0125,0.0,0.4757,17
quf_Latn,0.0617,0.0145,0.0097,0.4272,17
ngp_Latn,0.0617,0.0189,0.0097,0.3301,17
dhm_Latn,0.0622,0.0153,0.0097,0.4078,17
rup_Latn,0.0622,0.0197,0.0097,0.3204,17
smk_Latn,0.0622,0.0147,0.0097,0.2621,17
npl_Latn,0.0622,0.0191,0.0194,0.2427,17
dgc_Latn,0.0623,0.0193,0.0097,0.2427,17
meu_Latn,0.0628,0.0217,0.0097,0.4757,17
gaa_Latn,0.0639,0.0202,0.0097,0.3301,17
kab_Latn,0.0639,0.0138,0.0,0.7282,17
ruf_Latn,0.0639,0.0195,0.0097,0.3495,17
bgr_Latn,0.0639,0.0124,0.0,0.4951,17
xsb_Latn,0.0645,0.0178,0.0097,0.2427,17
vid_Latn,0.0657,0.017,0.0097,0.3689,17
kpg_Latn,0.0657,0.0194,0.0097,0.301,17
csy_Latn,0.0657,0.017,0.0,0.3301,17
alz_Latn,0.0668,0.0196,0.0194,0.3107,17
ndo_Latn,0.0668,0.0191,0.0097,0.3204,17
cnh_Latn,0.0668,0.0173,0.0097,0.3301,17
hmo_Latn,0.0668,0.0162,0.0097,0.4369,17
fuh_Latn,0.0668,0.0152,0.0,0.6311,17
zom_Latn,0.0674,0.0186,0.0097,0.3204,17
qwh_Latn,0.0674,0.0174,0.0097,0.3689,17
hmr_Latn,0.0674,0.0143,0.0,0.5049,17
rmy_Latn,0.068,0.0263,0.0194,0.2913,17
qxn_Latn,0.068,0.0167,0.0097,0.4175,17
ksb_Latn,0.0685,0.0203,0.0097,0.3689,17
btd_Latn,0.0685,0.0193,0.0097,0.2816,17
fuq_Latn,0.0685,0.0142,0.0,0.6311,17
ziw_Latn,0.0691,0.0207,0.0,0.3398,17
dyu_Latn,0.0691,0.0168,0.0,0.6505,17
ach_Latn,0.0697,0.0192,0.0,0.5728,17
cor_Latn,0.0697,0.0226,0.0194,0.2913,17
qub_Latn,0.0702,0.0182,0.0097,0.3204,17
zaj_Latn,0.0702,0.023,0.0,0.3786,17
fon_Latn,0.0708,0.0115,0.0,0.8544,17
mhr_Cyrl,0.0708,0.0197,0.0,0.3495,17
qva_Latn,0.0708,0.0184,0.0097,0.3786,17
ikk_Latn,0.0714,0.0174,0.0,0.3592,17
qvo_Latn,0.0725,0.0203,0.0097,0.4175,17
prf_Latn,0.0731,0.0265,0.0194,0.301,17
kng_Latn,0.0731,0.0202,0.0,0.5243,17
qug_Latn,0.0737,0.0192,0.0097,0.4272,17
bth_Latn,0.0742,0.0239,0.0194,0.2524,17
pkb_Latn,0.0754,0.0222,0.0097,0.4272,17
cgc_Latn,0.0754,0.0199,0.0097,0.301,17
cfm_Latn,0.0754,0.0193,0.0097,0.3689,17
kki_Latn,0.0765,0.023,0.0097,0.4272,17
lai_Latn,0.0765,0.0232,0.0,0.466,17
fuv_Latn,0.0765,0.0174,0.0,0.7184,17
nnb_Latn,0.0765,0.0168,0.0,0.4175,17
abx_Latn,0.0771,0.0191,0.0097,0.3495,17
hnj_Latn,0.0771,0.0264,0.0,0.7767,17
ayr_Latn,0.0771,0.0181,0.0097,0.4854,17
ewe_Latn,0.0771,0.0152,0.0,0.7573,17
aym_Latn,0.0777,0.0192,0.0097,0.4466,17
sah_Cyrl,0.0782,0.0217,0.0,0.3689,17
akb_Latn,0.0788,0.0218,0.0097,0.3204,17
bug_Latn,0.0794,0.0177,0.0097,0.6796,17
nyf_Latn,0.0794,0.0198,0.0097,0.4369,17
ksd_Latn,0.0794,0.0299,0.0194,0.4854,17
pis_Latn,0.0799,0.0244,0.0097,0.2039,17
tdt_Latn,0.08,0.0258,0.0097,0.3592,17
lam_Latn,0.0805,0.0173,0.0,0.5437,17
gog_Latn,0.0811,0.0228,0.0,0.5049,17
got_Latn,0.0811,0.0278,0.0097,0.3398,17
guw_Latn,0.0811,0.0274,0.0,0.6019,17
fub_Latn,0.0811,0.02,0.0097,0.6699,17
hae_Latn,0.0817,0.0176,0.0,0.8058,17
kjh_Cyrl,0.0817,0.019,0.0,0.3495,17
cwe_Latn,0.0817,0.0248,0.0,0.466,17
leh_Latn,0.0822,0.0234,0.0097,0.466,17
dug_Latn,0.0834,0.0222,0.0097,0.4757,17
nij_Latn,0.0839,0.0242,0.0194,0.3204,17
sas_Latn,0.084,0.0252,0.0097,0.3398,17
mck_Latn,0.0845,0.0227,0.0097,0.5243,17
loz_Latn,0.0851,0.0272,0.0194,0.4466,17
luo_Latn,0.0851,0.026,0.0097,0.7282,17
qxr_Latn,0.0857,0.02,0.0,0.534,17
bbc_Latn,0.0868,0.028,0.0194,0.4757,17
chv_Cyrl,0.0868,0.0242,0.0,0.4466,17
kdc_Latn,0.0868,0.0254,0.0,0.4951,17
bxr_Cyrl,0.0874,0.0187,0.0,0.466,17
kri_Latn,0.0879,0.0272,0.0097,0.3883,17
kck_Latn,0.0879,0.0275,0.0097,0.534,17
hnn_Latn,0.0891,0.0259,0.0097,0.3689,17
pdc_Latn,0.0902,0.0287,0.0194,0.301,17
cce_Latn,0.0908,0.0229,0.0097,0.5534,17
sag_Latn,0.0914,0.0231,0.0097,0.699,17
wol_Latn,0.0914,0.0253,0.0097,0.7087,17
bam_Latn,0.0919,0.0237,0.0097,0.7961,17
mhy_Latn,0.0919,0.0322,0.0194,0.3592,17
dov_Latn,0.0919,0.0282,0.0,0.5728,17
wmw_Latn,0.0925,0.0305,0.0097,0.5146,17
kik_Latn,0.0931,0.0214,0.0,0.8641,17
ven_Latn,0.0931,0.0243,0.0097,0.7087,17
efi_Latn,0.0942,0.0298,0.0194,0.5243,17
kiz_Latn,0.0942,0.026,0.0097,0.6117,17
fij_Latn,0.0942,0.0199,0.0,0.9126,17
mgr_Latn,0.0959,0.0289,0.0,0.6117,17
qve_Latn,0.0965,0.0203,0.0,0.6602,17
quw_Latn,0.0971,0.0296,0.0097,0.5534,17
kua_Latn,0.0976,0.0267,0.0097,0.5825,17
bts_Latn,0.0988,0.0322,0.0194,0.5825,17
ndg_Latn,0.0994,0.0328,0.0097,0.5534,17
gug_Latn,0.0994,0.0256,0.0194,0.7573,17
rmq_Latn,0.0994,0.0389,0.0388,0.3204,17
nhd_Latn,0.1005,0.026,0.0194,0.767,17
mww_Latn,0.1011,0.0399,0.0,0.9126,17
ace_Latn,0.1022,0.0272,0.0097,0.699,17
ban_Latn,0.1045,0.0273,0.0097,0.6311,17
btx_Latn,0.1045,0.036,0.0291,0.3398,17
lus_Latn,0.1051,0.0235,0.0,0.8544,17
qul_Latn,0.1056,0.0282,0.0097,0.6505,17
tyv_Cyrl,0.1068,0.0252,0.0,0.5049,17
bre_Latn,0.1074,0.0349,0.0194,0.3883,17
tir_Ethi,0.1091,0.0265,0.0,0.9223,17
pam_Latn,0.1091,0.0372,0.0194,0.3786,17
dig_Latn,0.1108,0.0371,0.0097,0.6019,17
ktu_Latn,0.1131,0.0351,0.0,0.8835,17
hay_Latn,0.1131,0.0386,0.0097,0.6796,17
ckb_Arab,0.1136,0.0303,0.0097,0.8641,17
nds_Latn,0.1148,0.04,0.0291,0.3981,17
toi_Latn,0.1148,0.04,0.0097,0.5922,17
nse_Latn,0.1159,0.0367,0.0097,0.6117,17
bis_Latn,0.1165,0.0315,0.0097,0.2816,17
quy_Latn,0.1165,0.032,0.0194,0.7184,17
uig_Latn,0.1176,0.0289,0.0097,0.5243,17
ary_Arab,0.1176,0.0297,0.0,0.3883,17
gag_Cyrl,0.1176,0.0374,0.0097,0.4272,17
srn_Latn,0.1188,0.0463,0.0194,0.5922,17
nyo_Latn,0.1216,0.0377,0.0,0.7379,17
twi_Latn,0.1233,0.0367,0.0097,0.9417,17
nyn_Latn,0.1239,0.0377,0.0097,0.7864,17
bzj_Latn,0.1245,0.0417,0.0097,0.3981,17
tso_Latn,0.1251,0.035,0.0097,0.9417,17
pse_Latn,0.1285,0.0396,0.0194,0.4854,17
swk_Latn,0.1296,0.0447,0.0097,0.6699,17
jam_Latn,0.1302,0.0447,0.0097,0.4951,17
quh_Latn,0.1302,0.0364,0.0194,0.767,17
seh_Latn,0.1302,0.0406,0.0097,0.6699,17
quz_Latn,0.1336,0.0339,0.0097,0.8447,17
pag_Latn,0.1348,0.0417,0.0194,0.8058,17
bem_Latn,0.1348,0.0476,0.0097,0.7864,17
kum_Cyrl,0.1348,0.0384,0.0,0.699,17
eus_Latn,0.1353,0.046,0.0097,0.8641,17
kaa_Latn,0.1359,0.0346,0.0097,0.4854,17
lin_Latn,0.1365,0.0424,0.0097,0.9417,17
min_Latn,0.1365,0.0401,0.0194,0.6019,17
hif_Latn,0.1371,0.0417,0.0097,0.5049,17
aze_Cyrl,0.1382,0.0371,0.0,0.6893,17
nyu_Latn,0.1411,0.0428,0.0097,0.8447,17
stq_Latn,0.1439,0.0488,0.0194,0.5243,17
rar_Latn,0.1456,0.0509,0.0,0.835,17
lug_Latn,0.1456,0.0424,0.0097,0.9709,17
urd_Latn,0.1456,0.0462,0.0097,0.534,17
hin_Latn,0.1473,0.0431,0.0097,0.3786,17
alt_Cyrl,0.1473,0.0471,0.0,0.6214,17
uig_Cyrl,0.1496,0.0326,0.0,0.7282,17
pdt_Latn,0.1525,0.0574,0.0194,0.6699,17
acf_Latn,0.1536,0.0499,0.0097,0.6602,17
tum_Latn,0.1536,0.0511,0.0097,0.8641,17
ljp_Latn,0.1548,0.053,0.0291,0.5534,17
ssw_Latn,0.1565,0.0539,0.0097,0.8155,17
clu_Latn,0.1588,0.0511,0.0194,0.5728,17
yor_Latn,0.1599,0.0505,0.0,0.9709,17
ndc_Latn,0.161,0.0632,0.0097,0.9223,17
ilo_Latn,0.1616,0.0455,0.0194,0.7573,17
aeb_Arab,0.1662,0.046,0.0,0.6505,17
msa_Latn,0.1685,0.0474,0.0291,0.699,17
icr_Latn,0.1685,0.0569,0.0291,0.3495,17
tpi_Latn,0.173,0.0488,0.0097,0.835,17
kin_Latn,0.173,0.0682,0.0,0.9417,17
tsn_Latn,0.1753,0.0676,0.0194,0.9709,17
nde_Latn,0.1776,0.0665,0.0097,0.8932,17
nbl_Latn,0.1776,0.0665,0.0097,0.8932,17
tuk_Cyrl,0.1782,0.0559,0.0194,0.699,17
nso_Latn,0.1793,0.0649,0.0097,0.9417,17
smo_Latn,0.1799,0.0622,0.0097,0.9806,17
ibo_Latn,0.1822,0.0653,0.0097,0.9709,17
bar_Latn,0.1839,0.0641,0.0291,0.5437,17
run_Latn,0.185,0.0716,0.0097,0.9612,17
iba_Latn,0.1856,0.0615,0.0194,0.6311,17
nya_Latn,0.1867,0.0752,0.0097,0.9515,17
sot_Latn,0.1873,0.0782,0.0097,0.9612,17
nog_Cyrl,0.1919,0.0602,0.0097,0.8544,17
xho_Latn,0.193,0.0786,0.0097,0.9709,17
sna_Latn,0.193,0.0775,0.0097,0.9903,17
mfe_Latn,0.1947,0.0753,0.0097,0.8544,17
som_Latn,0.1965,0.0789,0.0,1.0,17
krc_Cyrl,0.1976,0.0606,0.0097,0.7767,17
crh_Cyrl,0.1987,0.0613,0.0,0.699,17
crs_Latn,0.1993,0.0772,0.0194,0.8641,17
hau_Latn,0.2016,0.08,0.0097,0.9806,17
bak_Cyrl,0.2039,0.056,0.0,0.9417,17
zul_Latn,0.2067,0.0853,0.0097,0.9806,17
san_Deva,0.2079,0.0573,0.0097,0.699,17
mri_Latn,0.2102,0.0772,0.0,0.9903,17
sin_Sinh,0.2113,0.0776,0.0,1.0,17
tlh_Latn,0.2119,0.0638,0.0388,0.7379,17
plt_Latn,0.2125,0.0859,0.0097,0.9806,17
tuk_Latn,0.213,0.0732,0.0,0.932,17
sun_Latn,0.2136,0.08,0.0291,0.835,17
mya_Mymr,0.2165,0.0623,0.0,0.9709,17
tat_Cyrl,0.2216,0.0715,0.0,0.9223,17
jvn_Latn,0.2239,0.075,0.0194,0.7767,17
uig_Arab,0.2244,0.075,0.0097,0.9612,17
awa_Deva,0.2267,0.0631,0.0097,0.9806,17
amh_Ethi,0.2296,0.0953,0.0,1.0,17
msb_Latn,0.2319,0.0803,0.0194,0.8544,17
krj_Latn,0.2416,0.0795,0.0194,0.7476,17
hne_Deva,0.2433,0.0703,0.0097,0.9806,17
war_Latn,0.245,0.0807,0.0194,0.8835,17
khm_Khmr,0.245,0.0777,0.0,0.9612,17
jav_Latn,0.2484,0.0996,0.0194,0.9417,17
bcl_Latn,0.2496,0.0882,0.0388,0.6117,17
mai_Deva,0.2558,0.0749,0.0097,0.9709,17
mlt_Latn,0.2593,0.1001,0.0194,0.932,17
gla_Latn,0.2598,0.1039,0.0097,1.0,17
uzb_Cyrl,0.2633,0.0899,0.0,0.9417,17
pap_Latn,0.2718,0.105,0.0291,0.9417,17
hat_Latn,0.2736,0.106,0.0097,0.9709,17
pcm_Latn,0.2781,0.1105,0.0583,0.6117,17
kaa_Cyrl,0.2787,0.0978,0.0097,0.9417,17
tgk_Cyrl,0.2867,0.1125,0.0,0.9806,17
kir_Cyrl,0.2901,0.1102,0.0,0.9806,17
kmr_Latn,0.2901,0.1151,0.0097,0.9515,17
gle_Latn,0.2907,0.1147,0.0,0.9709,17
snd_Arab,0.2987,0.1114,0.0,0.9515,17
gul_Latn,0.2998,0.1172,0.068,0.6117,17
asm_Beng,0.301,0.0961,0.0194,0.9417,17
fry_Latn,0.3038,0.1271,0.0291,1.0,17
gag_Latn,0.3055,0.1202,0.0485,0.8641,17
nep_Deva,0.3084,0.1118,0.0,0.9029,17
kan_Knda,0.3124,0.1062,0.0,0.9806,17
tel_Telu,0.3147,0.1139,0.0097,0.9515,17
zsm_Latn,0.3164,0.1018,0.068,0.8835,17
pan_Guru,0.3193,0.12,0.0,0.9806,17
uzb_Latn,0.3221,0.1143,0.0097,0.9806,17
ory_Orya,0.3284,0.1282,0.0,1.0,17
sco_Latn,0.3358,0.1325,0.0485,0.7767,17
mal_Mlym,0.3369,0.1172,0.0,0.9612,17
tam_Taml,0.3409,0.1145,0.0097,0.9612,17
cym_Latn,0.3478,0.145,0.0194,1.0,17
kaz_Cyrl,0.3489,0.1313,0.0194,0.9612,17
ceb_Latn,0.3541,0.1311,0.0485,0.8932,17
hil_Latn,0.3558,0.1328,0.0291,0.9515,17
swg_Latn,0.3558,0.1379,0.0583,0.8641,17
npi_Deva,0.3581,0.1301,0.0097,0.9417,17
guj_Gujr,0.3655,0.1403,0.0097,0.9029,17
swh_Latn,0.3666,0.1578,0.0097,0.9806,17
kat_Geor,0.3826,0.1672,0.0097,1.0,17
cbk_Latn,0.3866,0.1503,0.1165,0.767,17
urd_Arab,0.4106,0.1511,0.0388,0.9709,17
ben_Beng,0.4106,0.1577,0.0388,0.9903,17
urd_Deva,0.4135,0.1588,0.0388,0.9223,17
mar_Deva,0.4283,0.1786,0.0097,0.9806,17
hye_Armn,0.4289,0.1867,0.0194,0.9806,17
fao_Latn,0.43,0.1787,0.0485,0.9806,17
mbf_Latn,0.4369,0.1807,0.1359,0.9515,17
lzh_Hani,0.438,0.1686,0.0485,0.8835,17
azb_Latn,0.4517,0.189,0.0194,0.9806,17
mwl_Latn,0.4626,0.2042,0.165,0.9515,17
arz_Arab,0.4655,0.1804,0.0,0.9612,17
tha_Thai,0.4677,0.146,0.0777,0.9806,17
fil_Latn,0.4712,0.1983,0.0583,0.9417,17
aze_Latn,0.4803,0.2074,0.0291,0.9903,17
hwc_Latn,0.4831,0.2217,0.1553,0.8641,17
heb_Hebr,0.4911,0.219,0.1262,0.835,17
hak_Hani,0.4929,0.2151,0.1553,0.8835,17
isl_Latn,0.494,0.2235,0.0485,0.9515,17
arb_Arab,0.4963,0.1981,0.0194,0.9417,17
sqi_Latn,0.5151,0.2425,0.0485,1.0,17
tgl_Latn,0.5214,0.2231,0.0485,1.0,17
est_Latn,0.5226,0.2347,0.0291,0.9709,17
aln_Latn,0.5231,0.2447,0.0388,1.0,17
nno_Latn,0.5357,0.2513,0.165,0.9417,17
hin_Deva,0.5385,0.2288,0.0485,0.9806,17
prs_Arab,0.5563,0.2577,0.1165,0.9612,17
pes_Arab,0.5568,0.2577,0.1165,0.9612,17
tur_Latn,0.5574,0.2443,0.1748,0.9903,17
lav_Latn,0.5608,0.2478,0.068,0.9709,17
lit_Latn,0.5734,0.2655,0.0485,0.9806,17
fin_Latn,0.6054,0.2946,0.1068,0.9903,17
bel_Cyrl,0.6117,0.2906,0.0971,1.0,17
zho_Hani,0.6117,0.2792,0.1068,0.9806,17
epo_Latn,0.6122,0.3066,0.0388,1.0,17
deu_Latn,0.6293,0.3205,0.2136,0.932,17
ell_Grek,0.6391,0.2945,0.0874,0.9903,17
hrv_Latn,0.6396,0.3099,0.165,1.0,17
kor_Hang,0.6436,0.3018,0.233,0.9903,17
slv_Latn,0.6436,0.2964,0.1165,0.9903,17
hun_Latn,0.6602,0.3198,0.0971,1.0,17
slk_Latn,0.6631,0.3209,0.1942,0.9903,17
chu_Cyrl,0.6636,0.3529,0.2233,1.0,17
enm_Latn,0.6813,0.4295,0.3592,0.9126,17
srp_Cyrl,0.6825,0.3342,0.1845,0.9709,17
vie_Latn,0.699,0.3695,0.3592,0.9709,17
srp_Latn,0.711,0.3525,0.2816,1.0,17
zlm_Latn,0.7167,0.3456,0.4078,0.9806,17
mkd_Cyrl,0.7304,0.3559,0.2427,0.9806,17
ron_Latn,0.731,0.3475,0.301,0.9806,17
cat_Latn,0.7447,0.3873,0.4563,0.9903,17
pol_Latn,0.7504,0.3858,0.3689,1.0,17
ces_Latn,0.7516,0.3867,0.3107,1.0,17
ukr_Cyrl,0.7561,0.3894,0.3398,1.0,17
swe_Latn,0.7653,0.4026,0.4466,0.9903,17
spa_Latn,0.7733,0.4505,0.5049,0.9903,17
afr_Latn,0.7778,0.4201,0.2621,1.0,17
cmn_Hani,0.7819,0.435,0.3495,0.9806,17
bul_Cyrl,0.7967,0.4304,0.3495,1.0,17
lat_Latn,0.7984,0.4485,0.301,1.0,17
nob_Latn,0.8144,0.4847,0.3883,1.0,17
dan_Latn,0.8167,0.4709,0.4466,1.0,17
ind_Latn,0.8178,0.4398,0.6019,1.0,17
por_Latn,0.8384,0.4886,0.6893,1.0,17
rus_Cyrl,0.8567,0.5175,0.6408,1.0,17
ita_Latn,0.8698,0.5281,0.6602,0.9903,17
fra_Latn,0.8698,0.5208,0.6602,0.9903,17
nld_Latn,0.8772,0.5315,0.5534,1.0,17
